Date,Bullish,Neutral,Bearish,BullBearSpread
1987-07-24,36.0000,50.0000,14.0000,22.0000
1987-07-31,26.0000,48.0000,26.0000,0.0000
1987-08-07,56.0000,15.0000,29.0000,27.0000
1987-08-14,45.0000,35.0000,20.0000,25.0000
1987-08-21,66.0000,28.0000,6.0000,60.0000
1987-08-28,52.0000,18.0000,30.0000,22.0000
1987-09-04,42.0000,17.0000,41.0000,1.0000
1987-09-11,50.0000,23.0000,27.0000,23.0000
1987-09-18,60.0000,29.0000,11.0000,49.0000
1987-09-25,53.0000,17.0000,30.0000,23.0000
1987-10-02,44.0000,26.0000,30.0000,14.0000
1987-10-09,46.0000,39.0000,15.0000,31.0000
1987-10-16,37.0000,30.0000,33.0000,4.0000
1987-10-23,39.0000,30.0000,31.0000,8.0000
1987-10-30,44.0000,23.0000,33.0000,11.0000
1987-11-06,47.0000,31.0000,22.0000,25.0000
1987-11-13,31.0000,41.0000,28.0000,3.0000
1987-11-20,39.0000,42.0000,19.0000,20.0000
1987-11-27,27.0000,46.0000,27.0000,0.0000
1987-12-04,25.0000,33.0000,42.0000,-17.0000
1987-12-11,23.0000,45.0000,32.0000,-9.0000
1987-12-18,33.0000,40.0000,27.0000,6.0000
1987-12-24,28.0000,52.0000,20.0000,8.0000
1987-12-31,25.0000,49.0000,26.0000,-1.0000
1988-01-08,34.0000,46.0000,20.0000,14.0000
1988-01-15,34.0000,40.0000,26.0000,8.0000
1988-01-22,21.0000,48.0000,31.0000,-10.0000
1988-01-29,26.0000,45.0000,29.0000,-3.0000
1988-02-05,32.0000,53.0000,15.0000,17.0000
1988-02-12,32.0000,46.0000,22.0000,10.0000
1988-02-19,27.0000,49.0000,24.0000,3.0000
1988-02-26,30.0000,51.0000,19.0000,11.0000
1988-03-04,38.0000,40.0000,22.0000,16.0000
1988-03-11,43.0000,40.0000,17.0000,26.0000
1988-03-18,41.0000,49.0000,10.0000,31.0000
1988-03-25,45.0000,38.0000,17.0000,28.0000
1988-04-01,35.0000,45.0000,20.0000,15.0000
1988-04-08,33.0000,48.0000,19.0000,14.0000
1988-04-15,23.0000,53.0000,24.0000,-1.0000
1988-04-22,23.0000,57.0000,20.0000,3.0000
1988-04-29,22.0000,48.0000,30.0000,-8.0000
1988-05-06,38.0000,42.0000,20.0000,18.0000
1988-05-13,19.0000,56.0000,25.0000,-6.0000
1988-05-20,23.0000,52.0000,25.0000,-2.0000
1988-05-27,28.0000,52.0000,20.0000,8.0000
1988-06-03,26.0000,62.0000,12.0000,14.0000
1988-06-10,28.0000,49.0000,23.0000,5.0000
1988-06-17,29.0000,50.0000,21.0000,8.0000
1988-06-24,33.0000,44.0000,23.0000,10.0000
1988-07-01,45.0000,38.0000,17.0000,28.0000
1988-07-08,35.0000,50.0000,15.0000,20.0000
1988-07-15,26.0000,37.0000,37.0000,-11.0000
1988-07-22,16.0000,58.0000,26.0000,-10.0000
1988-07-29,23.0000,54.0000,23.0000,0.0000
1988-08-05,21.0000,49.0000,30.0000,-9.0000
1988-08-12,26.0000,48.0000,26.0000,0.0000
1988-08-19,19.0000,53.0000,28.0000,-9.0000
1988-08-26,28.0000,40.0000,32.0000,-4.0000
1988-09-02,18.0000,43.0000,39.0000,-21.0000
1988-09-09,17.0000,52.0000,31.0000,-14.0000
1988-09-16,24.0000,46.0000,30.0000,-6.0000
1988-09-23,20.0000,53.0000,27.0000,-7.0000
1988-09-30,26.0000,44.0000,30.0000,-4.0000
1988-10-07,13.0000,49.0000,38.0000,-25.0000
1988-10-14,22.0000,46.0000,32.0000,-10.0000
1988-10-21,26.0000,51.0000,23.0000,3.0000
1988-10-28,40.0000,38.0000,22.0000,18.0000
1988-11-04,35.0000,46.0000,19.0000,16.0000
1988-11-11,23.0000,56.0000,21.0000,2.0000
1988-11-18,30.0000,34.0000,36.0000,-6.0000
1988-11-25,17.0000,44.0000,39.0000,-22.0000
1988-12-02,19.0000,47.0000,34.0000,-15.0000
1988-12-09,17.0000,44.0000,39.0000,-22.0000
1988-12-16,24.0000,54.0000,22.0000,2.0000
1988-12-23,22.0000,46.0000,32.0000,-10.0000
1988-12-30,24.0000,54.0000,22.0000,2.0000
1989-01-06,26.0000,51.0000,23.0000,3.0000
1989-01-13,36.0000,44.0000,20.0000,16.0000
1989-01-20,36.0000,47.0000,17.0000,19.0000
1989-01-27,32.0000,49.0000,19.0000,13.0000
1989-02-03,33.0000,44.0000,23.0000,10.0000
1989-02-10,43.0000,31.0000,26.0000,17.0000
1989-02-17,42.0000,41.0000,17.0000,25.0000
1989-02-24,29.0000,45.0000,26.0000,3.0000
1989-03-03,29.0000,35.0000,36.0000,-7.0000
1989-03-10,13.0000,52.0000,35.0000,-22.0000
1989-03-17,28.0000,43.0000,29.0000,-1.0000
1989-03-23,29.0000,41.0000,30.0000,-1.0000
1989-03-31,18.0000,42.0000,40.0000,-22.0000
1989-04-07,23.0000,45.0000,32.0000,-9.0000
1989-04-14,25.0000,42.0000,33.0000,-8.0000
1989-04-21,21.0000,51.0000,28.0000,-7.0000
1989-04-28,31.0000,40.0000,29.0000,2.0000
1989-05-05,30.0000,40.0000,30.0000,0.0000
1989-05-12,38.0000,43.0000,19.0000,19.0000
1989-05-19,43.0000,38.0000,19.0000,24.0000
1989-05-26,48.0000,31.0000,21.0000,27.0000
1989-06-02,42.0000,27.0000,31.0000,11.0000
1989-06-09,43.0000,34.0000,23.0000,20.0000
1989-06-16,32.0000,37.0000,31.0000,1.0000
1989-06-23,33.0000,22.0000,45.0000,-12.0000
1989-06-30,40.0000,34.0000,26.0000,14.0000
1989-07-07,37.0000,32.0000,31.0000,6.0000
1989-07-14,22.0000,30.0000,48.0000,-26.0000
1989-07-21,32.0000,39.0000,29.0000,3.0000
1989-07-28,41.0000,25.0000,34.0000,7.0000
1989-08-04,35.0000,30.0000,35.0000,0.0000
1989-08-11,53.0000,21.0000,26.0000,27.0000
1989-08-18,35.0000,28.0000,37.0000,-2.0000
1989-08-25,45.0000,24.0000,31.0000,14.0000
1989-09-01,34.0000,30.0000,36.0000,-2.0000
1989-09-08,30.0000,30.0000,40.0000,-10.0000
1989-09-15,31.0000,44.0000,25.0000,6.0000
1989-09-22,24.0000,37.0000,39.0000,-15.0000
1989-09-29,33.0000,38.0000,29.0000,4.0000
1989-10-06,24.0000,43.0000,33.0000,-9.0000
1989-10-13,28.0000,52.0000,20.0000,8.0000
1989-10-20,39.0000,28.0000,33.0000,6.0000
1989-10-27,36.0000,33.0000,31.0000,5.0000
1989-11-03,37.0000,31.0000,32.0000,5.0000
1989-11-10,27.0000,37.0000,36.0000,-9.0000
1989-11-17,24.0000,28.0000,48.0000,-24.0000
1989-11-22,27.0000,40.0000,33.0000,-6.0000
1989-12-01,28.0000,40.0000,32.0000,-4.0000
1989-12-08,31.0000,41.0000,28.0000,3.0000
1989-12-15,42.0000,30.0000,28.0000,14.0000
1989-12-22,36.0000,32.0000,32.0000,4.0000
1989-12-29,35.0000,31.0000,34.0000,1.0000
1990-01-05,40.0000,30.0000,30.0000,10.0000
1990-01-12,45.0000,38.0000,17.0000,28.0000
1990-01-19,31.0000,49.0000,20.0000,11.0000
1990-01-26,24.0000,38.0000,38.0000,-14.0000
1990-02-02,15.0000,37.0000,48.0000,-33.0000
1990-02-09,19.0000,30.0000,51.0000,-32.0000
1990-02-16,23.0000,43.0000,34.0000,-11.0000
1990-02-23,24.0000,38.0000,38.0000,-14.0000
1990-03-02,21.0000,37.0000,42.0000,-21.0000
1990-03-09,22.0000,42.0000,36.0000,-14.0000
1990-03-16,25.0000,35.0000,40.0000,-15.0000
1990-03-23,37.0000,39.0000,24.0000,13.0000
1990-03-30,34.0000,35.0000,31.0000,3.0000
1990-04-06,38.0000,37.0000,25.0000,13.0000
1990-04-12,27.0000,56.0000,17.0000,10.0000
1990-04-20,34.0000,43.0000,23.0000,11.0000
1990-04-27,28.0000,35.0000,37.0000,-9.0000
1990-05-04,20.0000,35.0000,45.0000,-25.0000
1990-05-11,28.0000,38.0000,34.0000,-6.0000
1990-05-18,37.0000,35.0000,28.0000,9.0000
1990-05-25,39.0000,32.0000,29.0000,10.0000
1990-06-01,37.0000,28.0000,35.0000,2.0000
1990-06-08,35.0000,35.0000,30.0000,5.0000
1990-06-15,43.0000,32.0000,25.0000,18.0000
1990-06-22,34.0000,32.0000,34.0000,0.0000
1990-06-29,31.0000,31.0000,38.0000,-7.0000
1990-07-06,28.0000,34.0000,38.0000,-10.0000
1990-07-13,40.0000,30.0000,30.0000,10.0000
1990-07-20,40.0000,30.0000,30.0000,10.0000
1990-07-27,52.0000,24.0000,24.0000,28.0000
1990-08-03,26.0000,28.0000,46.0000,-20.0000
1990-08-10,25.0000,21.0000,54.0000,-29.0000
1990-08-17,18.0000,23.0000,59.0000,-41.0000
1990-08-24,25.0000,24.0000,51.0000,-26.0000
1990-08-31,23.0000,16.0000,61.0000,-38.0000
1990-09-07,33.0000,18.0000,49.0000,-16.0000
1990-09-14,16.0000,33.0000,51.0000,-35.0000
1990-09-21,13.0000,31.0000,56.0000,-43.0000
1990-09-28,26.0000,20.0000,54.0000,-28.0000
1990-10-05,15.0000,26.0000,59.0000,-44.0000
1990-10-12,21.0000,27.0000,52.0000,-31.0000
1990-10-19,13.0000,20.0000,67.0000,-54.0000
1990-10-26,23.0000,19.0000,58.0000,-35.0000
1990-11-02,20.0000,36.0000,44.0000,-24.0000
1990-11-09,20.0000,32.0000,48.0000,-28.0000
1990-11-16,12.0000,33.0000,55.0000,-43.0000
1990-11-21,16.0000,37.0000,47.0000,-31.0000
1990-11-30,22.0000,33.0000,45.0000,-23.0000
1990-12-07,26.0000,33.0000,41.0000,-15.0000
1990-12-14,31.0000,31.0000,38.0000,-7.0000
1990-12-21,16.0000,34.0000,50.0000,-34.0000
1990-12-28,30.0000,30.0000,40.0000,-10.0000
1991-01-04,31.0000,39.0000,30.0000,1.0000
1991-01-11,22.0000,30.0000,48.0000,-26.0000
1991-01-18,22.0000,27.0000,51.0000,-29.0000
1991-01-25,25.0000,25.0000,50.0000,-25.0000
1991-02-01,29.0000,29.0000,42.0000,-13.0000
1991-02-08,36.0000,28.0000,36.0000,0.0000
1991-02-15,46.0000,30.0000,24.0000,22.0000
1991-02-22,57.0000,20.0000,23.0000,34.0000
1991-03-01,50.0000,18.0000,32.0000,18.0000
1991-03-08,50.0000,21.0000,29.0000,21.0000
1991-03-15,55.0000,22.0000,23.0000,32.0000
1991-03-22,42.0000,31.0000,27.0000,15.0000
1991-03-29,47.0000,28.0000,25.0000,22.0000
1991-04-05,58.0000,22.0000,20.0000,38.0000
1991-04-12,43.0000,32.0000,25.0000,18.0000
1991-04-19,39.0000,39.0000,22.0000,17.0000
1991-04-26,55.0000,28.0000,17.0000,38.0000
1991-05-03,39.0000,33.0000,28.0000,11.0000
1991-05-10,38.0000,34.0000,28.0000,10.0000
1991-05-17,42.0000,32.0000,26.0000,16.0000
1991-05-24,38.0000,39.0000,23.0000,15.0000
1991-05-31,42.0000,35.0000,23.0000,19.0000
1991-06-07,46.0000,37.0000,17.0000,29.0000
1991-06-14,47.0000,31.0000,22.0000,25.0000
1991-06-21,44.0000,40.0000,16.0000,28.0000
1991-06-28,28.0000,37.0000,35.0000,-7.0000
1991-07-03,28.0000,39.0000,33.0000,-5.0000
1991-07-12,41.0000,39.0000,20.0000,21.0000
1991-07-19,27.0000,51.0000,22.0000,5.0000
1991-07-26,35.0000,42.0000,23.0000,12.0000
1991-08-02,33.0000,36.0000,31.0000,2.0000
1991-08-09,26.0000,45.0000,29.0000,-3.0000
1991-08-16,37.0000,33.0000,30.0000,7.0000
1991-08-23,32.0000,36.0000,32.0000,0.0000
1991-08-30,41.0000,40.0000,19.0000,22.0000
1991-09-06,36.0000,31.0000,33.0000,3.0000
1991-09-13,43.0000,39.0000,18.0000,25.0000
1991-09-20,32.0000,48.0000,20.0000,12.0000
1991-09-27,31.0000,38.0000,31.0000,0.0000
1991-10-04,35.0000,30.0000,35.0000,0.0000
1991-10-11,39.0000,37.0000,24.0000,15.0000
1991-10-18,30.0000,31.0000,39.0000,-9.0000
1991-10-25,31.0000,36.0000,33.0000,-2.0000
1991-11-01,52.0000,12.0000,36.0000,16.0000
1991-11-08,32.0000,36.0000,32.0000,0.0000
1991-11-15,38.0000,33.0000,29.0000,9.0000
1991-11-22,48.0000,32.0000,20.0000,28.0000
1991-11-27,33.0000,27.0000,40.0000,-7.0000
1991-12-06,23.0000,32.0000,45.0000,-22.0000
1991-12-13,33.0000,36.0000,31.0000,2.0000
1991-12-20,36.0000,30.0000,34.0000,2.0000
1991-12-27,39.0000,29.0000,32.0000,7.0000
1992-01-03,49.0000,20.0000,31.0000,18.0000
1992-01-10,48.0000,27.0000,25.0000,23.0000
1992-01-17,51.0000,21.0000,28.0000,23.0000
1992-01-24,46.0000,25.0000,29.0000,17.0000
1992-01-31,47.0000,26.0000,27.0000,20.0000
1992-02-07,36.0000,39.0000,25.0000,11.0000
1992-02-14,46.0000,28.0000,26.0000,20.0000
1992-02-21,47.0000,25.0000,28.0000,19.0000
1992-02-28,43.0000,36.0000,21.0000,22.0000
1992-03-06,45.0000,29.0000,26.0000,19.0000
1992-03-13,38.0000,35.0000,27.0000,11.0000
1992-03-20,48.0000,29.0000,23.0000,25.0000
1992-03-27,43.0000,35.0000,22.0000,21.0000
1992-04-03,35.0000,42.0000,23.0000,12.0000
1992-04-10,43.0000,27.0000,30.0000,13.0000
1992-04-17,37.0000,38.0000,25.0000,12.0000
1992-04-24,52.0000,34.0000,14.0000,38.0000
1992-05-01,29.0000,36.0000,35.0000,-6.0000
1992-05-08,43.0000,31.0000,26.0000,17.0000
1992-05-15,40.0000,37.0000,23.0000,17.0000
1992-05-22,48.0000,24.0000,28.0000,20.0000
1992-05-29,41.0000,43.0000,16.0000,25.0000
1992-06-05,41.0000,40.0000,19.0000,22.0000
1992-06-12,31.0000,46.0000,23.0000,8.0000
1992-06-19,35.0000,37.0000,28.0000,7.0000
1992-06-26,39.0000,34.0000,27.0000,12.0000
1992-07-02,21.0000,44.0000,35.0000,-14.0000
1992-07-09,23.0000,42.0000,35.0000,-12.0000
1992-07-17,29.0000,40.0000,31.0000,-2.0000
1992-07-24,32.0000,44.0000,24.0000,8.0000
1992-07-31,22.0000,47.0000,31.0000,-9.0000
1992-08-05,28.0000,39.0000,33.0000,-5.0000
1992-08-14,26.0000,37.0000,37.0000,-11.0000
1992-08-21,22.0000,34.0000,44.0000,-22.0000
1992-08-28,30.0000,37.0000,33.0000,-3.0000
1992-09-04,14.0000,44.0000,42.0000,-28.0000
1992-09-11,22.0000,39.0000,39.0000,-17.0000
1992-09-18,21.0000,42.0000,37.0000,-16.0000
1992-09-25,25.0000,34.0000,41.0000,-16.0000
1992-10-02,30.0000,35.0000,35.0000,-5.0000
1992-10-09,21.0000,35.0000,44.0000,-23.0000
1992-10-16,20.0000,24.0000,56.0000,-36.0000
1992-10-23,21.0000,32.0000,47.0000,-26.0000
1992-10-30,35.0000,35.0000,30.0000,5.0000
1992-11-06,49.0000,27.0000,24.0000,25.0000
1992-11-13,37.0000,44.0000,19.0000,18.0000
1992-11-20,48.0000,38.0000,14.0000,34.0000
1992-11-25,43.0000,37.0000,20.0000,23.0000
1992-12-04,37.0000,39.0000,24.0000,13.0000
1992-12-11,43.0000,42.0000,15.0000,28.0000
1992-12-18,63.0000,27.0000,10.0000,53.0000
1992-12-24,55.0000,30.0000,15.0000,40.0000
1993-01-01,60.0000,27.0000,13.0000,47.0000
1993-01-08,20.0000,49.0000,31.0000,-11.0000
1993-01-15,54.0000,32.0000,14.0000,40.0000
1993-01-22,41.0000,38.0000,21.0000,20.0000
1993-01-29,40.0000,37.0000,23.0000,17.0000
1993-02-05,44.0000,34.0000,22.0000,22.0000
1993-02-12,47.0000,31.0000,22.0000,25.0000
1993-02-19,46.0000,27.0000,27.0000,19.0000
1993-02-26,34.0000,32.0000,34.0000,0.0000
1993-03-05,27.0000,36.0000,37.0000,-10.0000
1993-03-12,45.0000,33.0000,22.0000,23.0000
1993-03-19,41.0000,32.0000,27.0000,14.0000
1993-03-26,43.0000,34.0000,23.0000,20.0000
1993-04-02,37.0000,36.0000,27.0000,10.0000
1993-04-09,32.0000,39.0000,29.0000,3.0000
1993-04-16,31.0000,35.0000,34.0000,-3.0000
1993-04-23,28.0000,42.0000,30.0000,-2.0000
1993-04-30,22.0000,37.0000,41.0000,-19.0000
1993-05-07,21.0000,45.0000,34.0000,-13.0000
1993-05-14,20.0000,41.0000,39.0000,-19.0000
1993-05-21,21.0000,34.0000,45.0000,-24.0000
1993-05-28,24.0000,37.0000,39.0000,-15.0000
1993-06-04,33.0000,39.0000,28.0000,5.0000
1993-06-11,23.0000,36.0000,41.0000,-18.0000
1993-06-18,22.0000,35.0000,43.0000,-21.0000
1993-06-25,28.0000,38.0000,34.0000,-6.0000
1993-07-02,18.0000,44.0000,38.0000,-20.0000
1993-07-09,21.0000,45.0000,34.0000,-13.0000
1993-07-16,22.0000,44.0000,34.0000,-12.0000
1993-07-23,24.0000,43.0000,33.0000,-9.0000
1993-07-30,25.0000,45.0000,30.0000,-5.0000
1993-08-06,26.0000,42.0000,32.0000,-6.0000
1993-08-13,25.0000,41.0000,34.0000,-9.0000
1993-08-20,29.0000,41.0000,30.0000,-1.0000
1993-08-27,27.0000,35.0000,38.0000,-11.0000
1993-09-03,38.0000,33.0000,29.0000,9.0000
1993-09-10,30.0000,30.0000,40.0000,-10.0000
1993-09-17,32.0000,34.0000,34.0000,-2.0000
1993-09-24,28.0000,40.0000,32.0000,-4.0000
1993-10-01,26.0000,34.0000,40.0000,-14.0000
1993-10-08,29.0000,37.0000,34.0000,-5.0000
1993-10-15,31.0000,38.0000,31.0000,0.0000
1993-10-22,42.0000,30.0000,28.0000,14.0000
1993-10-29,43.0000,33.0000,24.0000,19.0000
1993-11-04,32.0000,36.0000,32.0000,0.0000
1993-11-11,35.0000,30.0000,35.0000,0.0000
1993-11-18,34.0000,31.0000,35.0000,-1.0000
1993-11-24,45.0000,30.0000,25.0000,20.0000
1993-12-02,33.0000,32.0000,35.0000,-2.0000
1993-12-09,37.0000,39.0000,24.0000,13.0000
1993-12-16,33.0000,38.0000,29.0000,4.0000
1993-12-23,36.0000,31.0000,33.0000,3.0000
1993-12-30,44.0000,28.0000,28.0000,16.0000
1994-01-06,40.0000,33.0000,27.0000,13.0000
1994-01-13,38.0000,31.0000,31.0000,7.0000
1994-01-20,48.0000,26.0000,26.0000,22.0000
1994-01-27,41.0000,25.0000,34.0000,7.0000
1994-02-03,38.0000,29.0000,33.0000,5.0000
1994-02-10,49.0000,27.0000,24.0000,25.0000
1994-02-17,40.0000,36.0000,24.0000,16.0000
1994-02-24,41.0000,30.0000,29.0000,12.0000
1994-03-03,31.0000,42.0000,27.0000,4.0000
1994-03-10,29.0000,34.0000,37.0000,-8.0000
1994-03-17,24.0000,41.0000,35.0000,-11.0000
1994-03-24,29.0000,37.0000,34.0000,-5.0000
1994-03-31,23.0000,33.0000,44.0000,-21.0000
1994-04-07,28.0000,31.0000,41.0000,-13.0000
1994-04-14,29.0000,23.0000,48.0000,-19.0000
1994-04-21,26.0000,41.0000,33.0000,-7.0000
1994-04-28,27.0000,35.0000,38.0000,-11.0000
1994-05-05,32.0000,32.0000,36.0000,-4.0000
1994-05-12,38.0000,32.0000,30.0000,8.0000
1994-05-19,22.0000,36.0000,42.0000,-20.0000
1994-05-26,29.0000,33.0000,38.0000,-9.0000
1994-06-02,39.0000,36.0000,25.0000,14.0000
1994-06-09,28.0000,47.0000,25.0000,3.0000
1994-06-16,32.0000,42.0000,26.0000,6.0000
1994-06-23,29.0000,45.0000,26.0000,3.0000
1994-06-30,32.0000,37.0000,31.0000,1.0000
1994-07-07,28.0000,32.0000,40.0000,-12.0000
1994-07-14,25.0000,40.0000,35.0000,-10.0000
1994-07-21,34.0000,38.0000,28.0000,6.0000
1994-07-28,27.0000,42.0000,31.0000,-4.0000
1994-08-04,22.0000,52.0000,26.0000,-4.0000
1994-08-11,34.0000,37.0000,29.0000,5.0000
1994-08-18,30.0000,40.0000,30.0000,0.0000
1994-08-25,32.0000,39.0000,29.0000,3.0000
1994-09-01,43.0000,34.0000,23.0000,20.0000
1994-09-08,47.0000,33.0000,20.0000,27.0000
1994-09-15,45.0000,25.0000,30.0000,15.0000
1994-09-22,37.0000,36.0000,27.0000,10.0000
1994-09-29,38.0000,32.0000,30.0000,8.0000
1994-10-06,33.0000,39.0000,28.0000,5.0000
1994-10-13,35.0000,39.0000,26.0000,9.0000
1994-10-20,39.0000,33.0000,28.0000,11.0000
1994-10-27,43.0000,38.0000,19.0000,24.0000
1994-11-03,40.0000,35.0000,25.0000,15.0000
1994-11-10,37.0000,31.0000,32.0000,5.0000
1994-11-17,39.0000,22.0000,39.0000,0.0000
1994-11-23,39.0000,32.0000,29.0000,10.0000
1994-11-30,44.0000,30.0000,26.0000,18.0000
1994-12-08,30.0000,35.0000,35.0000,-5.0000
1994-12-15,33.0000,35.0000,32.0000,1.0000
1994-12-22,42.0000,25.0000,33.0000,9.0000
1994-12-29,40.0000,43.0000,17.0000,23.0000
1995-01-05,44.0000,31.0000,25.0000,19.0000
1995-01-12,36.0000,42.0000,22.0000,14.0000
1995-01-19,37.0000,39.0000,24.0000,13.0000
1995-01-26,38.0000,37.0000,25.0000,13.0000
1995-02-02,38.0000,37.0000,25.0000,13.0000
1995-02-09,34.0000,43.0000,23.0000,11.0000
1995-02-16,43.0000,37.0000,20.0000,23.0000
1995-02-23,46.0000,37.0000,17.0000,29.0000
1995-03-02,53.0000,26.0000,21.0000,32.0000
1995-03-09,48.0000,34.0000,18.0000,30.0000
1995-03-16,39.0000,41.0000,20.0000,19.0000
1995-03-23,47.0000,30.0000,23.0000,24.0000
1995-03-30,52.0000,23.0000,25.0000,27.0000
1995-04-06,42.0000,25.0000,33.0000,9.0000
1995-04-13,40.0000,23.0000,37.0000,3.0000
1995-04-20,37.0000,27.0000,36.0000,1.0000
1995-04-27,52.0000,29.0000,19.0000,33.0000
1995-05-04,42.0000,27.0000,31.0000,11.0000
1995-05-11,44.0000,26.0000,30.0000,14.0000
1995-05-18,42.0000,23.0000,35.0000,7.0000
1995-05-25,44.0000,26.0000,30.0000,14.0000
1995-06-01,39.0000,34.0000,27.0000,12.0000
1995-06-08,44.0000,25.0000,31.0000,13.0000
1995-06-15,36.0000,31.0000,33.0000,3.0000
1995-06-22,48.0000,21.0000,31.0000,17.0000
1995-06-29,35.0000,28.0000,37.0000,-2.0000
1995-07-06,35.0000,34.0000,31.0000,4.0000
1995-07-13,44.0000,18.0000,38.0000,6.0000
1995-07-20,43.0000,30.0000,27.0000,16.0000
1995-07-27,41.0000,26.0000,33.0000,8.0000
1995-08-03,38.0000,34.0000,28.0000,10.0000
1995-08-10,40.0000,30.0000,30.0000,10.0000
1995-08-17,36.0000,43.0000,21.0000,15.0000
1995-08-24,35.0000,28.0000,37.0000,-2.0000
1995-08-31,38.0000,42.0000,20.0000,18.0000
1995-09-07,37.0000,36.0000,27.0000,10.0000
1995-09-14,46.0000,32.0000,22.0000,24.0000
1995-09-21,46.0000,25.0000,29.0000,17.0000
1995-09-28,42.0000,27.0000,31.0000,11.0000
1995-10-05,39.0000,37.0000,24.0000,15.0000
1995-10-12,41.0000,30.0000,29.0000,12.0000
1995-10-19,47.0000,32.0000,21.0000,26.0000
1995-10-26,46.0000,33.0000,21.0000,25.0000
1995-11-02,47.0000,34.0000,19.0000,28.0000
1995-11-09,49.0000,35.0000,16.0000,33.0000
1995-11-16,46.0000,31.0000,23.0000,23.0000
1995-11-22,48.0000,18.0000,34.0000,14.0000
1995-11-30,51.0000,30.0000,19.0000,32.0000
1995-12-07,48.0000,28.0000,24.0000,24.0000
1995-12-14,51.0000,23.0000,26.0000,25.0000
1995-12-21,48.0000,28.0000,24.0000,24.0000
1995-12-28,46.0000,34.0000,20.0000,26.0000
1996-01-04,55.0000,18.0000,27.0000,28.0000
1996-01-18,42.0000,29.0000,29.0000,13.0000
1996-01-25,36.0000,40.0000,24.0000,12.0000
1996-02-01,54.0000,31.0000,15.0000,39.0000
1996-02-08,53.0000,31.0000,16.0000,37.0000
1996-02-15,54.0000,21.0000,25.0000,29.0000
1996-02-22,49.0000,22.0000,29.0000,20.0000
1996-02-29,45.0000,28.0000,27.0000,18.0000
1996-03-07,44.0000,28.0000,28.0000,16.0000
1996-03-14,36.0000,35.0000,29.0000,7.0000
1996-03-21,47.0000,31.0000,22.0000,25.0000
1996-03-28,45.0000,31.0000,24.0000,21.0000
1996-04-04,40.0000,43.0000,17.0000,23.0000
1996-04-11,40.0000,42.0000,18.0000,22.0000
1996-04-18,36.0000,38.0000,26.0000,10.0000
1996-04-25,28.0000,40.0000,32.0000,-4.0000
1996-05-02,48.0000,31.0000,21.0000,27.0000
1996-05-09,46.0000,38.0000,16.0000,30.0000
1996-05-16,37.0000,40.0000,23.0000,14.0000
1996-05-23,51.0000,35.0000,14.0000,37.0000
1996-05-30,61.0000,29.0000,10.0000,51.0000
1996-06-06,47.0000,28.0000,25.0000,22.0000
1996-06-13,49.0000,28.0000,23.0000,26.0000
1996-06-20,42.0000,32.0000,26.0000,16.0000
1996-06-27,42.0000,41.0000,17.0000,25.0000
1996-07-03,32.0000,44.0000,24.0000,8.0000
1996-07-11,40.0000,35.0000,25.0000,15.0000
1996-07-18,29.0000,45.0000,26.0000,3.0000
1996-07-25,30.0000,32.0000,38.0000,-8.0000
1996-08-01,29.0000,38.0000,33.0000,-4.0000
1996-08-08,27.0000,42.0000,31.0000,-4.0000
1996-08-15,43.0000,37.0000,20.0000,23.0000
1996-08-22,28.0000,46.0000,26.0000,2.0000
1996-08-29,28.0000,43.0000,29.0000,-1.0000
1996-09-05,29.0000,35.0000,36.0000,-7.0000
1996-09-12,26.0000,46.0000,28.0000,-2.0000
1996-09-19,28.0000,41.0000,31.0000,-3.0000
1996-09-26,34.0000,39.0000,27.0000,7.0000
1996-10-03,40.0000,31.0000,29.0000,11.0000
1996-10-10,38.0000,36.0000,26.0000,12.0000
1996-10-17,39.0000,36.0000,25.0000,14.0000
1996-10-24,42.0000,33.0000,25.0000,17.0000
1996-10-31,37.0000,29.0000,34.0000,3.0000
1996-11-07,26.0000,45.0000,29.0000,-3.0000
1996-11-14,37.0000,34.0000,29.0000,8.0000
1996-11-21,43.0000,30.0000,27.0000,16.0000
1996-11-27,52.0000,27.0000,21.0000,31.0000
1996-12-05,41.0000,26.0000,33.0000,8.0000
1996-12-12,40.0000,28.0000,32.0000,8.0000
1996-12-19,33.0000,28.0000,39.0000,-6.0000
1996-12-26,37.0000,33.0000,30.0000,7.0000
1997-01-02,43.0000,33.0000,24.0000,19.0000
1997-01-09,36.0000,39.0000,25.0000,11.0000
1997-01-16,42.0000,32.0000,26.0000,16.0000
1997-01-23,37.0000,41.0000,22.0000,15.0000
1997-01-30,51.0000,33.0000,16.0000,35.0000
1997-02-06,47.0000,29.0000,24.0000,23.0000
1997-02-13,45.0000,37.0000,18.0000,27.0000
1997-02-20,44.0000,36.0000,20.0000,24.0000
1997-02-27,63.0000,22.0000,15.0000,48.0000
1997-03-06,43.0000,37.0000,20.0000,23.0000
1997-03-13,34.0000,36.0000,30.0000,4.0000
1997-03-20,36.0000,42.0000,22.0000,14.0000
1997-03-27,27.0000,40.0000,33.0000,-6.0000
1997-04-03,29.0000,40.0000,31.0000,-2.0000
1997-04-10,26.0000,37.0000,37.0000,-11.0000
1997-04-17,31.0000,41.0000,28.0000,3.0000
1997-04-24,28.0000,40.0000,32.0000,-4.0000
1997-05-01,27.0000,44.0000,29.0000,-2.0000
1997-05-08,30.0000,44.0000,26.0000,4.0000
1997-05-15,41.0000,36.0000,23.0000,18.0000
1997-05-22,40.0000,35.0000,25.0000,15.0000
1997-05-29,40.0000,40.0000,20.0000,20.0000
1997-06-05,52.0000,33.0000,15.0000,37.0000
1997-06-12,49.0000,35.0000,16.0000,33.0000
1997-06-19,59.0000,26.0000,15.0000,44.0000
1997-06-26,52.0000,25.0000,23.0000,29.0000
1997-07-03,45.0000,30.0000,25.0000,20.0000
1997-07-10,49.0000,33.0000,18.0000,31.0000
1997-07-17,54.0000,30.0000,16.0000,38.0000
1997-07-24,53.0000,25.0000,22.0000,31.0000
1997-07-31,48.0000,26.0000,26.0000,22.0000
1997-08-07,49.0000,28.0000,23.0000,26.0000
1997-08-14,49.0000,30.0000,21.0000,28.0000
1997-08-21,47.0000,33.0000,20.0000,27.0000
1997-08-28,50.0000,28.0000,22.0000,28.0000
1997-09-04,37.0000,38.0000,25.0000,12.0000
1997-09-11,42.0000,36.0000,22.0000,20.0000
1997-09-18,40.0000,44.0000,16.0000,24.0000
1997-09-25,39.0000,42.0000,19.0000,20.0000
1997-10-02,38.0000,43.0000,19.0000,19.0000
1997-10-09,43.0000,43.0000,14.0000,29.0000
1997-10-16,43.0000,36.0000,21.0000,22.0000
1997-10-23,40.0000,46.0000,14.0000,26.0000
1997-10-30,41.0000,36.0000,23.0000,18.0000
1997-11-06,38.0000,37.0000,25.0000,13.0000
1997-11-13,45.0000,38.0000,17.0000,28.0000
1997-11-20,40.0000,38.0000,22.0000,18.0000
1997-11-26,40.0000,40.0000,20.0000,20.0000
1997-12-04,49.0000,33.0000,18.0000,31.0000
1997-12-11,46.0000,37.0000,17.0000,29.0000
1997-12-18,40.0000,41.0000,19.0000,21.0000
1997-12-24,41.0000,36.0000,23.0000,18.0000
1997-12-31,34.0000,35.0000,31.0000,3.0000
1998-01-08,42.0000,40.0000,18.0000,24.0000
1998-01-16,38.0000,45.0000,17.0000,21.0000
1998-01-23,31.0000,39.0000,30.0000,1.0000
1998-01-30,38.0000,42.0000,20.0000,18.0000
1998-02-05,30.0000,45.0000,25.0000,5.0000
1998-02-12,45.0000,36.0000,19.0000,26.0000
1998-02-19,42.0000,43.0000,15.0000,27.0000
1998-02-26,53.0000,33.0000,14.0000,39.0000
1998-03-05,53.0000,34.0000,13.0000,40.0000
1998-03-12,44.0000,36.0000,20.0000,24.0000
1998-03-19,40.0000,38.0000,22.0000,18.0000
1998-03-26,45.0000,35.0000,20.0000,25.0000
1998-04-02,46.0000,32.0000,22.0000,24.0000
1998-04-09,41.0000,36.0000,23.0000,18.0000
1998-04-16,53.0000,32.0000,15.0000,38.0000
1998-04-23,40.0000,38.0000,22.0000,18.0000
1998-04-30,44.0000,31.0000,25.0000,19.0000
1998-05-07,43.0000,34.0000,23.0000,20.0000
1998-05-14,33.0000,41.0000,26.0000,7.0000
1998-05-21,38.0000,39.0000,23.0000,15.0000
1998-05-28,34.0000,40.0000,26.0000,8.0000
1998-06-04,25.0000,44.0000,31.0000,-6.0000
1998-06-11,27.0000,49.0000,24.0000,3.0000
1998-06-18,29.0000,38.0000,33.0000,-4.0000
1998-06-25,28.0000,44.0000,28.0000,0.0000
1998-07-02,33.0000,48.0000,19.0000,14.0000
1998-07-09,36.0000,44.0000,20.0000,16.0000
1998-07-16,35.0000,44.0000,21.0000,14.0000
1998-07-23,37.0000,39.0000,24.0000,13.0000
1998-07-30,44.0000,36.0000,20.0000,24.0000
1998-08-06,30.0000,44.0000,26.0000,4.0000
1998-08-13,27.0000,38.0000,35.0000,-8.0000
1998-08-20,25.0000,42.0000,33.0000,-8.0000
1998-08-27,23.0000,32.0000,45.0000,-22.0000
1998-09-03,23.0000,37.0000,40.0000,-17.0000
1998-09-10,29.0000,31.0000,40.0000,-11.0000
1998-09-17,34.0000,35.0000,31.0000,3.0000
1998-09-24,34.0000,38.0000,28.0000,6.0000
1998-10-01,32.0000,35.0000,33.0000,-1.0000
1998-10-08,25.0000,43.0000,32.0000,-7.0000
1998-10-15,25.0000,34.0000,41.0000,-16.0000
1998-10-22,32.0000,35.0000,33.0000,-1.0000
1998-10-29,43.0000,36.0000,21.0000,22.0000
1998-11-05,38.0000,42.0000,20.0000,18.0000
1998-11-12,50.0000,36.0000,14.0000,36.0000
1998-11-19,40.0000,42.0000,18.0000,22.0000
1998-11-25,48.0000,35.0000,17.0000,31.0000
1998-12-03,49.0000,30.0000,21.0000,28.0000
1998-12-10,44.0000,30.0000,26.0000,18.0000
1998-12-17,41.0000,34.0000,25.0000,16.0000
1998-12-23,34.0000,34.0000,32.0000,2.0000
1998-12-31,41.0000,37.0000,22.0000,19.0000
1999-01-07,38.0000,39.0000,23.0000,15.0000
1999-01-14,51.0000,28.0000,21.0000,30.0000
1999-01-21,56.0000,24.0000,20.0000,36.0000
1999-01-28,47.0000,33.0000,20.0000,27.0000
1999-02-04,48.0000,38.0000,14.0000,34.0000
1999-02-11,48.0000,35.0000,17.0000,31.0000
1999-02-18,37.0000,39.0000,24.0000,13.0000
1999-02-25,37.0000,39.0000,24.0000,13.0000
1999-03-04,36.0000,45.0000,19.0000,17.0000
1999-03-11,37.0000,42.0000,21.0000,16.0000
1999-03-18,48.0000,31.0000,21.0000,27.0000
1999-03-25,38.0000,33.0000,29.0000,9.0000
1999-04-01,40.0000,35.0000,25.0000,15.0000
1999-04-08,36.0000,38.0000,26.0000,10.0000
1999-04-15,41.0000,31.0000,28.0000,13.0000
1999-04-22,38.0000,32.0000,30.0000,8.0000
1999-04-29,41.0000,32.0000,27.0000,14.0000
1999-05-06,54.0000,32.0000,14.0000,40.0000
1999-05-13,43.0000,31.0000,26.0000,17.0000
1999-05-20,43.0000,31.0000,26.0000,17.0000
1999-05-27,38.0000,42.0000,20.0000,18.0000
1999-06-03,32.0000,36.0000,32.0000,0.0000
1999-06-10,32.0000,40.0000,28.0000,4.0000
1999-06-17,38.0000,35.0000,27.0000,11.0000
1999-06-24,30.0000,39.0000,31.0000,-1.0000
1999-07-01,35.0000,38.0000,27.0000,8.0000
1999-07-08,43.0000,36.0000,21.0000,22.0000
1999-07-15,54.0000,28.0000,18.0000,36.0000
1999-07-22,55.0000,23.0000,22.0000,33.0000
1999-07-29,42.0000,38.0000,20.0000,22.0000
1999-08-05,30.0000,46.0000,24.0000,6.0000
1999-08-12,30.0000,40.0000,30.0000,0.0000
1999-08-19,31.0000,46.0000,23.0000,8.0000
1999-08-26,35.0000,40.0000,25.0000,10.0000
1999-09-02,44.0000,38.0000,18.0000,26.0000
1999-09-09,37.0000,38.0000,25.0000,12.0000
1999-09-16,36.0000,43.0000,21.0000,15.0000
1999-09-23,36.0000,36.0000,28.0000,8.0000
1999-09-30,35.0000,42.0000,23.0000,12.0000
1999-10-07,34.0000,38.0000,28.0000,6.0000
1999-10-14,42.0000,39.0000,19.0000,23.0000
1999-10-21,38.0000,37.0000,25.0000,13.0000
1999-10-28,38.0000,38.0000,24.0000,14.0000
1999-11-04,43.0000,35.0000,22.0000,21.0000
1999-11-11,48.0000,26.0000,26.0000,22.0000
1999-11-18,46.0000,32.0000,22.0000,24.0000
1999-11-24,55.0000,28.0000,17.0000,38.0000
1999-12-02,62.0000,25.0000,13.0000,49.0000
1999-12-09,62.0000,27.0000,11.0000,51.0000
1999-12-16,54.0000,26.0000,20.0000,34.0000
1999-12-23,52.0000,31.0000,17.0000,35.0000
1999-12-30,60.0000,25.0000,15.0000,45.0000
2000-01-06,75.0000,11.6600,13.3300,61.6700
2000-01-13,59.2600,22.2200,18.5200,40.7400
2000-01-20,57.1400,25.0000,17.8600,39.2800
2000-01-27,53.7000,25.9300,20.3700,33.3300
2000-02-03,51.1100,24.4400,24.4400,26.6700
2000-02-10,41.8600,30.2300,27.9100,13.9500
2000-02-17,27.2700,48.4800,24.2400,3.0300
2000-02-24,41.3800,27.5900,31.0300,10.3500
2000-03-02,36.6700,40.0000,23.3300,13.3400
2000-03-08,58.3300,25.0000,16.6700,41.6600
2000-03-16,50.0000,23.3300,26.6700,23.3300
2000-03-23,65.7100,14.2900,20.0000,45.7100
2000-03-30,38.8900,11.1100,50.0000,-11.1100
2000-04-06,45.8300,33.3300,20.8300,25.0000
2000-04-13,51.8500,18.5200,29.6300,22.2200
2000-04-20,63.7300,13.7300,22.5500,41.1800
2000-04-27,61.2900,24.1900,14.5200,46.7700
2000-05-04,34.7800,30.4300,34.7800,0.0000
2000-05-11,30.2300,44.1900,25.5800,4.6500
2000-05-18,35.2900,23.5300,41.1800,-5.8900
2000-05-25,34.9200,28.5700,36.5100,-1.5900
2000-06-01,41.6700,20.8300,37.5000,4.1700
2000-06-08,61.5400,15.3800,23.0800,38.4600
2000-06-15,43.7500,37.5000,18.7500,25.0000
2000-06-22,26.6700,33.3300,40.0000,-13.3300
2000-07-06,56.1000,28.0500,15.8500,40.2500
2000-07-13,65.0000,15.0000,20.0000,45.0000
2000-07-20,66.6700,21.3300,12.0000,54.6700
2000-07-27,42.8600,37.1400,20.0000,22.8600
2000-08-03,41.3000,34.7800,23.9100,17.3900
2000-08-10,54.1000,34.4300,11.4800,42.6200
2000-08-17,59.3800,21.8800,18.7500,40.6300
2000-08-23,57.6900,19.2300,23.0800,34.6100
2000-08-31,55.8800,26.4700,17.6500,38.2300
2000-09-07,62.5000,29.1700,8.3300,54.1700
2000-09-14,41.1800,35.2900,23.5300,17.6500
2000-09-21,43.7500,37.5000,18.7500,25.0000
2000-09-28,53.3300,40.0000,6.6700,46.6600
2000-10-05,41.9400,32.2600,25.8100,16.1300
2000-10-12,41.4600,26.8300,31.7100,9.7500
2000-10-19,48.8900,26.6700,24.4400,24.4500
2000-10-26,64.1000,17.9500,17.9500,46.1500
2000-11-02,51.6100,25.8100,22.5800,29.0300
2000-11-09,62.8600,28.5700,8.5700,54.2900
2000-11-16,45.8300,37.5000,16.6700,29.1600
2000-11-23,36.5100,26.9800,36.5100,0.0000
2000-11-30,60.4200,22.9200,16.6700,43.7500
2000-12-07,47.0600,15.6900,37.2500,9.8100
2000-12-14,59.6200,7.6900,32.6900,26.9300
2000-12-21,31.1100,17.7800,51.1100,-20.0000
2000-12-28,40.0000,28.0000,32.0000,8.0000
2001-01-04,42.5900,33.3300,24.0700,18.5200
2001-01-11,35.7100,21.4300,42.8600,-7.1500
2001-01-18,36.5900,39.0200,24.3900,12.2000
2001-01-25,49.2300,24.6200,26.1500,23.0800
2001-02-01,50.0000,30.7700,19.2300,30.7700
2001-02-08,55.5600,30.0000,14.4400,41.1200
2001-02-15,30.4300,47.8300,21.7400,8.6900
2001-02-22,26.3200,35.0900,38.6000,-12.2800
2001-03-01,45.9500,20.2700,33.7800,12.1700
2001-03-08,31.6300,36.7300,31.6300,0.0000
2001-03-15,30.9100,32.7300,36.3600,-5.4500
2001-03-22,27.7800,25.0000,47.2200,-19.4400
2001-03-29,37.2500,35.2900,27.4500,9.8000
2001-04-05,35.1400,26.1300,38.7400,-3.6000
2001-04-12,30.3000,28.7900,40.9100,-10.6100
2001-04-19,43.7500,25.0000,31.2500,12.5000
2001-04-26,46.5500,22.4100,31.0300,15.5200
2001-05-03,63.5100,14.8700,21.6200,41.8900
2001-05-10,53.3300,28.8900,17.7800,35.5500
2001-05-17,51.7600,29.4100,18.8200,32.9400
2001-05-24,61.9000,21.4300,16.6700,45.2300
2001-05-31,49.3500,22.0800,28.5700,20.7800
2001-06-07,42.5500,31.9100,25.5300,17.0200
2001-06-14,30.5100,47.4600,22.0300,8.4800
2001-06-21,33.3300,43.3300,23.3300,10.0000
2001-06-28,30.3800,36.7100,32.9100,-2.5300
2001-07-05,40.7400,40.7400,18.5200,22.2200
2001-07-12,25.2700,38.4600,36.2600,-10.9900
2001-07-19,50.0000,34.7800,15.2200,34.7800
2001-07-26,29.5200,32.3800,38.1000,-8.5800
2001-08-02,36.3600,27.2700,36.3600,0.0000
2001-08-09,34.9400,37.3500,27.7100,7.2300
2001-08-16,35.4200,27.0800,37.5000,-2.0800
2001-08-23,34.4800,34.4800,31.0300,3.4500
2001-08-30,31.4300,45.7100,22.8600,8.5700
2001-09-06,30.3400,35.9600,33.7100,-3.3700
2001-09-13,26.6700,36.6700,36.6700,-10.0000
2001-09-20,31.0800,24.3200,44.5900,-13.5100
2001-09-27,51.1100,26.6700,22.2200,28.8900
2001-10-04,51.2200,19.5100,29.2700,21.9500
2001-10-11,47.3700,24.5600,28.0700,19.3000
2001-10-18,60.5600,18.3100,21.1300,39.4300
2001-10-25,55.8800,26.4700,17.6500,38.2300
2001-11-01,35.0000,31.6700,33.3300,1.6700
2001-11-08,34.6200,23.0800,42.3100,-7.6900
2001-11-15,45.4500,21.2100,33.3300,12.1200
2001-11-22,58.3300,16.6700,25.0000,33.3300
2001-11-29,69.3300,10.6700,20.0000,49.3300
2001-12-06,59.1800,16.3300,24.4900,34.6900
2001-12-13,61.4000,24.5600,14.0400,47.3600
2001-12-20,52.4600,21.3100,26.2300,26.2300
2001-12-27,57.6900,15.3800,26.9200,30.7700
2002-01-03,51.1100,24.4400,24.4400,26.6700
2002-01-10,54.7900,23.2900,21.9200,32.8700
2002-01-17,29.5500,40.9100,29.5500,0.0000
2002-01-24,34.6900,34.6900,30.6100,4.0800
2002-01-31,45.4500,31.8200,22.7300,22.7200
2002-02-07,37.5000,39.5800,22.9300,14.5700
2002-02-14,45.1600,38.7100,16.1300,29.0300
2002-02-21,36.3600,38.1800,25.4500,10.9100
2002-02-28,44.4400,35.1900,20.3700,24.0700
2002-03-07,53.3300,31.1100,15.5500,37.7800
2002-03-14,56.4500,29.0300,14.5200,41.9300
2002-03-21,53.2300,35.4800,11.2900,41.9400
2002-03-28,51.1600,25.5800,23.2600,27.9000
2002-04-04,40.4800,39.2900,20.2400,20.2400
2002-04-11,28.2100,38.4600,33.3300,-5.1200
2002-04-18,40.2000,36.5900,23.1700,17.0300
2002-04-25,36.6700,40.0000,23.3300,13.3400
2002-05-02,27.0300,39.6400,33.3300,-6.3000
2002-05-09,30.2600,28.9500,40.7900,-10.5300
2002-05-16,36.7900,34.9100,28.3000,8.4900
2002-05-23,26.1900,33.3300,40.4800,-14.2900
2002-05-29,28.2600,31.5200,40.2200,-11.9600
2002-06-06,32.7900,27.8700,39.3400,-6.5500
2002-06-13,31.8200,34.5500,33.6400,-1.8200
2002-06-20,45.7100,28.5700,25.7100,20.0000
2002-06-27,30.9700,23.0100,46.0200,-15.0500
2002-07-03,26.5600,26.5600,46.8800,-20.3200
2002-07-11,35.0500,22.6800,42.2700,-7.2200
2002-07-18,26.2500,20.0000,53.7500,-27.5000
2002-07-25,27.9100,23.2600,48.8400,-20.9300
2002-08-01,34.2100,34.2100,31.5800,2.6300
2002-08-08,37.7000,22.9500,39.3400,-1.6400
2002-08-15,37.9300,20.6900,41.3800,-3.4500
2002-08-22,43.7500,16.6700,39.5800,4.1700
2002-08-29,50.0000,20.9700,29.0300,20.9700
2002-09-05,31.4800,18.5200,50.0000,-18.5200
2002-09-12,38.3600,24.6600,36.9900,1.3700
2002-09-19,33.7800,22.9700,43.2400,-9.4600
2002-09-26,24.5100,28.4300,47.0600,-22.5500
2002-10-03,35.2100,16.9000,47.8900,-12.6800
2002-10-10,28.8500,16.3500,54.8100,-25.9600
2002-10-17,39.4700,21.0500,39.4700,0.0000
2002-10-24,44.5800,21.6900,33.7300,10.8500
2002-10-31,51.4700,20.5900,27.9400,23.5300
2002-11-07,50.0000,23.6800,26.3200,23.6800
2002-11-14,48.6500,18.9200,32.4300,16.2200
2002-11-21,50.5600,28.0900,21.3500,29.2100
2002-11-28,51.0600,17.0200,31.9100,19.1500
2002-12-05,52.9400,29.4100,17.6500,35.2900
2002-12-12,41.3800,34.4800,24.1400,17.2400
2002-12-19,42.8600,27.1400,30.0000,12.8600
2002-12-26,40.0000,28.0000,32.0000,8.0000
2003-01-02,32.4300,29.7300,37.8400,-5.4100
2003-01-09,38.1000,19.0500,42.8600,-4.7600
2003-01-16,29.1700,41.6700,29.1700,0.0000
2003-01-23,25.0000,31.8200,43.1800,-18.1800
2003-01-30,25.5300,26.6000,47.8700,-22.3400
2003-02-06,22.8600,51.4300,25.7100,-2.8500
2003-02-13,21.9000,40.0000,38.1000,-16.2000
2003-02-20,21.0500,21.0500,57.8900,-36.8400
2003-02-27,26.0200,26.8300,47.1500,-21.1300
2003-03-06,33.3300,27.2700,39.3900,-6.0600
2003-03-13,34.2900,14.2900,51.4300,-17.1400
2003-03-20,42.8600,19.0500,38.1000,4.7600
2003-03-27,39.4200,27.8800,32.6900,6.7300
2003-04-03,32.3500,29.4100,38.2400,-5.8900
2003-04-10,38.4600,30.7700,30.7700,7.6900
2003-04-17,46.3000,22.2200,31.4800,14.8200
2003-04-24,63.0000,18.0000,19.0000,44.0000
2003-05-01,48.5700,25.7100,25.7100,22.8600
2003-05-08,52.8000,28.8000,18.4000,34.4000
2003-05-15,62.7900,20.9300,16.2800,46.5100
2003-05-22,38.4600,25.9600,35.5800,2.8800
2003-05-29,62.8600,22.8600,14.2900,48.5700
2003-06-05,52.0000,28.8000,19.2000,32.8000
2003-06-12,50.0000,20.8300,29.1700,20.8300
2003-06-19,56.4100,7.6900,35.9000,20.5100
2003-06-26,71.4300,20.0000,8.5700,62.8600
2003-07-03,41.1800,23.5300,35.2900,5.8900
2003-07-10,43.2400,25.6800,31.0800,12.1600
2003-07-17,51.2600,20.1700,28.5700,22.6900
2003-07-24,52.0000,17.3300,30.6700,21.3300
2003-07-31,51.5400,32.3100,16.1500,35.3900
2003-08-07,45.4500,22.0800,32.4700,12.9800
2003-08-14,50.5600,25.8400,23.6000,26.9600
2003-08-21,62.9600,18.5200,18.5200,44.4400
2003-08-28,56.7000,20.6200,22.6800,34.0200
2003-09-04,62.3000,21.3100,16.3900,45.9100
2003-09-11,58.1400,24.4200,17.4400,40.7000
2003-09-18,62.7500,17.6500,19.6100,43.1400
2003-09-25,57.2800,20.3900,22.3300,34.9500
2003-10-02,50.0000,21.4300,28.5700,21.4300
2003-10-09,57.5800,19.1900,23.2300,34.3500
2003-10-16,60.3400,25.8600,13.7900,46.5500
2003-10-23,52.7800,30.5600,16.6700,36.1100
2003-10-30,57.8100,23.4400,18.7500,39.0600
2003-11-06,57.5800,25.7600,16.6700,40.9100
2003-11-13,53.3300,32.2200,14.4400,38.8900
2003-11-20,53.2300,25.8100,20.9700,32.2600
2003-11-27,60.3800,18.8700,20.7500,39.6300
2003-12-04,69.3700,16.2200,14.4100,54.9600
2003-12-11,55.2600,23.6800,21.0500,34.2100
2003-12-18,60.2000,20.4100,19.3900,40.8100
2003-12-26,65.5200,17.2400,17.2400,48.2800
2004-01-01,62.4100,24.1100,13.4800,48.9300
2004-01-08,67.1600,14.9300,17.9100,49.2500
2004-01-15,66.2900,23.6000,10.1100,56.1800
2004-01-22,69.5100,17.0700,13.4100,56.1000
2004-01-29,56.8800,28.1300,15.0000,41.8800
2004-02-05,50.9100,27.2700,21.8200,29.0900
2004-02-12,56.1000,29.2700,14.6300,41.4700
2004-02-19,56.4500,22.5800,20.9700,35.4800
2004-02-26,41.5800,27.8900,30.5300,11.0500
2004-03-04,47.8300,39.1300,13.0400,34.7900
2004-03-11,41.2900,25.1600,33.5500,7.7400
2004-03-18,38.6000,35.0900,26.3200,12.2800
2004-03-25,31.4800,25.9300,42.5900,-11.1100
2004-04-01,55.1700,22.4100,22.4100,32.7600
2004-04-08,58.7800,20.9500,20.2700,38.5100
2004-04-15,63.7500,22.5000,13.7500,50.0000
2004-04-22,50.0000,27.5000,22.5000,27.5000
2004-04-29,50.0000,28.7900,21.2100,28.7900
2004-05-06,38.9800,33.9000,27.1200,11.8600
2004-05-13,32.8900,23.6800,43.4200,-10.5300
2004-05-20,36.6700,23.3300,40.0000,-3.3300
2004-05-27,36.1100,23.6100,40.2800,-4.1700
2004-06-03,33.3300,40.4800,26.1900,7.1400
2004-06-10,55.2600,28.9500,15.7900,39.4700
2004-06-17,41.4100,30.4700,28.1300,13.2800
2004-06-24,56.4100,20.5100,23.0800,33.3300
2004-07-01,56.9700,27.2700,15.7600,41.2100
2004-07-08,55.1000,23.4700,21.4300,33.6700
2004-07-15,47.3700,28.9500,23.6800,23.6900
2004-07-22,35.7100,40.4800,23.8100,11.9000
2004-07-29,34.0000,30.0000,36.0000,-2.0000
2004-08-05,30.9900,35.2100,33.8000,-2.8100
2004-08-12,38.5700,21.4300,40.0000,-1.4300
2004-08-19,34.8800,30.2300,34.8800,0.0000
2004-08-26,41.5300,33.0500,25.4200,16.1100
2004-09-02,41.5100,30.1900,28.3000,13.2100
2004-09-09,50.5000,25.7400,23.7600,26.7400
2004-09-16,45.4500,22.7300,31.8200,13.6300
2004-09-23,51.2000,22.0000,26.8000,24.4000
2004-09-30,41.0700,19.6400,39.2900,1.7800
2004-10-07,56.9300,23.3600,19.7100,37.2200
2004-10-14,44.7100,27.0600,28.2400,16.4700
2004-10-21,42.4800,28.7600,28.7600,13.7200
2004-10-28,42.3100,25.9600,31.7300,10.5800
2004-11-04,57.1400,20.0000,22.8600,34.2800
2004-11-11,62.5000,15.9100,21.5900,40.9100
2004-11-18,64.1000,13.4600,22.4400,41.6600
2004-11-24,49.4800,23.7100,26.8000,22.6800
2004-12-02,56.7600,17.8400,25.4100,31.3500
2004-12-09,51.3500,23.4200,25.2300,26.1200
2004-12-16,52.5300,28.2800,19.1900,33.3400
2004-12-23,60.2300,21.5900,18.1800,42.0500
2004-12-30,57.6600,24.8200,17.5200,40.1400
2005-01-06,38.1000,27.3800,34.5200,3.5800
2005-01-13,33.9900,26.1400,39.8700,-5.8800
2005-01-20,33.6600,32.6700,33.6600,0.0000
2005-01-27,26.4300,37.1400,36.4300,-10.0000
2005-02-03,41.6700,33.3300,25.0000,16.6700
2005-02-10,43.7500,33.3300,22.9200,20.8300
2005-02-17,36.3600,33.7700,29.8700,6.4900
2005-02-24,31.8200,36.3600,31.8200,0.0000
2005-03-03,39.5100,33.3300,27.1600,12.3500
2005-03-10,49.6600,25.5000,24.8300,24.8300
2005-03-17,32.4700,35.0600,32.4700,0.0000
2005-03-24,23.2300,34.8400,41.9400,-18.7100
2005-03-31,28.4300,20.5900,50.9800,-22.5500
2005-04-07,27.7400,28.3900,43.8700,-16.1300
2005-04-14,16.4800,41.7600,41.7600,-25.2800
2005-04-21,36.8400,30.2600,32.8900,3.9500
2005-04-28,29.7500,35.5400,34.7100,-4.9600
2005-05-05,28.5700,26.5300,44.9000,-16.3300
2005-05-12,30.5200,33.1200,36.3600,-5.8400
2005-05-19,38.9200,32.4300,28.6500,10.2700
2005-05-26,44.1400,32.4300,23.4200,20.7200
2005-06-02,48.6100,31.9400,19.4400,29.1700
2005-06-09,45.9800,34.4800,19.5400,26.4400
2005-06-16,48.0500,33.1200,18.8300,29.2200
2005-06-23,46.5900,35.2300,18.1800,28.4100
2005-06-30,45.8900,24.6600,29.4500,16.4400
2005-07-07,43.0108,36.5591,20.4301,22.5807
2005-07-14,57.8900,28.0700,14.0400,43.8500
2005-07-21,41.1800,31.3700,27.4500,13.7300
2005-07-28,57.5200,24.8400,17.6500,39.8700
2005-08-04,47.8300,26.0900,26.0900,21.7400
2005-08-11,39.7400,31.4100,28.8500,10.8900
2005-08-18,29.2900,30.3000,40.4000,-11.1100
2005-08-25,36.1400,32.5300,31.3300,4.8100
2005-09-01,31.7600,30.5900,37.6500,-5.8900
2005-09-08,42.3100,25.0000,32.6900,9.6200
2005-09-15,51.4300,20.0000,28.5700,22.8600
2005-09-22,39.4700,28.0700,32.4600,7.0100
2005-09-29,31.8800,28.9900,39.1300,-7.2500
2005-10-06,50.0000,22.5800,27.4200,22.5800
2005-10-13,38.9600,12.9900,48.0500,-9.0900
2005-10-20,43.1100,20.9600,35.9300,7.1800
2005-10-27,32.0500,21.7900,46.1500,-14.1000
2005-11-03,42.9500,29.4900,27.5600,15.3900
2005-11-10,58.6200,18.3900,22.9900,35.6300
2005-11-17,53.6300,24.5800,21.7900,31.8400
2005-11-24,57.3300,26.6700,16.0000,41.3300
2005-12-01,52.4700,24.0700,23.4600,29.0100
2005-12-08,49.4700,31.5800,18.9500,30.5200
2005-12-15,46.1500,31.7300,22.1200,24.0300
2005-12-22,41.0300,30.7700,28.2100,12.8200
2005-12-29,37.3000,26.1900,36.5100,0.7900
2006-01-05,29.3500,30.4300,40.2200,-10.8700
2006-01-12,58.9600,21.9700,19.0800,39.8800
2006-01-19,50.0000,24.1700,25.8300,24.1700
2006-01-26,30.7700,35.9000,33.3300,-2.5600
2006-02-02,44.7000,21.9700,33.3300,11.3700
2006-02-09,40.1900,25.2300,34.5800,5.6100
2006-02-16,40.1800,24.1100,35.7100,4.4700
2006-02-23,43.2100,28.4000,28.4000,14.8100
2006-03-02,40.9400,29.9200,29.1300,11.8100
2006-03-09,41.2100,28.0200,30.7700,10.4400
2006-03-16,46.5500,20.6900,32.7600,13.7900
2006-03-23,43.7500,28.7500,27.5000,16.2500
2006-03-30,37.2100,30.2300,32.5600,4.6500
2006-04-06,47.6700,29.0700,23.2600,24.4100
2006-04-13,45.3600,26.8000,27.8400,17.5200
2006-04-20,33.7300,25.4400,40.8300,-7.1000
2006-04-27,42.1100,21.9300,35.9600,6.1500
2006-05-04,45.8900,20.5500,33.5600,12.3300
2006-05-11,54.9000,17.6500,27.4500,27.4500
2006-05-18,39.3900,16.9700,43.6400,-4.2500
2006-05-25,33.0400,21.4300,45.5400,-12.5000
2006-06-01,30.7700,19.2300,50.0000,-19.2300
2006-06-08,26.2300,28.6900,45.0800,-18.8500
2006-06-15,26.4100,18.6100,54.9800,-28.5700
2006-06-22,34.4000,24.0000,41.6000,-7.2000
2006-06-29,38.6000,21.6400,39.7700,-1.1700
2006-07-06,37.7000,19.6700,42.6200,-4.9200
2006-07-13,36.5000,24.0900,39.4200,-2.9200
2006-07-20,23.8500,18.3500,57.8000,-33.9500
2006-07-27,34.8800,22.0900,43.0200,-8.1400
2006-08-03,31.4600,21.3500,47.1900,-15.7300
2006-08-10,36.5900,21.9500,41.4600,-4.8700
2006-08-17,30.5300,33.6800,35.7900,-5.2600
2006-08-24,39.3500,23.2300,37.4200,1.9300
2006-08-31,41.5700,32.5800,25.8400,15.7300
2006-09-07,42.9900,27.1000,29.9100,13.0800
2006-09-14,47.9500,13.7000,38.3600,9.5900
2006-09-21,47.7500,18.0200,34.2300,13.5200
2006-09-28,51.3200,15.7900,32.8900,18.4300
2006-10-05,37.7800,15.5600,46.6700,-8.8900
2006-10-12,48.9800,13.2700,37.7600,11.2200
2006-10-19,54.2000,16.0300,29.7700,24.4300
2006-10-26,52.1700,17.3900,30.4300,21.7400
2006-11-02,43.7500,19.3800,36.8800,6.8700
2006-11-09,50.6000,22.8900,26.5100,24.0900
2006-11-16,46.5600,22.9000,30.5300,16.0300
2006-11-23,41.9400,16.1300,41.9400,0.0000
2006-11-30,40.2200,12.2900,47.4900,-7.2700
2006-12-07,38.9400,19.4700,41.5900,-2.6500
2006-12-14,41.3300,20.6700,38.0000,3.3300
2006-12-21,39.0800,18.3900,42.5300,-3.4500
2006-12-28,46.0000,18.0000,36.0000,10.0000
2007-01-04,49.1400,21.5500,29.3100,19.8300
2007-01-11,44.4400,21.3000,34.2600,10.1800
2007-01-18,57.7800,15.1500,27.2700,30.5100
2007-01-25,39.5100,27.1600,33.3300,6.1800
2007-02-01,46.3200,23.1600,30.5300,15.7900
2007-02-08,46.1500,23.8500,30.0000,16.1500
2007-02-15,47.5700,21.3600,31.0700,16.5000
2007-02-22,53.8500,23.8500,22.3100,31.5400
2007-03-01,36.6300,23.7600,39.6000,-2.9700
2007-03-08,35.8000,19.3200,44.8900,-9.0900
2007-03-15,32.9900,21.6500,45.3600,-12.3700
2007-03-22,43.8800,23.0200,33.0900,10.7900
2007-03-29,42.6800,31.7100,25.6100,17.0700
2007-04-05,32.2600,27.9600,39.7800,-7.5200
2007-04-12,40.8500,21.1300,38.0300,2.8200
2007-04-19,46.9400,23.4700,29.5900,17.3500
2007-04-26,39.2400,22.7800,37.9700,1.2700
2007-05-03,28.5700,17.1400,54.2900,-25.7200
2007-05-10,42.8600,14.2900,42.8600,0.0000
2007-05-17,38.3900,25.0000,36.6100,1.7800
2007-05-24,37.3500,24.1000,38.5500,-1.2000
2007-05-31,33.3300,21.8800,44.7900,-11.4600
2007-06-07,40.5900,16.8300,42.5700,-1.9800
2007-06-14,37.3000,19.0500,43.6500,-6.3500
2007-06-21,43.1600,23.1600,33.6800,9.4800
2007-06-28,39.0200,25.2000,35.7700,3.2500
2007-07-05,43.8400,23.2900,32.8800,10.9600
2007-07-12,43.6400,26.3600,30.0000,13.6400
2007-07-19,41.7700,21.5200,36.7100,5.0600
2007-07-26,44.2100,18.9500,36.8400,7.3700
2007-08-02,45.8800,14.1200,40.0000,5.8800
2007-08-09,45.7600,15.2500,38.9800,6.7800
2007-08-16,42.2200,12.2200,45.5600,-3.3400
2007-08-23,41.2800,15.6000,43.1200,-1.8400
2007-08-30,40.3000,13.4300,46.2700,-5.9700
2007-09-06,38.3800,19.1900,42.4200,-4.0400
2007-09-13,40.0000,24.7100,35.2900,4.7100
2007-09-20,39.2400,29.1100,31.6500,7.5900
2007-09-27,49.3700,16.4600,34.1800,15.1900
2007-10-04,51.8100,22.8900,25.3000,26.5100
2007-10-11,54.6400,19.5900,25.7700,28.8700
2007-10-18,41.9600,22.3200,35.7100,6.2500
2007-10-25,31.2500,20.5400,48.2100,-16.9600
2007-11-01,44.7100,18.8200,36.4700,8.2400
2007-11-08,36.1900,12.3800,51.4300,-15.2400
2007-11-15,33.0100,17.4800,49.5100,-16.5000
2007-11-22,25.5800,21.7100,52.7100,-27.1300
2007-11-29,28.5700,15.3100,56.1200,-27.5500
2007-12-06,40.6500,19.5100,39.8400,0.8100
2007-12-13,47.6200,16.6700,35.7100,11.9100
2007-12-20,35.8500,16.9800,47.1700,-11.3200
2007-12-27,30.0000,20.0000,50.0000,-20.0000
2008-01-03,25.7100,19.0500,55.2400,-29.5300
2008-01-10,19.6300,21.5000,58.8800,-39.2500
2008-01-17,24.3000,21.3000,54.4400,-30.1400
2008-01-24,25.1400,15.8500,59.0200,-33.8800
2008-01-31,30.0800,21.0500,48.8700,-18.7900
2008-02-07,34.1100,18.6900,47.2000,-13.0900
2008-02-14,33.3300,24.8100,41.8600,-8.5300
2008-02-21,33.1800,22.1200,44.7000,-11.5200
2008-02-28,34.3100,20.4400,45.2600,-10.9500
2008-03-06,21.9800,26.3700,51.6500,-29.6700
2008-03-13,20.4200,20.4200,59.1500,-38.7300
2008-03-20,25.2100,20.5100,54.2700,-29.0600
2008-03-27,41.6000,24.8000,33.6000,8.0000
2008-04-03,36.7000,23.9400,39.3600,-2.6600
2008-04-10,45.7600,16.9500,37.2900,8.4700
2008-04-17,30.3700,20.9400,48.6900,-18.3200
2008-04-24,46.6700,25.8300,27.5000,19.1700
2008-05-01,53.2900,20.3900,26.3200,26.9700
2008-05-08,52.8100,22.4700,24.7200,28.0900
2008-05-15,45.1600,25.1600,29.6800,15.4800
2008-05-22,46.3000,19.4400,34.2600,12.0400
2008-05-29,31.3600,22.8800,45.7600,-14.4000
2008-06-05,43.4800,18.4800,38.0400,5.4400
2008-06-12,31.2500,15.1800,53.5700,-22.3200
2008-06-19,32.9800,21.2800,45.7400,-12.7600
2008-06-26,31.2500,16.4800,52.2700,-21.0200
2008-07-03,23.9300,23.9300,52.1400,-28.2100
2008-07-10,22.1700,22.6600,55.1700,-33.0000
2008-07-17,25.0000,16.8600,58.1400,-33.1400
2008-07-24,35.8200,20.1400,44.0300,-8.2100
2008-07-31,40.0000,18.8200,41.1800,-1.1800
2008-08-07,35.6100,21.9700,42.4200,-6.8100
2008-08-14,42.8600,18.1800,38.9600,3.9000
2008-08-21,38.1000,24.6000,37.3000,0.8000
2008-08-28,30.6800,23.8600,45.4500,-14.7700
2008-09-04,37.0400,19.7500,43.2100,-6.1700
2008-09-11,29.2700,15.8500,54.8800,-25.6100
2008-09-18,27.2100,18.3700,54.4200,-27.2100
2008-09-25,34.0400,20.2100,45.7400,-11.7000
2008-10-02,33.3300,11.6700,55.0000,-21.6700
2008-10-09,31.4700,7.6900,60.8400,-29.3700
2008-10-16,40.9400,19.3000,39.7700,1.1700
2008-10-23,38.7400,22.5200,38.7400,0.0000
2008-10-30,37.1400,22.2900,40.5700,-3.4300
2008-11-06,44.8300,21.8400,33.3300,11.5000
2008-11-13,38.3300,19.1700,42.5000,-4.1700
2008-11-20,24.3700,18.4900,57.1400,-32.7700
2008-11-27,31.2500,23.8600,44.8900,-13.6400
2008-12-04,26.6700,25.5600,47.7800,-21.1100
2008-12-11,37.5000,22.6600,39.8400,-2.3400
2008-12-18,39.7300,24.6600,35.6200,4.1100
2008-12-25,28.9500,27.1900,43.8600,-14.9100
2009-01-01,24.0000,21.3300,54.6700,-30.6700
2009-01-08,48.7000,16.2300,35.0600,13.6400
2009-01-15,27.6300,25.0000,47.3700,-19.7400
2009-01-22,27.2100,26.4700,46.3200,-19.1100
2009-01-29,25.2700,27.4700,47.2500,-21.9800
2009-02-05,24.6300,31.3400,44.0300,-19.4000
2009-02-12,32.9100,27.8500,39.2400,-6.3300
2009-02-19,21.6400,21.6400,56.7200,-35.0800
2009-02-26,24.3000,20.5600,55.1400,-30.8400
2009-03-05,18.9200,10.8100,70.2700,-51.3500
2009-03-12,27.6400,17.8900,54.4700,-26.8300
2009-03-19,45.0600,16.6700,38.2700,6.7900
2009-03-26,39.1300,18.4800,42.3900,-3.2600
2009-04-02,42.6600,20.2800,37.0600,5.6000
2009-04-09,35.7100,20.0000,44.2900,-8.5800
2009-04-16,44.1400,20.0000,35.8600,8.2800
2009-04-23,31.8200,29.5500,38.6400,-6.8200
2009-04-30,36.0900,20.3000,43.6100,-7.5200
2009-05-07,44.0900,22.5800,33.3300,10.7600
2009-05-14,43.8100,20.9500,35.2400,8.5700
2009-05-21,33.7200,20.9300,45.3500,-11.6300
2009-05-28,40.3700,11.0100,48.6200,-8.2500
2009-06-04,47.5600,15.8500,36.5900,10.9700
2009-06-11,39.2500,21.5000,39.2500,0.0000
2009-06-18,33.3300,20.2400,46.4300,-13.1000
2009-06-25,28.0000,23.2000,48.8000,-20.8000
2009-07-02,37.8400,17.5700,44.5900,-6.7500
2009-07-09,27.9100,17.4400,54.6500,-26.7400
2009-07-16,28.6800,24.2600,47.0600,-18.3800
2009-07-23,37.6000,20.0000,42.4000,-4.8000
2009-07-30,47.6700,20.9300,31.4000,16.2700
2009-08-06,50.0000,14.8400,35.1600,14.8400
2009-08-13,51.0000,16.0000,33.0000,18.0000
2009-08-20,34.0700,25.9300,40.0000,-5.9300
2009-08-27,33.9800,17.4800,48.5400,-14.5600
2009-09-03,37.9700,24.0500,37.9700,0.0000
2009-09-10,37.3300,18.6700,44.0000,-6.6700
2009-09-17,42.1400,17.8600,40.0000,2.1400
2009-09-24,39.0900,16.3600,44.5500,-5.4600
2009-10-01,43.5500,20.9700,35.4800,8.0700
2009-10-08,35.0900,23.6800,41.2300,-6.1400
2009-10-15,47.3000,18.9200,33.7800,13.5200
2009-10-22,40.4800,23.8100,35.7100,4.7700
2009-10-29,33.6500,24.0400,42.3100,-8.6600
2009-11-05,22.2200,22.2200,55.5600,-33.3400
2009-11-12,38.6000,22.8000,38.6000,0.0000
2009-11-19,42.7300,25.4500,31.8200,10.9100
2009-11-26,41.6600,16.6600,41.6600,0.0000
2009-12-03,41.5800,24.7500,33.6600,7.9200
2009-12-10,42.6800,21.9500,35.3700,7.3100
2009-12-17,42.1100,29.4700,28.4200,13.6900
2009-12-24,37.6800,24.6400,37.6800,0.0000
2009-12-31,49.1800,27.8700,22.9500,26.2300
2010-01-07,41.0000,33.0000,26.0000,15.0000
2010-01-14,47.4400,25.6400,26.9200,20.5200
2010-01-21,40.0000,25.2600,34.7400,5.2600
2010-01-28,35.0000,28.3300,36.6700,-1.6700
2010-02-04,29.2300,27.6900,43.0800,-13.8500
2010-02-11,36.7500,21.3700,41.8800,-5.1300
2010-02-18,35.8500,28.9300,35.2200,0.6300
2010-02-25,34.8900,35.5700,29.5300,5.3600
2010-03-04,35.8600,37.9300,26.2100,9.6500
2010-03-11,45.2900,29.4100,25.2900,20.0000
2010-03-18,35.3700,34.7600,29.8800,5.4900
2010-03-25,32.3900,32.9500,34.6600,-2.2700
2010-04-01,41.3000,27.5400,31.1600,10.1400
2010-04-08,42.8600,26.7900,30.3600,12.5000
2010-04-15,48.4800,21.8200,29.7000,18.7800
2010-04-22,38.1200,27.6200,34.2500,3.8700
2010-04-29,41.3600,30.0000,28.6400,12.7200
2010-05-06,39.1300,32.3000,28.5700,10.5600
2010-05-13,36.6000,26.8000,36.6000,0.0000
2010-05-20,41.3000,25.0000,33.7000,7.6000
2010-05-27,29.8300,19.3000,50.8800,-21.0500
2010-06-03,37.0900,22.0700,40.8500,-3.7600
2010-06-10,34.4800,22.4100,43.1000,-8.6200
2010-06-17,42.4500,26.8900,30.6600,11.7900
2010-06-24,34.4600,33.1100,32.4300,2.0300
2010-07-01,24.6800,33.3300,41.9900,-17.3100
2010-07-08,20.9400,21.9900,57.0700,-36.1300
2010-07-15,39.3700,22.8400,37.8000,1.5700
2010-07-22,32.1600,22.8100,45.0300,-12.8700
2010-07-29,40.0000,26.6700,33.3300,6.6700
2010-08-05,30.3900,31.3700,38.2400,-7.8500
2010-08-12,39.7600,30.1200,30.1200,9.6400
2010-08-19,30.1100,27.4200,42.4700,-12.3600
2010-08-26,20.7400,29.7900,49.4700,-28.7300
2010-09-02,30.8000,27.0000,42.2100,-11.4100
2010-09-09,43.8700,24.5100,31.6100,12.2600
2010-09-16,50.8900,24.8500,24.2600,26.6300
2010-09-23,44.9700,29.6300,25.4000,19.5700
2010-09-30,42.5300,25.8600,31.6100,10.9200
2010-10-07,49.0300,23.2300,27.7400,21.2900
2010-10-14,47.1000,26.0900,26.8100,20.2900
2010-10-21,49.6200,25.1900,25.1900,24.4300
2010-10-28,51.2300,27.1600,21.6000,29.6300
2010-11-04,48.2300,21.9900,29.7900,18.4400
2010-11-11,57.5600,13.9500,28.4900,29.0700
2010-11-18,40.0000,27.5000,32.5000,7.5000
2010-11-25,47.4000,27.9200,24.6800,22.7200
2010-12-02,49.6600,24.1400,26.2100,23.4500
2010-12-09,53.0500,24.3900,22.5600,30.4900
2010-12-16,50.2300,22.6200,27.1500,23.0800
2010-12-23,63.2800,20.3100,16.4000,46.8800
2010-12-30,51.6100,28.3400,20.0500,31.5600
2011-01-06,55.8800,25.8600,18.2500,37.6300
2011-01-13,52.3400,24.2200,23.4400,28.9000
2011-01-20,50.7500,20.1500,29.1000,21.6500
2011-01-27,42.0400,23.6700,34.2900,7.7500
2011-02-03,51.5400,21.5900,26.8700,24.6700
2011-02-10,49.4000,23.6900,26.9100,22.4900
2011-02-17,46.5800,27.8500,25.5700,21.0100
2011-02-24,36.6300,27.2300,36.1400,0.4900
2011-03-03,36.7900,30.0500,33.1600,3.6300
2011-03-10,35.9700,31.7100,32.3200,3.6500
2011-03-17,28.4900,31.3900,40.1200,-11.6300
2011-03-24,37.7400,27.2700,34.9700,2.7700
2011-03-31,41.8100,27.1200,31.0700,10.7400
2011-04-07,43.5900,27.5600,28.8500,14.7400
2011-04-14,42.2500,26.7600,30.9900,11.2600
2011-04-21,32.1600,36.8400,30.9900,1.1700
2011-04-28,37.9000,31.4500,30.6500,7.2500
2011-05-05,35.4600,32.6700,31.8700,3.5900
2011-05-12,30.7700,33.7300,35.5000,-4.7300
2011-05-19,26.6900,32.0200,41.2900,-14.6000
2011-05-26,25.6100,32.9700,41.4200,-15.8100
2011-06-02,30.1800,36.3900,33.4300,-3.2500
2011-06-09,24.4200,27.9100,47.6700,-23.2500
2011-06-16,29.0000,28.2500,42.7500,-13.7500
2011-06-23,37.4600,26.8000,35.7400,1.7200
2011-06-30,38.3100,31.4900,30.1900,8.1200
2011-07-07,41.7700,33.5400,24.6800,17.0900
2011-07-14,39.3100,31.4500,29.2500,10.0600
2011-07-21,39.8600,29.5400,30.6100,9.2500
2011-07-28,37.8400,30.7400,31.4200,6.4200
2011-08-04,27.1600,22.9900,49.8500,-22.6900
2011-08-11,33.4300,21.7900,44.7800,-11.3500
2011-08-18,35.5600,24.6200,39.8200,-4.2600
2011-08-25,36.4400,22.6000,40.9600,-4.5200
2011-09-01,38.6200,29.0400,32.3400,6.2800
2011-09-08,30.2200,29.5000,40.2900,-10.0700
2011-09-15,30.5000,28.1500,41.3500,-10.8500
2011-09-22,25.3300,26.6700,48.0000,-22.6700
2011-09-29,32.5100,20.6800,46.7900,-14.2800
2011-10-06,35.2300,19.0400,45.7100,-10.4800
2011-10-13,39.7700,23.8600,36.3600,3.4100
2011-10-20,35.9800,29.4100,34.6000,1.3800
2011-10-27,43.0000,32.0000,25.0000,18.0000
2011-11-03,40.1800,30.2000,29.6200,10.5600
2011-11-10,44.7300,30.7000,24.5600,20.1700
2011-11-17,41.9300,27.0100,31.0400,10.8900
2011-11-24,32.7100,29.0100,38.2700,-5.5600
2011-12-01,33.0400,27.5300,39.4200,-6.3800
2011-12-08,38.5700,26.6600,34.7600,3.8100
2011-12-15,40.1800,26.1600,33.6400,6.5400
2011-12-22,33.7250,38.0390,28.2350,5.4900
2011-12-29,40.6000,28.5700,30.8270,9.7730
2012-01-05,48.8800,33.9500,17.1600,31.7200
2012-01-12,49.1400,33.6800,17.1800,31.9600
2012-01-19,47.2300,29.1500,23.6100,23.6200
2012-01-26,48.3974,32.6920,18.9100,29.4874
2012-02-02,43.8060,31.1170,25.0750,18.7310
2012-02-09,51.6430,28.1690,20.1870,31.4560
2012-02-16,42.7130,30.6530,26.6330,16.0800
2012-02-23,43.6890,28.8020,27.5080,16.1810
2012-03-01,44.5120,28.6580,26.8290,17.6830
2012-03-08,42.3790,28.6240,28.9960,13.3830
2012-03-15,45.6067,27.1967,27.1967,18.4100
2012-03-22,42.3841,29.8013,27.8146,14.5695
2012-03-29,42.4700,32.0500,25.4800,16.9900
2012-04-05,38.1743,34.0249,27.8008,10.3735
2012-04-12,28.1385,30.3030,41.5584,-13.4199
2012-04-19,31.1787,34.9810,33.8403,-2.6616
2012-04-26,27.6423,34.9593,37.3984,-9.7561
2012-05-03,35.4015,36.1314,28.4672,6.9343
2012-05-10,25.3968,32.5397,42.0635,-16.6667
2012-05-17,23.5821,30.4478,45.9701,-22.3880
2012-05-24,30.4688,30.8594,38.6719,-8.2031
2012-05-31,28.0156,29.9611,42.0233,-14.0077
2012-06-07,27.4510,26.7974,45.7516,-18.3006
2012-06-14,34.0351,30.1754,35.7895,-1.7544
2012-06-21,32.8904,31.2292,35.8804,-2.9900
2012-06-28,28.6689,26.9625,44.3686,-15.6997
2012-07-05,32.6400,34.0300,33.3300,-0.6900
2012-07-12,30.2251,35.0482,34.7267,-4.5016
2012-07-19,22.1900,36.0231,41.7867,-19.5967
2012-07-26,28.1150,28.7540,43.1310,-15.0160
2012-08-02,30.4478,34.6269,34.9254,-4.4776
2012-08-09,36.4706,36.1765,27.3529,9.1177
2012-08-16,36.8421,35.0877,28.0702,8.7719
2012-08-23,41.9580,32.1678,25.8741,16.0839
2012-08-30,34.7222,32.6389,32.6389,2.0833
2012-09-06,33.0579,33.8843,33.0579,0.0000
2012-09-13,36.4583,30.5556,32.9861,3.4722
2012-09-20,37.5000,28.7162,33.7838,3.7162
2012-09-27,36.1011,27.4368,36.4621,-0.3610
2012-10-04,33.8608,32.9114,33.2278,0.6330
2012-10-11,30.5755,30.5755,38.8489,-8.2734
2012-10-18,28.6604,26.7913,44.5483,-15.8879
2012-10-25,29.2453,27.6730,43.0818,-13.8365
2012-11-01,35.7377,23.2787,40.9836,-5.2459
2012-11-08,38.4977,21.5962,39.9061,-1.4084
2012-11-15,28.8235,22.3529,48.8235,-20.0000
2012-11-22,35.8156,23.4043,40.7801,-4.9645
2012-11-28,40.9266,24.7104,34.3629,6.5637
2012-12-06,42.2222,23.1746,34.6032,7.6190
2012-12-13,43.2331,26.6917,30.0752,13.1579
2012-12-20,46.4000,28.8000,24.8000,21.6000
2012-12-27,44.4030,25.3731,30.2239,14.1791
2013-01-03,38.7097,25.0896,36.2007,2.5090
2013-01-10,46.4497,26.6272,26.9231,19.5266
2013-01-17,43.9437,28.7324,27.3239,16.6198
2013-01-24,52.3392,23.3918,24.2690,28.0702
2013-01-31,48.0447,27.6536,24.3017,23.7430
2013-02-07,42.7673,27.6730,29.5597,13.2076
2013-02-14,42.2535,29.0141,28.7324,13.5211
2013-02-21,41.7857,25.7143,32.5000,9.2857
2013-02-28,28.3912,35.0158,36.5931,-8.2019
2013-03-07,31.0559,30.4348,38.5093,-7.4534
2013-03-14,45.4200,22.5500,32.0300,13.3900
2013-03-21,38.9439,27.7228,33.3333,5.6106
2013-03-28,38.3954,32.9513,28.6533,9.7421
2013-04-04,35.4930,36.3380,28.1690,7.3240
2013-04-11,19.3103,26.2069,54.4828,-35.1725
2013-04-18,26.8493,24.9315,48.2192,-21.3699
2013-04-25,28.2895,32.8947,38.8158,-10.5263
2013-05-02,30.9859,33.0986,35.9155,-4.9296
2013-05-09,40.7942,31.7690,27.4368,13.3574
2013-05-16,38.4858,32.1767,29.3375,9.1483
2013-05-23,48.9726,29.4521,21.5753,27.3973
2013-05-30,35.9684,34.3874,29.6443,6.3241
2013-06-06,29.4737,31.5789,38.9474,-9.4737
2013-06-13,32.9730,32.4324,34.5946,-1.6216
2013-06-20,37.4532,32.5843,29.9625,7.4907
2013-06-27,30.2752,34.5566,35.1682,-4.8930
2013-07-04,41.9929,34.1637,23.8434,18.1495
2013-07-11,48.9362,32.7660,18.2979,30.6383
2013-07-18,47.7352,31.0105,21.2544,26.4808
2013-07-25,45.1178,32.3232,22.5589,22.5589
2013-08-01,35.6164,39.3836,25.0000,10.6164
2013-08-08,39.4984,33.8558,26.6458,12.8526
2013-08-15,34.5070,37.3239,28.1690,6.3380
2013-08-22,28.9575,28.1853,42.8571,-13.8996
2013-08-29,33.5404,35.7143,30.7453,2.7951
2013-09-05,35.5300,33.2200,31.2500,4.2800
2013-09-12,45.5150,29.9003,24.5847,20.9303
2013-09-19,45.1128,25.1880,29.6992,15.4136
2013-09-26,36.0544,33.3333,30.6122,5.4422
2013-10-03,37.8378,32.0946,30.0676,7.7702
2013-10-10,41.3284,25.0923,33.5793,7.7491
2013-10-17,46.2783,28.8026,24.9191,21.3592
2013-10-24,49.2013,33.2268,17.5719,31.6294
2013-10-31,44.9664,33.5570,21.4765,23.4899
2013-11-07,45.4829,32.7103,21.8069,23.6760
2013-11-14,39.1975,33.3333,27.4691,11.7284
2013-11-21,34.3931,36.1272,29.4798,4.9133
2013-11-28,47.3016,24.4444,28.2540,19.0476
2013-12-05,42.6415,29.8113,27.5472,15.0943
2013-12-12,41.2651,33.7349,25.0000,16.2651
2013-12-19,47.4576,27.4576,25.0847,22.3729
2013-12-26,55.0562,26.4045,18.5393,36.5169
2014-01-02,43.0894,27.6423,29.2683,13.8211
2014-01-09,43.6170,31.3830,25.0000,18.6170
2014-01-16,38.9920,39.5225,21.4854,17.5066
2014-01-23,38.1201,38.1201,23.7598,14.3603
2014-01-30,32.1839,35.0575,32.7586,-0.5747
2014-02-06,27.8960,35.6974,36.4066,-8.5106
2014-02-13,40.1478,32.5123,27.3399,12.8079
2014-02-20,42.2000,35.0000,22.8000,19.4000
2014-02-27,39.6907,39.1753,21.1340,18.5567
2014-03-06,40.5099,32.8612,26.6289,13.8810
2014-03-13,41.3408,31.8436,26.8156,14.5252
2014-03-20,36.7816,37.0690,26.1494,10.6322
2014-03-27,31.1615,40.2266,28.6119,2.5496
2014-04-03,35.3571,37.8571,26.7857,8.5714
2014-04-10,28.4768,37.4172,34.1060,-5.6292
2014-04-17,27.2171,38.5321,34.2508,-7.0337
2014-04-24,34.5029,39.4737,26.0234,8.4795
2014-05-01,29.7735,40.7767,29.4498,0.3237
2014-05-08,28.3439,42.9936,28.6624,-0.3185
2014-05-15,33.1210,44.2675,22.6115,10.5095
2014-05-22,30.4348,43.1677,26.3975,4.0373
2014-05-29,36.4641,40.3315,23.2044,13.2597
2014-06-05,39.5062,38.2716,22.2222,17.2840
2014-06-12,44.6875,34.0625,21.2500,23.4375
2014-06-19,35.1744,40.6977,24.1279,11.0465
2014-06-26,37.2208,41.6873,21.0918,16.1290
2014-07-03,38.5075,39.1045,22.3881,16.1194
2014-07-10,37.6404,33.7079,28.6517,8.9887
2014-07-17,32.3625,39.1586,28.4790,3.8835
2014-07-24,29.6296,40.4321,29.9383,-0.3087
2014-07-31,31.1224,37.7551,31.1224,0.0000
2014-08-07,30.8869,30.8869,38.2263,-7.3394
2014-08-14,39.8119,33.2288,26.9592,12.8527
2014-08-21,46.1078,30.2395,23.6527,22.4551
2014-08-28,51.9231,28.8462,19.2308,32.6923
2014-09-04,44.6746,31.3609,23.9645,20.7101
2014-09-11,40.3846,33.0128,26.6026,13.7820
2014-09-18,42.2360,34.7826,22.9814,19.2546
2014-09-25,41.8367,29.9320,28.2313,13.6054
2014-10-02,35.4167,33.6806,30.9028,4.5139
2014-10-09,39.8773,29.1411,30.9816,8.8957
2014-10-16,42.6630,23.6413,33.6957,8.9673
2014-10-23,49.6875,27.8125,22.5000,27.1875
2014-10-30,49.3711,29.5597,21.0692,28.3019
2014-11-06,52.6882,32.2581,15.0538,37.6344
2014-11-13,57.9310,22.7586,19.3103,38.6207
2014-11-20,49.1176,27.0588,23.8235,25.2941
2014-11-27,52.1452,27.0627,20.7921,31.3531
2014-12-04,42.6778,31.3808,25.9414,16.7364
2014-12-11,45.0172,32.6460,22.3368,22.6804
2014-12-18,38.7352,34.3874,26.8775,11.8577
2014-12-25,50.9434,30.1887,18.8679,32.0755
2015-01-01,51.7375,28.9575,19.3050,32.4325
2015-01-08,41.0072,31.2950,27.6978,13.3094
2015-01-15,46.1059,32.3988,21.4953,24.6106
2015-01-22,37.1429,32.0635,30.7937,6.3492
2015-01-29,44.1718,33.4356,22.3926,21.7792
2015-02-05,35.4949,32.0819,32.4232,3.0717
2015-02-12,40.0000,39.6721,20.3279,19.6721
2015-02-19,47.0199,35.0993,17.8808,29.1391
2015-02-26,45.3731,34.3284,20.2985,25.0746
2015-03-05,39.8026,36.8421,23.3553,16.4473
2015-03-12,31.5961,42.9967,25.4072,6.1889
2015-03-19,27.1605,41.3580,31.4815,-4.3210
2015-03-26,38.4298,37.1901,24.3802,14.0496
2015-04-02,35.3952,32.6460,31.9588,3.4364
2015-04-09,28.7016,47.1526,24.1458,4.5558
2015-04-16,32.0675,45.1477,22.7848,9.2827
2015-04-23,31.4700,45.3416,23.1884,8.2816
2015-04-30,30.8362,47.2125,21.9512,8.8850
2015-05-07,27.0563,46.1039,26.8398,0.2165
2015-05-14,26.7442,46.8992,26.3566,0.3876
2015-05-21,25.2119,49.7881,25.0000,0.2119
2015-05-28,27.0019,47.8585,25.1397,1.8622
2015-06-04,27.3399,48.0296,24.6305,2.7094
2015-06-11,20.0375,47.3783,32.5843,-12.5468
2015-06-18,25.4083,40.2904,34.3013,-8.8930
2015-06-25,35.5556,42.7778,21.6667,13.8889
2015-07-02,22.6121,42.3002,35.0877,-12.4756
2015-07-09,27.9070,42.9175,29.1755,-1.2685
2015-07-16,30.8108,45.9459,23.2432,7.5676
2015-07-23,32.5400,41.8700,25.6000,6.9400
2015-07-30,21.1055,38.1910,40.7035,-19.5980
2015-08-06,24.3187,44.0252,31.6562,-7.3375
2015-08-13,30.4519,33.3988,36.1493,-5.6974
2015-08-20,26.8199,39.8467,33.3333,-6.5134
2015-08-27,32.5000,29.2308,38.2692,-5.7692
2015-09-03,32.3843,35.9431,31.6726,0.7117
2015-09-10,34.6499,30.3411,35.0090,-0.3591
2015-09-17,33.2645,37.6033,29.1322,4.1323
2015-09-24,32.1199,39.1863,28.6938,3.4261
2015-10-01,28.1059,31.9756,39.9185,-11.8126
2015-10-08,37.5238,34.2857,28.1905,9.3333
2015-10-15,34.0816,38.7755,27.1429,6.9387
2015-10-22,34.7656,41.2109,24.0234,10.7422
2015-10-29,40.3922,39.0196,20.5882,19.8040
2015-11-05,39.0000,42.4000,18.6000,20.4000
2015-11-12,34.2723,42.7230,23.0047,11.2676
2015-11-19,30.7692,38.6813,30.5495,0.2197
2015-11-26,32.3601,41.6058,26.0341,6.3260
2015-12-03,29.4931,49.3088,21.1982,8.2949
2015-12-10,28.5057,41.6092,29.8851,-1.3794
2015-12-17,23.8663,36.7542,39.3795,-15.5132
2015-12-24,26.3804,42.1268,31.4928,-5.1124
2015-12-31,25.0729,51.3120,23.6152,1.4577
2016-01-07,22.1739,39.5652,38.2609,-16.0870
2016-01-14,17.8988,36.5759,45.5253,-27.6265
2016-01-21,21.5210,29.7735,48.7055,-27.1845
2016-01-28,29.7535,30.2817,39.9648,-10.2113
2016-02-04,27.5472,37.7358,34.7170,-7.1698
2016-02-11,19.2385,32.0641,48.6974,-29.4589
2016-02-18,27.5605,34.6369,37.8026,-10.2421
2016-02-25,31.1947,37.3894,31.4159,-0.2212
2016-03-03,32.0158,38.7352,29.2490,2.7668
2016-03-10,37.3576,38.2688,24.3736,12.9840
2016-03-17,29.9587,43.1818,26.8595,3.0992
2016-03-24,33.7808,42.5056,23.7136,10.0672
2016-03-31,27.1805,47.0588,25.7606,1.4199
2016-04-07,32.1918,46.3470,21.4612,10.7306
2016-04-14,27.8481,47.2574,24.8945,2.9536
2016-04-21,33.4052,42.6724,23.9224,9.4828
2016-04-28,27.3663,44.0329,28.6008,-1.2345
2016-05-05,22.3301,47.3301,30.3398,-8.0097
2016-05-12,20.4082,48.2993,31.2925,-10.8843
2016-05-19,19.3384,46.5649,34.0967,-14.7583
2016-05-26,17.7515,52.8600,29.3886,-11.6371
2016-06-02,30.1676,40.7821,29.0503,1.1173
2016-06-09,27.8317,44.3366,27.8317,0.0000
2016-06-16,25.3472,37.1528,37.5000,-12.1528
2016-06-23,21.9697,42.8030,35.2273,-13.2576
2016-06-30,28.9125,37.6658,33.4218,-4.5093
2016-07-07,31.0573,42.2907,26.6520,4.4053
2016-07-14,36.8664,38.7097,24.4240,12.4424
2016-07-21,35.4251,37.8543,26.7206,8.7045
2016-07-28,31.2500,40.3409,28.4091,2.8409
2016-08-04,29.7872,43.4397,26.7730,3.0142
2016-08-11,31.2925,41.9501,26.7574,4.5351
2016-08-18,35.5649,38.0753,26.3598,9.2051
2016-08-25,29.4243,40.9382,29.6375,-0.2132
2016-09-01,28.6000,39.8700,31.5200,-2.9200
2016-09-08,29.7468,41.7722,28.4810,1.2658
2016-09-15,27.9379,36.1419,35.9202,-7.9823
2016-09-22,24.8260,36.8910,38.2831,-13.4571
2016-09-29,24.0000,38.8889,37.1111,-13.1111
2016-10-06,28.7946,43.3036,27.9018,0.8928
2016-10-13,25.4717,40.8019,33.7264,-8.2547
2016-10-20,23.7395,38.4454,37.8151,-14.0756
2016-10-27,24.7549,41.1765,34.0686,-9.3137
2016-11-03,23.6364,42.0455,34.3182,-10.6818
2016-11-10,38.8889,31.7778,29.3333,9.5556
2016-11-17,46.6531,26.7748,26.5720,20.0811
2016-11-24,49.8938,28.0255,22.0807,27.8131
2016-12-01,43.7751,31.1245,25.1004,18.6747
2016-12-08,43.1211,30.3901,26.4887,16.6324
2016-12-15,44.6575,23.0137,32.3288,12.3287
2016-12-22,44.6064,26.2391,29.1545,15.4519
2016-12-29,45.5696,28.6920,25.7384,19.8312
2017-01-05,46.2006,28.5714,25.2280,20.9726
2017-01-12,43.6364,29.3939,26.9697,16.6667
2017-01-19,37.0079,30.3150,32.6772,4.3307
2017-01-26,31.5789,34.9282,33.4928,-1.9139
2017-02-02,32.7982,33.0275,34.1743,-1.3761
2017-02-09,35.8025,36.5432,27.6543,8.1482
2017-02-16,33.0909,34.5455,32.3636,0.7273
2017-02-23,38.4615,29.2308,32.3077,6.1538
2017-03-02,37.9085,26.4706,35.6209,2.2876
2017-03-09,30.0000,23.5000,46.5000,-16.5000
2017-03-16,31.1688,30.1299,38.7013,-7.5325
2017-03-23,35.2785,34.2175,30.5040,4.7745
2017-03-30,30.2181,32.3988,37.3832,-7.1651
2017-04-06,28.3019,32.0755,39.6226,-11.3207
2017-04-13,28.9720,33.6449,37.3832,-8.4112
2017-04-20,25.7062,35.5932,38.7006,-12.9944
2017-04-27,38.0488,30.2439,31.7073,6.3415
2017-05-04,38.0711,31.9797,29.9492,8.1219
2017-05-11,32.7338,37.0504,30.2158,2.5180
2017-05-18,23.8532,41.8960,34.2508,-10.3976
2017-05-25,32.8571,37.1429,30.0000,2.8571
2017-06-01,26.9231,41.5385,31.5385,-4.6154
2017-06-08,35.4331,35.0394,29.5276,5.9055
2017-06-15,32.2709,38.2470,29.4821,2.7888
2017-06-22,32.6531,38.4354,28.9116,3.7415
2017-06-29,29.7143,43.4286,26.8571,2.8572
2017-07-06,29.5775,40.5634,29.8592,-0.2817
2017-07-13,28.2407,42.1296,29.6296,-1.3889
2017-07-20,35.4839,38.7097,25.8065,9.6774
2017-07-27,34.4595,41.2162,24.3243,10.1352
2017-08-03,36.1111,31.7901,32.0988,4.0123
2017-08-10,33.6667,34.0000,32.3333,1.3334
2017-08-17,34.1743,33.0275,32.7982,1.3761
2017-08-24,28.0992,33.6088,38.2920,-10.1928
2017-08-31,25.0000,35.1064,39.8936,-14.8936
2017-09-07,29.2776,34.9810,35.7414,-6.4638
2017-09-14,41.2879,36.7424,21.9697,19.3182
2017-09-21,40.1361,32.6531,27.2109,12.9252
2017-09-28,33.3333,37.9310,28.7356,4.5977
2017-10-05,35.6000,31.6000,32.8000,2.8000
2017-10-12,39.7661,33.3333,26.9006,12.8655
2017-10-19,37.9310,34.1379,27.9310,10.0000
2017-10-26,39.6396,27.3273,33.0330,6.6066
2017-11-02,45.0549,26.3736,28.5714,16.4835
2017-11-09,45.1049,31.8182,23.0769,22.0280
2017-11-16,29.3478,35.4348,35.2174,-5.8696
2017-11-23,35.4930,35.4930,29.0141,6.4789
2017-11-30,35.9459,32.4324,31.6216,4.3243
2017-12-07,36.8771,28.9037,34.2193,2.6578
2017-12-14,45.0000,26.8750,28.1250,16.8750
2017-12-21,50.4975,23.8806,25.6219,24.8756
2017-12-28,52.6455,26.7196,20.6349,32.0106
2018-01-04,59.7531,24.6914,15.5556,44.1975
2018-01-11,48.6726,26.2537,25.0737,23.5989
2018-01-18,54.1133,24.4973,21.3894,32.7239
2018-01-25,45.4545,30.5195,24.0260,21.4285
2018-02-01,44.7712,26.4706,28.7582,16.0130
2018-02-08,37.0277,27.9597,35.0126,2.0151
2018-02-15,48.5194,30.0683,21.4123,27.1071
2018-02-22,44.6512,32.5581,22.7907,21.8605
2018-03-01,37.2832,39.3064,23.4104,13.8728
2018-03-08,26.4026,45.2145,28.3828,-1.9802
2018-03-15,36.8421,41.8283,21.3296,15.5125
2018-03-22,33.2344,38.2789,28.4866,4.7478
2018-03-29,31.9361,32.7345,35.3293,-3.3932
2018-04-05,31.8966,31.4655,36.6379,-4.7413
2018-04-12,26.0870,31.1594,42.7536,-16.6666
2018-04-19,37.7834,32.9975,29.2191,8.5643
2018-04-26,36.9085,37.5394,25.5521,11.3564
2018-05-03,28.3951,41.3580,30.2469,-1.8518
2018-05-10,33.5106,40.9574,25.5319,7.9787
2018-05-17,36.6755,42.7441,20.5805,16.0950
2018-05-24,38.5621,36.2745,25.1634,13.3987
2018-05-31,35.0181,38.6282,26.3538,8.6643
2018-06-07,38.9313,34.3511,26.7176,12.2137
2018-06-14,44.7802,33.5165,21.7033,23.0769
2018-06-21,38.7187,35.0975,26.1838,12.5349
2018-06-28,28.4483,30.7471,40.8046,-12.3563
2018-07-05,27.8552,32.8691,39.2758,-11.4206
2018-07-12,43.0508,27.7966,29.1525,13.8983
2018-07-19,34.6633,40.3990,24.9377,9.7256
2018-07-26,31.5217,41.5761,26.9022,4.6195
2018-08-02,29.1105,38.8140,32.0755,-2.9650
2018-08-09,36.3636,32.6019,31.0345,5.3291
2018-08-16,36.1702,34.7518,29.0780,7.0922
2018-08-23,38.4615,34.4729,27.0655,11.3960
2018-08-30,43.4959,32.1138,24.3902,19.1057
2018-09-06,42.2222,31.4815,26.2963,15.9259
2018-09-13,32.0896,35.0746,32.8358,-0.7462
2018-09-20,32.0423,35.9155,32.0423,0.0000
2018-09-27,36.2205,32.6772,31.1024,5.1181
2018-10-04,45.6621,29.2237,25.1142,20.5479
2018-10-11,30.6061,33.9394,35.4545,-4.8484
2018-10-18,33.9350,31.0469,35.0181,-1.0831
2018-10-25,27.9693,31.0345,40.9962,-13.0269
2018-11-01,37.9310,27.5862,34.4828,3.4482
2018-11-08,41.2844,27.5229,31.1927,10.0917
2018-11-15,35.0877,28.9474,35.9649,-0.8772
2018-11-22,25.2525,27.6094,47.1380,-21.8855
2018-11-29,33.8816,26.6447,39.4737,-5.5921
2018-12-06,37.9433,31.5603,30.4965,7.4468
2018-12-13,20.9040,30.2260,48.8701,-27.9661
2018-12-20,24.8649,27.8378,47.2973,-22.4324
2018-12-27,31.5476,18.1548,50.2976,-18.7500
2019-01-03,33.0189,24.2138,42.7673,-9.7484
2019-01-10,38.4615,32.1678,29.3706,9.0909
2019-01-17,33.5347,30.2115,36.2538,-2.7191
2019-01-24,37.6590,30.0254,32.3155,5.3435
2019-01-31,31.7568,36.4865,31.7568,0.0000
2019-02-07,39.8734,37.3418,22.7848,17.0886
2019-02-14,35.1032,39.8230,25.0737,10.0295
2019-02-21,39.3189,35.2941,25.3870,13.9319
2019-02-28,41.6327,38.3673,20.0000,21.6327
2019-03-07,37.3860,35.8663,26.7477,10.6383
2019-03-14,32.4232,36.5188,31.0580,1.3652
2019-03-21,37.3016,39.2857,23.4127,13.8889
2019-03-28,33.2000,39.6000,27.2000,6.0000
2019-04-04,35.0211,36.7089,28.2700,6.7511
2019-04-11,40.2878,39.3285,20.3837,19.9041
2019-04-18,37.5635,40.6091,21.8274,15.7361
2019-04-25,33.5227,46.3068,20.1705,13.3522
2019-05-02,39.0244,39.6341,21.3415,17.6829
2019-05-09,43.1159,33.6957,23.1884,19.9275
2019-05-16,29.8246,30.8772,39.2982,-9.4736
2019-05-23,24.7059,39.2157,36.0784,-11.3725
2019-05-30,24.7934,35.1240,40.0826,-15.2892
2019-06-06,22.5275,34.8901,42.5824,-20.0549
2019-06-13,26.8398,38.9610,34.1991,-7.3593
2019-06-20,29.5082,38.3607,32.1311,-2.6229
2019-06-27,29.5890,38.3562,32.0548,-2.4658
2019-07-03,33.1551,34.4920,32.3529,0.8022
2019-07-11,33.6111,38.8889,27.5000,6.1111
2019-07-18,35.9296,35.4271,28.6432,7.2864
2019-07-25,31.7416,36.2360,32.0225,-0.2809
2019-08-01,38.4375,37.5000,24.0625,14.3750
2019-08-08,21.6561,30.1486,48.1953,-26.5392
2019-08-15,23.1760,31.9742,44.8498,-21.6738
2019-08-22,26.6355,33.6449,39.7196,-13.0841
2019-08-29,26.1307,31.6583,42.2111,-16.0804
2019-09-05,28.6420,31.8519,39.5062,-10.8642
2019-09-12,33.1250,35.6250,31.2500,1.8750
2019-09-19,35.3383,36.8421,27.8195,7.5188
2019-09-26,29.3737,37.3650,33.2613,-3.8876
2019-10-03,21.3740,39.1858,39.4402,-18.0662
2019-10-10,20.3085,35.7326,43.9589,-23.6504
2019-10-17,33.6182,35.3276,31.0541,2.5641
2019-10-24,35.6021,36.1257,28.2723,7.3298
2019-10-31,33.9759,37.5904,28.4337,5.5422
2019-11-07,40.3023,35.7683,23.9295,16.3728
2019-11-14,40.7229,34.4578,24.8193,15.9036
2019-11-21,34.2432,36.7246,29.0323,5.2109
2019-11-29,33.6391,36.0856,30.2752,3.3639
2019-12-05,31.7152,39.1586,29.1262,2.5890
2019-12-12,37.6316,36.3158,26.0526,11.5790
2019-12-19,44.0945,35.4331,20.4724,23.6221
2019-12-26,41.8879,36.5782,21.5339,20.3540
2020-01-02,37.2159,40.9091,21.8750,15.3409
2020-01-09,33.0688,37.0370,29.8942,3.1746
2020-01-16,41.8338,30.6590,27.5072,14.3266
2020-01-23,45.6019,29.6296,24.7685,20.8334
2020-01-30,31.9783,31.1653,36.8564,-4.8781
2020-02-06,33.8710,30.9140,35.2151,-1.3441
2020-02-13,41.3333,32.2667,26.4000,14.9333
2020-02-20,40.5594,30.7692,28.6713,11.8881
2020-02-27,30.4348,30.4348,39.1304,-8.6956
2020-03-05,38.7387,21.6216,39.6396,-0.9009
2020-03-12,29.7386,18.9542,51.3072,-21.5686
2020-03-19,34.3511,14.5038,51.1450,-16.7939
2020-03-26,32.9016,15.0259,52.0725,-19.1709
2020-04-02,34.2391,16.0326,49.7283,-15.4892
2020-04-09,36.5994,18.7320,44.6686,-8.0692
2020-04-16,34.8601,22.3919,42.7481,-7.8880
2020-04-23,24.8634,25.1366,50.0000,-25.1366
2020-04-30,30.5970,25.3731,44.0299,-13.4329
2020-05-07,23.6686,23.6686,52.6627,-28.9941
2020-05-14,23.3129,26.0736,50.6135,-27.3006
2020-05-21,29.0043,25.9740,45.0216,-16.0173
2020-05-28,33.0709,24.8031,42.1260,-9.0551
2020-06-04,34.5515,26.5781,38.8704,-4.3189
2020-06-11,34.2767,27.6730,38.0503,-3.7736
2020-06-18,24.3671,27.8481,47.7848,-23.4177
2020-06-25,24.1379,26.9592,48.9028,-24.7649
2020-07-02,22.1519,31.9620,45.8861,-23.7342
2020-07-09,27.1552,30.1724,42.6724,-15.5172
2020-07-16,30.8370,23.7885,45.3744,-14.5374
2020-07-23,26.0563,27.1127,46.8310,-20.7747
2020-07-30,20.2290,31.2977,48.4733,-28.2443
2020-08-06,23.2877,29.1096,47.6027,-24.3150
2020-08-13,30.0366,27.8388,42.1245,-12.0879
2020-08-20,30.3887,27.2085,42.4028,-12.0141
2020-08-27,32.0755,28.3019,39.6226,-7.5471
2020-09-03,30.8017,27.4262,41.7722,-10.9705
2020-09-10,23.7113,27.8351,48.4536,-24.7423
2020-09-17,32.0197,27.5862,40.3941,-8.3744
2020-09-24,24.8945,29.1139,45.9916,-21.0971
2020-10-01,26.2376,30.6931,43.0693,-16.8317
2020-10-08,34.7418,26.2911,38.9671,-4.2253
2020-10-15,34.7826,29.4686,35.7488,-0.9662
2020-10-22,35.7466,31.2217,33.0317,2.7149
2020-10-29,35.2941,29.4118,35.2941,0.0000
2020-11-05,37.9630,30.5556,31.4815,6.4815
2020-11-12,55.8376,19.2893,24.8731,30.9645
2020-11-19,44.3515,29.2887,26.3598,17.9917
2020-11-27,47.2527,25.2747,27.4725,19.7802
2020-12-03,49.0706,28.2528,22.6766,26.3940
2020-12-10,48.0565,25.0883,26.8551,21.2014
2020-12-17,43.4263,30.2789,26.2948,17.1315
2020-12-24,43.5685,34.4398,21.9917,21.5768
2020-12-31,46.0784,27.1242,26.7974,19.2810
2021-01-07,45.1900,23.0800,31.7300,13.4600
2021-01-21,42.5466,22.9814,34.4720,8.0746
2021-01-28,37.6623,24.0260,38.3117,-0.6494
2021-02-04,37.3529,27.0588,35.5882,1.7647
2021-02-11,45.4545,28.2828,26.2626,19.1919
2021-02-18,47.0588,27.5542,25.3870,21.6718
2021-02-25,45.9283,30.2932,23.7785,22.1498
2021-03-04,40.2597,34.4156,25.3247,14.9350
2021-03-11,49.4118,27.0588,23.5294,25.8824
2021-03-18,48.9437,27.4648,23.5915,25.3522
2021-03-25,50.9494,28.4810,20.5696,30.3798
2021-04-01,45.8333,30.9524,23.2143,22.6190
2021-04-08,56.9079,22.6974,20.3947,36.5132
2021-04-15,53.8206,21.5947,24.5847,29.2359
2021-04-22,52.6814,26.8139,20.5047,32.1767
2021-04-29,42.5676,31.7568,25.6757,16.8919
2021-05-06,44.3137,32.5490,23.1373,21.1764
2021-05-13,36.5188,36.5188,26.9625,9.5563
2021-05-20,37.0253,36.7089,26.2658,10.7595
2021-05-27,36.4286,37.1429,26.4286,10.0000
2021-06-03,44.0729,36.1702,19.7568,24.3161
2021-06-10,40.2256,39.0977,20.6767,19.5489
2021-06-17,41.1215,32.7103,26.1682,14.9533
2021-06-24,40.4167,36.2500,23.3333,17.0834
2021-07-01,48.6486,29.1892,22.1622,26.4864
2021-07-08,40.1961,35.2941,24.5098,15.6863
2021-07-15,36.1702,37.0213,26.8085,9.3617
2021-07-22,30.6452,38.7097,30.6452,0.0000
2021-07-29,36.1607,39.7321,24.1071,12.0536
2021-08-05,36.0656,32.2404,31.6940,4.3716
2021-08-12,36.9748,31.5126,31.5126,5.4622
2021-08-19,33.1731,31.7308,35.0962,-1.9231
2021-08-26,39.5604,27.4725,32.9670,6.5934
2021-09-02,43.4343,23.2323,33.3333,10.1010
2021-09-09,38.8889,33.8889,27.2222,11.6667
2021-09-16,22.4490,38.2653,39.2857,-16.8367
2021-09-23,29.8969,30.9278,39.1753,-9.2784
2021-09-30,28.1437,31.1377,40.7186,-12.5749
2021-10-07,25.4717,37.7358,36.7925,-11.3208
2021-10-14,37.9147,30.3318,31.7536,6.1611
2021-10-21,46.8900,25.3589,27.7512,19.1388
2021-10-27,39.8268,30.7359,29.4372,10.3896
2021-11-04,41.5000,32.5000,26.0000,15.5000
2021-11-11,48.0000,28.0000,24.0000,24.0000
2021-11-18,38.8393,33.9286,27.2321,11.6072
2021-11-24,33.8095,30.4762,35.7143,-1.9048
2021-12-02,26.6667,30.9524,42.3810,-15.7143
2021-12-09,29.7189,39.7590,30.5221,-0.8032
2021-12-16,25.2427,35.4369,39.3204,-14.0777
2021-12-23,29.5699,36.5591,33.8710,-4.3011
2021-12-30,37.6569,31.7992,30.5439,7.1130
2022-01-06,32.7586,33.9080,33.3333,-0.5747
2022-01-13,24.9071,36.8030,38.2900,-13.3829
2022-01-20,20.9607,32.3144,46.7249,-25.7642
2022-01-27,23.1373,23.9216,52.9412,-29.8039
2022-02-03,26.4925,29.8507,43.6567,-17.1642
2022-02-10,24.3590,40.1709,35.4701,-11.1111
2022-02-17,19.2488,37.5587,43.1925,-23.9437
2022-02-24,23.3945,22.9358,53.6697,-30.2752
2022-03-03,30.3867,28.1768,41.4365,-11.0498
2022-03-10,24.0000,30.2222,45.7778,-21.7778
2022-03-17,22.4670,27.7533,49.7797,-27.3127
2022-03-24,32.8042,31.7460,35.4497,-2.6455
2022-03-31,31.8841,40.5797,27.5362,4.3479
2022-04-07,24.7126,33.9080,41.3793,-16.6667
2022-04-14,15.8371,35.7466,48.4163,-32.5792
2022-04-21,18.8679,37.2642,43.8679,-25.0000
2022-04-28,16.4384,24.2009,59.3607,-42.9223
2022-05-05,26.8722,20.2643,52.8634,-25.9912
2022-05-12,24.3243,26.6409,49.0347,-24.7104
2022-05-19,25.9690,23.6434,50.3876,-24.4186
2022-05-26,19.8488,26.6541,53.4972,-33.6484
2022-06-02,32.0175,30.9211,37.0614,-5.0439
2022-06-09,21.0227,32.1023,46.8750,-25.8523
2022-06-16,19.4444,22.2222,58.3333,-38.8889
2022-06-23,18.2033,22.4586,59.3381,-41.1348
2022-06-30,22.7790,30.5239,46.6970,-23.9180
2022-07-07,19.3820,27.8090,52.8090,-33.4270
2022-07-14,26.8882,26.5861,46.5257,-19.6375
2022-07-21,29.5890,28.2192,42.1918,-12.6028
2022-07-28,27.7228,32.1782,40.0990,-12.3762
2022-08-04,30.5556,30.5556,38.8889,-8.3333
2022-08-11,32.1543,31.1897,36.6559,-4.5016
2022-08-18,33.3333,29.5139,37.1528,-3.8195
2022-08-25,27.7008,29.9169,42.3823,-14.6815
2022-09-01,21.9178,27.6712,50.4110,-28.4932
2022-09-08,18.0685,28.6604,53.2710,-35.2025
2022-09-15,26.1324,27.8746,45.9930,-19.8606
2022-09-22,17.7258,21.4047,60.8696,-43.1438
2022-09-29,19.9525,19.2399,60.8076,-40.8551
2022-10-06,23.9193,21.3256,54.7550,-30.8357
2022-10-13,20.3647,23.7082,55.9271,-35.5624
2022-10-20,22.5989,21.1864,56.2147,-33.6158
2022-10-27,26.5896,27.7457,45.6647,-19.0751
2022-11-03,30.5648,36.5449,32.8904,-2.3256
2022-11-10,25.0871,27.8746,47.0383,-21.9512
2022-11-17,33.4520,26.3345,40.2135,-6.7615
2022-11-24,28.8630,30.9038,40.2332,-11.3702
2022-12-01,24.4681,35.1064,40.4255,-15.9574
2022-12-08,24.7273,33.4545,41.8182,-17.0909
2022-12-15,24.3028,31.0757,44.6215,-20.3187
2022-12-22,20.3077,27.3846,52.3077,-32.0000
2022-12-29,26.4881,25.8929,47.6190,-21.1309
2023-01-05,20.5128,37.5000,41.9872,-21.4744
2023-01-12,24.0283,36.0424,39.9293,-15.9010
2023-01-19,30.9711,35.9580,33.0709,-2.0998
2023-01-26,28.3668,34.9570,36.6762,-8.3094
2023-02-02,29.9003,35.5482,34.5515,-4.6512
2023-02-09,37.5000,37.5000,25.0000,12.5000
2023-02-16,34.1176,37.0588,28.8235,5.2941
2023-02-23,21.6471,39.7647,38.5882,-16.9411
2023-03-02,23.3766,31.8182,44.8052,-21.4286
2023-03-09,24.8276,33.4483,41.7241,-16.8965
2023-03-16,19.2171,32.3843,48.3986,-29.1815
2023-03-23,20.9497,30.1676,48.8827,-27.9330
2023-03-30,22.5100,31.8700,45.6100,-23.1000
2023-04-06,33.3300,31.6500,35.0200,-1.6900
2023-04-13,26.0500,39.4600,34.4800,-8.4300
2023-04-20,27.2152,37.6582,35.1266,-7.9114
2023-04-27,24.1379,37.3563,38.5057,-14.3678
2023-05-04,24.0816,31.0204,44.8980,-20.8164
2023-05-11,29.3893,29.3893,41.2214,-11.8321
2023-05-18,22.8956,37.3737,39.7306,-16.8350
2023-05-25,27.3846,32.9231,39.6923,-12.3077
2023-06-01,29.0541,34.1216,36.8243,-7.7702
2023-06-08,44.5483,31.1526,24.2991,20.2492
2023-06-15,45.1820,32.1199,22.6981,22.4839
2023-06-22,42.8571,29.3878,27.7551,15.1020
2023-06-29,41.9277,30.6024,27.4699,14.4578
2023-07-06,46.3918,29.1237,24.4845,21.9073
2023-07-13,40.9984,33.1395,25.8721,15.1263
2023-07-20,51.3575,27.1493,21.4932,29.8643
2023-07-27,44.9064,30.9771,24.1164,20.7900
2023-08-03,48.9848,29.6954,21.3198,27.6650
2023-08-10,44.6991,29.7994,25.5014,19.1977
2023-08-17,35.8904,33.9726,30.1370,5.7534
2023-08-24,32.2654,31.8078,35.9268,-3.6614
2023-08-31,33.0935,32.3741,34.5324,-1.4389
2023-09-07,42.1918,28.2192,29.5890,12.6028
2023-09-14,34.4156,36.3636,29.2208,5.1948
2023-09-21,31.2977,34.0967,34.6056,-3.3079
2023-09-28,27.7916,31.2655,40.9429,-13.1513
2023-10-05,30.1020,28.3163,41.5816,-11.4796
2023-10-12,40.0000,23.5135,36.4865,3.5135
2023-10-19,34.0659,31.3187,34.6154,-0.5495
2023-10-26,29.2804,27.5434,43.1762,-13.8958
2023-11-02,24.3094,25.4144,50.2762,-25.9668
2023-11-09,42.6036,30.1775,27.2189,15.3847
2023-11-16,43.7838,28.1081,28.1081,15.6757
2023-11-23,45.2991,31.0541,23.6467,21.6524
2023-11-30,48.7578,31.6770,19.5652,29.1926
2023-12-07,47.3118,25.2688,27.4194,19.8924
2023-12-14,51.2968,29.3948,19.3084,31.9884
2023-12-21,52.9248,26.1838,20.8914,32.0334
2023-12-28,46.3291,28.6076,25.0633,21.2658
2024-01-04,48.5640,27.9373,23.4987,25.0653
2024-01-11,48.5861,27.2494,24.1645,24.4216
2024-01-18,40.3756,32.8638,26.7606,13.6150
2024-01-25,39.2683,34.6341,26.0976,13.1707
2024-02-01,49.0667,26.4000,24.5333,24.5334
2024-02-08,49.0251,28.4123,22.5627,26.4624
2024-02-15,42.1717,31.0606,26.7677,15.4040
2024-02-22,44.2771,29.5181,26.2048,18.0723
2024-02-29,46.4968,32.1656,21.3376,25.1592
2024-03-07,51.7350,26.4984,21.7666,29.9684
2024-03-14,45.8967,32.2188,21.8845,24.0122
2024-03-21,43.2024,29.6073,27.1903,16.0121
2024-03-28,50.0000,27.5510,22.4490,27.5510
2024-04-04,47.2868,30.4910,22.2222,25.0646
2024-04-11,43.4426,32.5137,24.0437,19.3989
2024-04-18,38.2749,27.7628,33.9623,4.3126
2024-04-25,32.1337,33.9332,33.9332,-1.7995
2024-05-02,38.4858,29.0221,32.4921,5.9937
2024-05-09,40.8163,35.3741,23.8095,17.0068
2024-05-16,40.8638,35.8804,23.2558,17.6080
2024-05-23,47.0395,26.6447,26.3158,20.7237
2024-05-30,39.0411,34.2466,26.7123,12.3288
2024-06-06,38.9706,29.0441,31.9853,6.9853
2024-06-13,44.5946,29.7297,25.6757,18.9189
2024-06-20,44.3730,33.1190,22.5080,21.8650
2024-06-27,44.4882,27.1654,28.3465,16.1417
2024-07-04,41.7391,32.1739,26.0870,15.6521
2024-07-11,49.1803,29.0984,21.7213,27.4590
2024-07-18,52.7473,23.8095,23.4432,29.3041
2024-07-25,43.1734,25.0923,31.7343,11.4391
2024-08-01,44.8819,29.9213,25.1969,19.6850
2024-08-08,40.5405,22.0077,37.4517,3.0888
2024-08-15,42.5397,28.5714,28.8889,13.6508
2024-08-22,51.6129,24.7312,23.6559,27.9570
2024-08-29,51.1628,21.8605,26.9767,24.1861
2024-09-05,45.3287,29.7578,24.9135,20.4152
2024-09-12,39.7959,29.2517,30.9524,8.8435
2024-09-19,50.8251,22.7723,26.4026,24.4225
2024-09-26,49.6241,26.6917,23.6842,25.9399
2024-10-03,45.4545,27.2727,27.2727,18.1818
2024-10-10,49.0119,30.4348,20.5534,28.4585
2024-10-17,45.4545,29.1667,25.3788,20.0757
2024-10-24,37.7049,32.3770,29.9180,7.7869
2024-10-31,39.4850,29.6137,30.9013,8.5837
2024-11-07,41.5441,30.8824,27.5735,13.9706
2024-11-14,49.8442,21.8069,28.3489,21.4953
2024-11-21,41.2903,25.4839,33.2258,8.0645
2024-11-28,37.0518,24.3028,38.6454,-1.5936
2024-12-05,48.3333,21.0000,30.6667,17.6666
2024-12-12,43.3333,25.0000,31.6667,11.6666
2024-12-19,40.7143,27.8571,31.4286,9.2857
2024-12-26,37.8049,28.0488,34.1463,3.6586
2025-01-02,35.4430,30.3797,34.1772,1.2658
2025-01-09,34.6674,27.9570,37.3656,-2.6982
2025-01-16,25.4286,34.0000,40.5714,-15.1428
2025-01-23,43.4286,27.1429,29.4286,14.0000
2025-01-30,40.9639,25.0000,34.0361,6.9278
2025-02-06,33.3333,23.8095,42.8571,-9.5238
2025-02-13,28.4153,24.3169,47.2678,-18.8525
2025-02-20,29.1908,30.3468,40.4624,-11.2716
2025-02-27,19.3846,20.0000,60.6154,-41.2308
2025-03-06,19.3333,23.5556,57.1111,-37.7778
2025-03-13,19.1083,21.6561,59.2357,-40.1274
2025-03-20,21.5812,20.2991,58.1197,-36.5385
2025-03-27,27.4194,20.4301,52.1505,-24.7311
2025-04-03,21.7617,16.3212,61.9171,-40.1554
2025-04-10,28.5171,12.5475,58.9354,-30.4183
2025-04-17,25.4364,17.7057,56.8579,-31.4215
2025-04-24,21.9373,22.5071,55.5556,-33.6183
2025-05-01,20.9440,19.7640,59.2920,-38.3480
2025-05-08,29.4479,19.0184,51.5337,-22.0858
2025-05-15,35.9322,19.6610,44.4068,-8.4746
2025-05-22,37.7049,25.5738,36.7213,0.9836
2025-05-29,32.8904,25.2492,41.8605,-8.9701
2025-06-05,32.6599,25.9259,41.4141,-8.7542
2025-06-12,36.6667,29.7436,33.5897,3.0770
2025-06-19,33.2090,25.3731,41.4179,-8.2089
2025-06-26,35.0694,24.6528,40.2778,-5.2084
2025-07-03,45.0161,21.8650,33.1190,11.8971
2025-07-10,41.3793,22.9885,35.6322,5.7471
2025-07-17,39.2655,21.7514,38.9831,0.2824
2025-07-24,36.7781,29.1793,34.0426,2.7355
2025-07-31,40.3333,26.6667,33.0000,7.3333
2025-08-07,34.8703,21.9020,43.2277,-8.3574
2025-08-14,29.8817,23.9645,46.1538,-16.2721
2025-08-21,30.8442,24.3506,44.8052,-13.9610
2025-08-28,34.6021,25.9516,39.4464,-4.8443
2025-09-04,32.6861,23.9482,43.3657,-10.6796
2025-09-11,28.0277,22.4913,49.4810,-21.4533
2025-09-18,41.6667,15.9722,42.3611,-0.6944
2025-09-25,41.7266,19.0647,39.2086,2.5180
2025-10-02,42.9167,17.9167,39.1667,3.7500
2025-10-09,45.8746,18.4818,35.6436,10.2310
2025-10-16,33.6601,20.2614,46.0784,-12.4183
2025-10-23,36.8601,20.4778,42.6621,-5.8020
2025-10-30,44.0273,19.1126,36.8601,7.1672
2025-11-06,37.9661,25.7627,36.2712,1.6949
2025-11-13,31.6151,19.2440,49.1409,-17.5258
2025-11-20,32.5758,23.8636,43.5606,-10.9848
2025-11-27,32.0285,25.2669,42.7046,-10.6761
2025-12-04,44.2907,24.9135,30.7958,13.4949
2025-12-11,44.5860,24.8408,30.5732,14.0128
2025-12-18,44.1406,22.6563,33.2031,10.9375
2025-12-25,37.4449,27.7533,34.8018,2.6431
2026-01-01,42.0354,30.9735,26.9912,15.0442
2026-01-08,42.4920,27.4760,30.0319,12.4601
2026-01-15,49.5017,22.2591,28.2392,21.2625
2026-01-22,43.1655,24.1007,32.7338,10.4317
2026-01-29,44.4000,24.8000,30.8000,13.6000
2026-02-05,39.6670,31.3333,29.0000,10.6670
2026-02-12,38.5214,23.3463,38.1323,0.3891
2026-02-19,34.5382,28.5141,36.9478,-2.4096
2026-02-26,33.1967,27.0492,39.7541,-6.5574
2026-03-05,33.0579,31.4050,35.5372,-2.4793
2026-03-12,31.9392,21.6730,46.3878,-14.4486
2026-03-19,30.4000,17.6000,52.0000,-21.6000
2026-03-26,32.0988,18.1070,49.7942,-17.6954
2026-04-02,33.5714,15.0000,51.4286,-17.8572
2026-04-09,35.7466,21.2670,42.9864,-7.2398
2026-04-16,31.7308,25.4808,42.7885,-11.0577
2026-04-23,46.0465,19.5349,34.4186,11.6279
2026-04-30,38.1323,22.1790,39.6887,-1.5564
2026-05-07,38.3142,28.7356,32.9502,5.3640
2026-05-14,39.3220,24.0678,36.6102,2.7118
2026-05-21,31.7181,24.6696,43.6123,-11.8942
2026-05-28,35.5560,22.5926,41.8519,-6.2959
