Date,CCC,B,BB,HY,IG,BBB,CCCY
2023-10-06,9.76,4.52,2.97,4.33,1.29,1.58,
2023-10-09,9.78,4.53,2.97,4.34,1.29,1.58,14.69
2023-10-10,9.66,4.43,2.91,4.26,1.29,1.58,14.41
2023-10-11,9.61,4.43,2.90,4.25,1.27,1.57,14.38
2023-10-12,9.67,4.43,2.89,4.25,1.26,1.56,14.54
2023-10-13,9.72,4.49,2.93,4.30,1.27,1.57,14.55
2023-10-16,9.70,4.46,2.92,4.27,1.27,1.56,14.56
2023-10-17,9.69,4.44,2.88,4.25,1.27,1.56,14.69
2023-10-18,9.79,4.51,2.94,4.32,1.29,1.58,14.83
2023-10-19,9.91,4.55,2.98,4.37,1.31,1.60,14.95
2023-10-20,10.11,4.72,3.11,4.52,1.33,1.63,15.06
2023-10-23,10.14,4.72,3.10,4.51,1.33,1.63,15.05
2023-10-24,10.04,4.61,3.00,4.41,1.31,1.60,14.97
2023-10-25,10.01,4.58,2.96,4.37,1.30,1.59,15.01
2023-10-26,10.26,4.70,3.06,4.50,1.30,1.60,15.18
2023-10-27,10.34,4.74,3.08,4.53,1.31,1.61,15.21
2023-10-30,10.41,4.71,3.03,4.50,1.32,1.62,15.41
2023-10-31,10.40,4.68,2.92,4.42,1.32,1.62,15.45
2023-11-01,10.57,4.76,2.93,4.47,1.33,1.63,15.49
2023-11-02,10.12,4.42,2.66,4.15,1.29,1.59,14.92
2023-11-03,10.10,4.27,2.56,4.04,1.29,1.58,14.76
2023-11-06,10.17,4.20,2.52,4.00,1.28,1.58,14.92
2023-11-07,10.11,4.29,2.61,4.08,1.29,1.58,14.82
2023-11-08,10.18,4.28,2.62,4.08,1.28,1.58,14.88
2023-11-09,10.07,4.25,2.57,4.04,1.27,1.56,14.88
2023-11-10,10.10,4.23,2.56,4.03,1.26,1.56,14.92
2023-11-13,10.12,4.22,2.57,4.03,1.25,1.55,14.93
2023-11-14,9.87,4.12,2.49,3.92,1.23,1.52,14.45
2023-11-15,9.77,4.07,2.48,3.89,1.22,1.51,14.45
2023-11-16,9.93,4.22,2.59,4.02,1.21,1.50,14.52
2023-11-17,9.89,4.18,2.56,3.99,1.20,1.48,14.51
2023-11-20,9.81,4.12,2.51,3.92,1.18,1.46,14.42
2023-11-21,9.83,4.15,2.53,3.95,1.17,1.46,14.42
2023-11-22,9.82,4.09,2.48,3.90,1.15,1.43,14.42
2023-11-23,9.82,4.10,2.48,3.90,1.15,1.43,14.43
2023-11-24,9.77,4.04,2.43,3.85,1.14,1.42,14.44
2023-11-27,9.76,4.08,2.48,3.89,1.14,1.41,14.34
2023-11-28,9.75,4.09,2.48,3.90,1.14,1.41,14.25
2023-11-29,9.60,4.00,2.39,3.80,1.11,1.38,14.02
2023-11-30,9.76,3.98,2.36,3.84,1.11,1.39,14.25
2023-12-01,9.79,4.00,2.40,3.87,1.11,1.39,14.14
2023-12-04,9.73,3.91,2.34,3.80,1.10,1.38,14.15
2023-12-05,9.65,3.92,2.34,3.80,1.11,1.39,14.00
2023-12-06,9.61,3.92,2.34,3.79,1.12,1.40,13.95
2023-12-07,9.60,3.89,2.32,3.77,1.11,1.39,13.94
2023-12-08,9.55,3.87,2.31,3.75,1.10,1.38,14.00
2023-12-11,9.62,3.90,2.34,3.79,1.10,1.38,14.07
2023-12-12,9.54,3.87,2.33,3.76,1.09,1.36,13.97
2023-12-13,9.53,3.89,2.37,3.79,1.08,1.35,13.72
2023-12-14,9.03,3.56,2.10,3.47,1.04,1.31,13.12
2023-12-15,9.04,3.60,2.14,3.51,1.04,1.31,13.16
2023-12-18,9.02,3.59,2.15,3.51,1.05,1.31,13.17
2023-12-19,8.95,3.55,2.11,3.46,1.05,1.32,13.08
2023-12-20,8.81,3.50,2.11,3.43,1.06,1.33,12.88
2023-12-21,8.73,3.49,2.10,3.41,1.07,1.33,12.81
2023-12-22,8.72,3.47,2.07,3.39,1.07,1.33,12.79
2023-12-26,8.66,3.45,2.06,3.37,1.06,1.32,12.75
2023-12-27,8.62,3.41,2.04,3.34,1.05,1.31,12.61
2023-12-28,8.57,3.40,2.02,3.32,1.04,1.29,12.59
2023-12-29,8.51,3.42,2.04,3.34,1.04,1.29,12.53
2023-12-31,9.02,3.41,2.05,3.39,1.04,1.29,13.05
2024-01-02,9.25,3.57,2.17,3.54,1.06,1.31,13.33
2024-01-03,9.52,3.75,2.31,3.71,1.09,1.34,13.58
2024-01-04,9.54,3.73,2.28,3.69,1.09,1.34,13.67
2024-01-05,9.54,3.73,2.27,3.68,1.09,1.33,13.70
2024-01-08,9.53,3.65,2.23,3.63,1.08,1.32,13.65
2024-01-09,9.47,3.61,2.19,3.59,1.06,1.30,13.59
2024-01-10,9.38,3.51,2.11,3.50,1.04,1.28,13.51
2024-01-11,9.40,3.58,2.17,3.55,1.03,1.27,13.44
2024-01-12,9.41,3.57,2.17,3.56,1.02,1.26,13.38
2024-01-15,9.33,3.56,2.16,3.54,1.02,1.26,13.28
2024-01-16,9.34,3.64,2.19,3.58,1.02,1.26,13.38
2024-01-17,9.40,3.69,2.21,3.62,1.02,1.26,13.53
2024-01-18,9.38,3.62,2.18,3.58,1.01,1.24,13.53
2024-01-19,9.28,3.59,2.16,3.54,1.01,1.24,13.46
2024-01-22,9.22,3.54,2.11,3.49,1.01,1.24,13.36
2024-01-23,9.19,3.56,2.14,3.51,1.01,1.24,13.33
2024-01-24,9.15,3.47,2.08,3.44,0.99,1.23,13.35
2024-01-25,9.14,3.47,2.09,3.45,0.98,1.22,13.27
2024-01-26,9.08,3.40,2.04,3.39,0.97,1.21,13.24
2024-01-29,9.07,3.43,2.07,3.41,0.98,1.22,13.09
2024-01-30,9.07,3.44,2.08,3.42,1.00,1.23,13.08
2024-01-31,9.53,3.59,2.22,3.59,1.02,1.26,13.55
2024-02-01,9.52,3.53,2.19,3.56,1.04,1.28,13.49
2024-02-02,9.46,3.44,2.11,3.47,1.02,1.25,13.61
2024-02-05,9.55,3.46,2.12,3.50,1.00,1.24,13.80
2024-02-06,9.55,3.48,2.15,3.52,1.00,1.24,13.72
2024-02-07,9.42,3.39,2.07,3.43,1.00,1.24,13.62
2024-02-08,9.27,3.34,2.04,3.38,0.99,1.23,13.51
2024-02-09,9.20,3.27,2.00,3.33,1.00,1.24,13.47
2024-02-12,9.22,3.31,2.01,3.35,1.00,1.24,13.48
2024-02-13,9.25,3.33,2.01,3.36,0.99,1.22,13.69
2024-02-14,9.30,3.34,2.03,3.38,0.98,1.22,13.66
2024-02-15,9.28,3.30,2.01,3.35,0.97,1.20,13.61
2024-02-16,9.25,3.29,1.99,3.34,0.96,1.19,13.63
2024-02-19,9.27,3.29,1.99,3.34,0.96,1.20,13.64
2024-02-20,9.28,3.33,2.03,3.37,0.96,1.19,13.61
2024-02-21,9.27,3.31,1.98,3.34,0.94,1.18,13.65
2024-02-22,9.06,3.17,1.89,3.22,0.93,1.16,13.48
2024-02-23,8.97,3.17,1.93,3.23,0.95,1.18,13.34
2024-02-26,8.86,3.17,1.95,3.23,0.96,1.20,13.26
2024-02-27,8.84,3.20,1.98,3.26,0.96,1.20,13.26
2024-02-28,8.86,3.25,2.04,3.31,0.98,1.22,13.23
2024-02-29,8.80,3.26,2.03,3.29,1.00,1.24,13.21
2024-03-01,8.79,3.28,2.07,3.32,1.01,1.25,13.13
2024-03-04,8.71,3.22,2.02,3.26,1.00,1.24,13.09
2024-03-05,8.72,3.27,2.07,3.31,1.01,1.25,13.02
2024-03-06,8.69,3.23,2.04,3.27,1.01,1.25,12.98
2024-03-07,8.68,3.23,2.04,3.27,1.00,1.24,12.93
2024-03-08,8.68,3.22,2.04,3.26,0.99,1.23,12.91
2024-03-11,8.66,3.22,2.04,3.26,0.98,1.23,12.93
2024-03-12,8.57,3.16,1.99,3.20,0.97,1.21,12.90
2024-03-13,8.49,3.08,1.94,3.15,0.95,1.19,12.85
2024-03-14,8.49,3.10,1.94,3.15,0.94,1.17,12.95
2024-03-15,8.52,3.12,1.94,3.16,0.93,1.17,13.01
2024-03-18,8.49,3.09,1.91,3.13,0.92,1.15,13.00
2024-03-19,8.39,3.06,1.89,3.10,0.92,1.15,12.86
2024-03-20,8.48,3.11,1.91,3.14,0.92,1.16,12.84
2024-03-21,8.46,3.02,1.81,3.05,0.91,1.14,12.82
2024-03-22,8.45,3.05,1.85,3.08,0.92,1.15,12.76
2024-03-25,8.55,3.08,1.87,3.11,0.92,1.15,12.90
2024-03-26,8.59,3.13,1.90,3.15,0.93,1.16,12.93
2024-03-27,8.58,3.13,1.90,3.15,0.94,1.16,12.89
2024-03-28,8.52,3.11,1.87,3.12,0.93,1.15,12.87
2024-03-31,8.57,3.08,1.90,3.15,0.94,1.17,12.96
2024-04-01,8.59,3.06,1.86,3.12,0.93,1.16,13.09
2024-04-02,8.78,3.19,1.94,3.23,0.93,1.16,13.27
2024-04-03,8.83,3.18,1.94,3.23,0.92,1.14,13.30
2024-04-04,8.83,3.18,1.96,3.24,0.92,1.15,13.26
2024-04-05,8.78,3.12,1.89,3.18,0.92,1.14,13.31
2024-04-08,8.78,3.07,1.86,3.15,0.91,1.13,13.35
2024-04-09,8.73,3.05,1.87,3.14,0.91,1.13,13.26
2024-04-10,8.68,3.02,1.82,3.10,0.89,1.11,13.43
2024-04-11,8.72,3.09,1.88,3.16,0.89,1.11,13.47
2024-04-12,8.86,3.18,1.96,3.25,0.92,1.13,13.56
2024-04-15,8.94,3.20,1.99,3.28,0.92,1.15,13.66
2024-04-16,9.10,3.29,2.04,3.36,0.95,1.17,13.88
2024-04-17,9.18,3.37,2.10,3.42,0.95,1.17,13.85
2024-04-18,9.16,3.34,2.07,3.39,0.94,1.17,13.87
2024-04-19,9.16,3.31,2.05,3.37,0.94,1.17,13.85
2024-04-22,9.11,3.22,1.97,3.29,0.93,1.16,13.77
2024-04-23,8.98,3.10,1.90,3.20,0.92,1.14,13.64
2024-04-24,8.93,3.09,1.90,3.19,0.92,1.14,13.61
2024-04-25,9.01,3.16,1.93,3.24,0.92,1.14,13.68
2024-04-26,8.91,3.08,1.86,3.16,0.90,1.13,13.58
2024-04-29,8.82,3.02,1.84,3.12,0.90,1.12,13.45
2024-04-30,9.16,2.99,1.89,3.18,0.91,1.14,13.97
2024-05-01,9.21,3.02,1.91,3.21,0.91,1.14,13.94
2024-05-02,9.12,2.97,1.88,3.16,0.90,1.13,13.78
2024-05-03,9.04,2.87,1.81,3.08,0.89,1.11,13.61
2024-05-06,9.02,2.82,1.77,3.03,0.88,1.10,13.59
2024-05-07,9.09,2.85,1.78,3.06,0.88,1.10,13.66
2024-05-08,9.17,2.89,1.81,3.10,0.89,1.11,13.76
2024-05-09,9.20,2.94,1.85,3.14,0.89,1.11,13.77
2024-05-10,9.22,2.92,1.83,3.12,0.89,1.12,13.83
2024-05-13,9.22,2.94,1.85,3.14,0.90,1.12,13.80
2024-05-14,9.14,2.94,1.87,3.14,0.90,1.12,13.66
2024-05-15,9.10,2.92,1.86,3.13,0.90,1.12,13.52
2024-05-16,9.05,2.89,1.81,3.08,0.89,1.11,13.53
2024-05-17,9.02,2.91,1.81,3.09,0.89,1.11,13.53
2024-05-20,8.98,2.90,1.79,3.07,0.88,1.10,13.52
2024-05-21,8.98,2.90,1.79,3.07,0.89,1.10,13.49
2024-05-22,9.01,2.95,1.82,3.11,0.89,1.11,13.56
2024-05-23,9.00,2.93,1.82,3.10,0.89,1.10,13.62
2024-05-24,9.03,2.94,1.83,3.11,0.89,1.10,13.64
2024-05-27,9.05,2.94,1.83,3.12,0.89,1.10,13.65
2024-05-28,9.02,2.92,1.80,3.09,0.88,1.09,13.67
2024-05-29,9.09,2.99,1.84,3.15,0.88,1.09,13.79
2024-05-30,9.15,3.03,1.89,3.19,0.88,1.09,13.77
2024-05-31,9.34,2.91,1.89,3.20,0.88,1.10,13.98
2024-06-03,9.33,2.87,1.87,3.17,0.88,1.10,13.90
2024-06-04,9.37,2.93,1.90,3.22,0.90,1.11,13.87
2024-06-05,9.33,2.92,1.89,3.20,0.91,1.13,13.80
2024-06-06,9.25,2.92,1.90,3.20,0.92,1.13,13.72
2024-06-07,9.22,2.88,1.84,3.15,0.90,1.12,13.79
2024-06-10,9.20,2.87,1.85,3.15,0.90,1.12,13.79
2024-06-11,9.25,2.91,1.89,3.19,0.91,1.12,13.78
2024-06-12,9.07,2.79,1.82,3.09,0.90,1.12,13.51
2024-06-13,9.18,2.91,1.91,3.20,0.92,1.14,13.54
2024-06-14,9.33,3.03,1.99,3.29,0.95,1.17,13.67
2024-06-17,9.36,2.99,1.95,3.26,0.95,1.17,13.78
2024-06-18,9.35,2.96,1.94,3.24,0.96,1.17,13.71
2024-06-19,9.36,2.96,1.94,3.24,0.96,1.18,13.71
2024-06-20,9.32,2.95,1.92,3.23,0.96,1.18,13.71
2024-06-21,9.36,2.95,1.90,3.21,0.96,1.18,13.77
2024-06-24,9.37,2.91,1.87,3.19,0.96,1.18,13.74
2024-06-25,9.39,2.91,1.87,3.19,0.96,1.18,13.80
2024-06-26,9.41,2.91,1.85,3.18,0.97,1.18,13.89
2024-06-27,9.44,2.93,1.88,3.21,0.96,1.18,13.78
2024-06-28,9.42,2.90,1.84,3.18,0.96,1.17,13.77
2024-06-30,9.53,3.01,1.85,3.21,0.96,1.19,13.95
2024-07-01,9.51,3.02,1.85,3.21,0.94,1.16,14.02
2024-07-02,9.55,3.04,1.87,3.23,0.93,1.15,14.03
2024-07-03,9.58,3.05,1.90,3.25,0.93,1.15,13.98
2024-07-04,9.59,3.05,1.90,3.25,0.93,1.15,13.98
2024-07-05,9.59,3.08,1.92,3.27,0.92,1.15,13.91
2024-07-08,9.52,2.99,1.85,3.20,0.92,1.14,13.85
2024-07-09,9.51,3.00,1.86,3.21,0.92,1.14,13.85
2024-07-10,9.46,2.95,1.83,3.17,0.92,1.14,13.79
2024-07-11,9.52,2.92,1.85,3.18,0.93,1.15,13.74
2024-07-12,9.51,2.94,1.85,3.19,0.92,1.14,13.70
2024-07-15,9.38,2.90,1.80,3.13,0.92,1.14,13.56
2024-07-16,9.30,2.85,1.77,3.08,0.92,1.14,13.46
2024-07-17,9.37,2.86,1.76,3.09,0.93,1.15,13.53
2024-07-18,9.30,2.87,1.76,3.09,0.93,1.15,13.50
2024-07-19,9.32,2.87,1.75,3.09,0.93,1.15,13.57
2024-07-22,9.31,2.82,1.72,3.05,0.93,1.15,13.56
2024-07-23,9.26,2.78,1.70,3.02,0.93,1.15,13.50
2024-07-24,9.34,2.87,1.77,3.10,0.96,1.18,13.54
2024-07-25,9.31,2.84,1.76,3.08,0.95,1.17,13.54
2024-07-26,9.29,2.89,1.77,3.10,0.95,1.17,13.45
2024-07-29,9.22,2.91,1.81,3.13,0.95,1.17,13.36
2024-07-30,9.19,3.00,1.89,3.20,0.96,1.18,13.27
2024-07-31,9.42,3.01,1.94,3.25,0.97,1.20,13.45
2024-08-01,9.53,3.13,2.03,3.35,1.00,1.23,13.49
2024-08-02,10.10,3.53,2.35,3.72,1.06,1.30,13.81
2024-08-05,10.55,3.76,2.49,3.93,1.12,1.37,14.25
2024-08-06,10.19,3.49,2.27,3.67,1.08,1.32,14.00
2024-08-07,9.96,3.39,2.18,3.57,1.07,1.31,13.79
2024-08-08,9.83,3.31,2.10,3.48,1.05,1.29,13.71
2024-08-09,9.83,3.29,2.12,3.49,1.05,1.28,13.69
2024-08-12,9.80,3.32,2.17,3.52,1.05,1.29,13.62
2024-08-13,9.84,3.33,2.18,3.54,1.04,1.28,13.60
2024-08-14,9.69,3.27,2.11,3.46,1.02,1.26,13.43
2024-08-15,9.66,3.07,1.96,3.31,0.98,1.22,13.54
2024-08-16,9.63,3.04,1.95,3.29,0.98,1.21,13.47
2024-08-19,9.52,2.93,1.88,3.21,0.97,1.21,13.37
2024-08-20,9.59,2.99,1.92,3.25,0.98,1.22,13.38
2024-08-21,9.61,3.00,1.94,3.27,0.98,1.22,13.35
2024-08-22,9.52,2.95,1.88,3.21,0.97,1.21,13.33
2024-08-23,9.45,2.92,1.88,3.19,0.96,1.20,13.18
2024-08-26,9.39,2.88,1.84,3.15,0.96,1.19,13.14
2024-08-27,9.43,2.91,1.86,3.17,0.96,1.19,13.17
2024-08-28,9.44,2.92,1.88,3.19,0.96,1.19,13.18
2024-08-29,9.37,2.89,1.83,3.15,0.96,1.19,13.13
2024-08-30,9.37,2.86,1.82,3.13,0.95,1.18,13.15
2024-08-31,9.47,3.00,1.82,3.17,0.96,1.19,13.28
2024-09-02,9.47,3.00,1.82,3.17,0.96,1.19,13.29
2024-09-03,9.65,3.14,1.95,3.31,0.98,1.22,13.41
2024-09-04,9.57,3.19,2.00,3.35,0.99,1.23,13.23
2024-09-05,9.32,3.12,1.98,3.29,0.99,1.23,12.97
2024-09-06,9.37,3.25,2.06,3.39,0.99,1.24,12.96
2024-09-09,9.29,3.22,2.04,3.36,0.99,1.23,12.88
2024-09-10,9.33,3.35,2.14,3.46,1.01,1.25,12.85
2024-09-11,9.27,3.36,2.12,3.44,1.01,1.25,12.82
2024-09-12,9.17,3.30,2.07,3.39,0.99,1.24,12.73
2024-09-13,9.19,3.28,2.05,3.37,0.99,1.23,12.70
2024-09-16,8.90,3.24,2.03,3.32,0.98,1.22,12.39
2024-09-17,8.77,3.18,1.97,3.25,0.97,1.20,12.28
2024-09-18,8.71,3.14,1.93,3.21,0.95,1.19,12.27
2024-09-19,8.47,3.02,1.86,3.10,0.93,1.16,12.01
2024-09-20,8.50,3.07,1.91,3.15,0.93,1.17,12.05
2024-09-23,8.59,3.06,1.90,3.15,0.92,1.16,12.15
2024-09-24,8.68,3.13,1.95,3.21,0.92,1.15,12.20
2024-09-25,8.65,3.11,1.92,3.19,0.92,1.15,12.22
2024-09-26,8.63,3.05,1.88,3.14,0.92,1.15,12.24
2024-09-27,8.40,3.07,1.91,3.14,0.92,1.15,11.94
2024-09-30,8.02,2.99,1.89,3.03,0.92,1.16,11.63
2024-10-01,8.06,3.04,1.93,3.07,0.92,1.16,11.62
2024-10-02,8.06,3.03,1.92,3.06,0.91,1.15,11.67
2024-10-03,8.01,3.02,1.89,3.04,0.90,1.13,11.70
2024-10-04,7.85,2.86,1.76,2.89,0.87,1.10,11.73
2024-10-07,7.90,2.92,1.81,2.95,0.86,1.09,11.81
2024-10-08,7.92,2.96,1.85,2.99,0.87,1.09,11.82
2024-10-09,7.87,2.92,1.81,2.94,0.85,1.08,11.83
2024-10-10,7.90,2.98,1.85,2.99,0.84,1.07,11.83
2024-10-11,7.88,2.96,1.84,2.98,0.84,1.06,11.80
2024-10-14,7.85,2.95,1.83,2.97,0.84,1.06,11.75
2024-10-15,7.80,2.89,1.80,2.93,0.83,1.05,11.69
2024-10-16,7.75,2.87,1.79,2.90,0.83,1.05,11.61
2024-10-17,7.69,2.84,1.78,2.89,0.83,1.04,11.61
2024-10-18,7.66,2.85,1.78,2.88,0.83,1.05,11.56
2024-10-21,7.67,2.83,1.78,2.88,0.85,1.07,11.63
2024-10-22,7.69,2.87,1.83,2.92,0.85,1.07,11.67
2024-10-23,7.71,2.90,1.85,2.95,0.86,1.08,11.74
2024-10-24,7.69,2.88,1.83,2.93,0.86,1.08,11.70
2024-10-25,7.69,2.85,1.79,2.89,0.85,1.07,11.74
2024-10-28,7.59,2.78,1.72,2.82,0.84,1.06,11.67
2024-10-29,7.61,2.81,1.76,2.85,0.84,1.06,11.68
2024-10-30,7.52,2.75,1.71,2.80,0.84,1.06,11.63
2024-10-31,7.56,2.86,1.80,2.88,0.86,1.08,11.70
2024-11-01,7.41,2.84,1.75,2.83,0.86,1.07,11.62
2024-11-04,7.51,2.87,1.79,2.87,0.86,1.07,11.66
2024-11-05,7.50,2.84,1.78,2.86,0.84,1.06,11.66
2024-11-06,7.33,2.70,1.68,2.74,0.80,1.01,11.60
2024-11-07,7.28,2.69,1.69,2.73,0.78,0.99,11.43
2024-11-08,7.21,2.58,1.58,2.63,0.77,0.98,11.39
2024-11-11,7.21,2.58,1.58,2.63,0.77,0.98,11.39
2024-11-12,7.19,2.55,1.57,2.61,0.77,0.97,11.48
2024-11-13,7.25,2.58,1.59,2.64,0.78,0.99,11.51
2024-11-14,7.16,2.54,1.57,2.60,0.80,1.00,11.45
2024-11-15,7.25,2.69,1.68,2.72,0.80,1.01,11.51
2024-11-18,7.25,2.67,1.69,2.72,0.80,1.00,11.49
2024-11-19,7.22,2.64,1.65,2.69,0.80,1.00,11.44
2024-11-20,7.19,2.63,1.63,2.67,0.81,1.01,11.43
2024-11-21,7.06,2.57,1.58,2.61,0.81,1.01,11.33
2024-11-22,7.10,2.58,1.58,2.61,0.80,1.00,11.39
2024-11-25,7.16,2.59,1.61,2.64,0.80,1.00,11.33
2024-11-26,7.18,2.64,1.64,2.68,0.81,1.01,11.36
2024-11-27,7.22,2.65,1.65,2.69,0.82,1.02,11.35
2024-11-28,7.22,2.65,1.65,2.69,0.82,1.02,11.35
2024-11-29,7.26,2.69,1.67,2.72,0.82,1.02,11.33
2024-11-30,7.35,2.73,1.68,2.74,0.83,1.03,11.46
2024-12-02,7.32,2.65,1.63,2.68,0.81,1.01,11.45
2024-12-03,7.32,2.64,1.60,2.66,0.80,1.00,11.46
2024-12-04,7.31,2.63,1.61,2.66,0.80,1.01,11.40
2024-12-05,7.27,2.63,1.61,2.66,0.81,1.01,11.38
2024-12-06,7.30,2.64,1.62,2.67,0.81,1.02,11.35
2024-12-09,7.24,2.65,1.62,2.67,0.81,1.01,11.34
2024-12-10,7.21,2.66,1.63,2.67,0.80,1.00,11.33
2024-12-11,7.15,2.61,1.61,2.64,0.78,0.98,11.30
2024-12-12,7.14,2.64,1.63,2.66,0.79,0.99,11.30
2024-12-13,7.16,2.67,1.65,2.68,0.78,0.98,11.41
2024-12-16,7.16,2.68,1.65,2.69,0.78,0.98,11.39
2024-12-17,7.20,2.75,1.71,2.75,0.79,0.99,11.41
2024-12-18,7.16,2.74,1.69,2.73,0.79,0.98,11.48
2024-12-19,7.36,2.92,1.86,2.91,0.82,1.02,11.68
2024-12-20,7.30,2.88,1.82,2.86,0.82,1.02,11.60
2024-12-23,7.32,2.85,1.81,2.85,0.82,1.02,11.66
2024-12-24,7.30,2.87,1.82,2.86,,1.01,11.64
2024-12-26,7.29,2.87,1.83,2.86,0.81,1.00,11.63
2024-12-27,7.30,2.85,1.80,2.84,0.81,1.00,11.65
2024-12-30,7.40,2.96,1.90,2.94,0.82,1.01,11.65
2024-12-31,7.46,2.96,1.86,2.92,0.82,1.02,11.78
2025-01-02,7.39,2.90,1.83,2.88,0.83,1.02,11.71
2025-01-03,7.34,2.82,1.76,2.81,0.83,1.02,11.69
2025-01-06,7.28,2.78,1.71,2.76,0.84,1.03,11.63
2025-01-07,7.29,2.83,1.75,2.79,0.84,1.04,11.68
2025-01-08,7.37,2.86,1.79,2.84,0.83,1.03,11.75
2025-01-09,7.34,2.84,1.77,2.82,0.83,1.03,11.71
2025-01-10,7.32,2.86,1.75,2.81,0.83,1.03,11.82
2025-01-13,7.38,2.89,1.79,2.85,0.84,1.04,11.90
2025-01-14,7.26,2.83,1.76,2.80,0.84,1.04,11.75
2025-01-15,7.14,2.74,1.70,2.72,0.83,1.03,11.50
2025-01-16,7.16,2.75,1.71,2.73,0.83,1.03,11.48
2025-01-17,7.07,2.65,1.63,2.64,0.82,1.02,11.41
2025-01-20,7.07,2.65,1.63,2.64,0.82,1.02,11.41
2025-01-21,6.99,2.62,1.60,2.61,0.82,1.02,11.30
2025-01-22,6.92,2.60,1.58,2.59,0.81,1.01,11.26
2025-01-23,6.90,2.62,1.61,2.61,0.80,1.00,11.25
2025-01-24,6.94,2.61,1.59,2.60,0.80,1.00,11.27
2025-01-27,7.11,2.67,1.64,2.66,0.81,1.01,11.37
2025-01-28,7.10,2.66,1.64,2.66,0.81,1.00,11.36
2025-01-29,7.10,2.67,1.66,2.68,0.81,1.01,11.37
2025-01-30,7.05,2.68,1.66,2.67,0.81,1.01,11.28
2025-01-31,6.99,2.71,1.66,2.68,0.82,1.02,11.19
2025-02-03,7.12,2.78,1.68,2.73,0.83,1.03,11.35
2025-02-04,7.13,2.75,1.66,2.71,0.82,1.03,11.33
2025-02-05,7.10,2.71,1.65,2.69,0.83,1.03,11.24
2025-02-06,7.09,2.70,1.62,2.66,0.84,1.04,11.26
2025-02-07,7.10,2.71,1.63,2.67,0.84,1.04,11.34
2025-02-10,7.10,2.70,1.60,2.66,0.84,1.04,11.31
2025-02-11,7.11,2.68,1.62,2.66,0.83,1.03,11.35
2025-02-12,7.14,2.67,1.60,2.65,0.81,1.01,11.49
2025-02-13,7.10,2.68,1.61,2.65,0.81,1.00,11.37
2025-02-14,7.06,2.64,1.59,2.62,0.80,1.00,11.26
2025-02-17,7.06,2.64,1.59,2.62,0.80,1.00,11.26
2025-02-18,7.21,2.60,1.56,2.62,0.79,0.98,11.49
2025-02-19,7.25,2.68,1.63,2.68,0.79,0.99,11.50
2025-02-20,7.19,2.64,1.62,2.66,0.80,0.99,11.43
2025-02-21,7.34,2.77,1.73,2.78,0.81,1.01,11.49
2025-02-24,7.31,2.78,1.73,2.78,0.81,1.01,11.44
2025-02-25,7.42,2.83,1.78,2.84,0.84,1.03,11.44
2025-02-26,7.32,2.79,1.77,2.81,0.84,1.04,11.31
2025-02-27,7.32,2.81,1.76,2.81,0.85,1.05,11.30
2025-02-28,7.60,2.88,1.82,2.87,0.88,1.09,11.61
2025-03-03,7.69,2.96,1.87,2.94,0.89,1.10,11.66
2025-03-04,7.84,3.02,1.90,2.99,0.89,1.11,11.82
2025-03-05,7.74,2.89,1.80,2.88,0.87,1.08,11.81
2025-03-06,7.90,3.00,1.89,2.99,0.88,1.09,11.95
2025-03-07,7.91,3.00,1.87,2.97,0.89,1.10,11.99
2025-03-10,8.26,3.18,2.02,3.16,0.91,1.13,12.22
2025-03-11,8.40,3.27,2.04,3.22,0.94,1.16,12.42
2025-03-12,8.41,3.26,2.02,3.20,0.96,1.17,12.44
2025-03-13,8.72,3.50,2.17,3.40,0.97,1.20,12.72
2025-03-14,8.56,3.33,2.04,3.25,0.94,1.16,12.62
2025-03-17,8.46,3.26,1.98,3.18,0.93,1.15,12.54
2025-03-18,8.58,3.30,2.01,3.23,0.93,1.15,12.64
2025-03-19,8.56,3.27,1.96,3.19,0.91,1.13,12.55
2025-03-20,8.53,3.23,1.95,3.17,0.91,1.13,12.50
2025-03-21,8.60,3.28,1.99,3.21,0.92,1.14,12.57
2025-03-24,8.37,3.10,1.85,3.05,0.90,1.12,12.44
2025-03-25,8.38,3.14,1.89,3.09,0.90,1.12,12.42
2025-03-26,8.50,3.26,1.98,3.19,0.91,1.13,12.56
2025-03-27,8.60,3.35,2.05,3.27,0.91,1.14,12.65
2025-03-28,8.88,3.60,2.21,3.47,0.94,1.17,12.82
2025-03-31,9.28,3.68,2.24,3.55,0.97,1.20,13.21
2025-04-01,9.25,3.62,2.20,3.50,0.98,1.21,13.16
2025-04-02,9.25,3.53,2.12,3.42,0.96,1.19,13.18
2025-04-03,10.18,4.21,2.60,4.01,1.06,1.30,13.92
2025-04-04,10.99,4.69,2.94,4.45,1.14,1.41,14.71
2025-04-07,11.37,4.86,3.06,4.61,1.20,1.48,15.22
2025-04-08,11.14,4.83,3.04,4.57,1.18,1.46,15.01
2025-04-09,10.90,4.57,2.87,4.37,1.21,1.49,14.88
2025-04-10,10.92,4.64,2.92,4.42,1.18,1.46,14.92
2025-04-11,10.76,4.46,2.78,4.26,1.18,1.46,14.85
2025-04-14,10.57,4.31,2.70,4.14,1.15,1.43,14.51
2025-04-15,10.50,4.25,2.65,4.09,1.14,1.42,14.42
2025-04-16,10.61,4.33,2.70,4.16,1.13,1.41,14.46
2025-04-17,10.39,4.17,2.58,4.02,1.11,1.39,14.26
2025-04-21,10.58,4.34,2.70,4.16,1.12,1.40,14.47
2025-04-22,10.35,4.16,2.56,3.99,1.11,1.39,14.26
2025-04-23,9.87,3.88,2.37,3.75,1.08,1.35,13.82
2025-04-24,9.85,3.85,2.36,3.73,1.06,1.33,13.72
2025-04-25,9.75,3.78,2.33,3.67,1.04,1.31,13.58
2025-04-28,9.79,3.82,2.39,3.73,1.04,1.31,13.55
2025-04-29,9.76,3.85,2.39,3.74,1.06,1.33,13.49
2025-04-30,10.00,4.11,2.54,3.94,1.09,1.37,13.68
2025-05-01,9.76,3.95,2.40,3.78,1.09,1.38,13.52
2025-05-02,9.56,3.77,2.23,3.60,1.06,1.34,13.44
2025-05-05,9.50,3.77,2.23,3.60,1.05,1.33,13.39
2025-05-06,9.56,3.81,2.30,3.66,1.05,1.33,13.41
2025-05-07,9.60,3.83,2.30,3.67,1.05,1.32,13.44
2025-05-08,9.34,3.70,2.15,3.51,1.02,1.29,13.30
2025-05-09,9.33,3.71,2.18,3.53,1.02,1.29,13.28
2025-05-12,8.79,3.29,1.85,3.15,0.97,1.22,12.86
2025-05-13,8.74,3.22,1.79,3.09,0.94,1.19,12.81
2025-05-14,8.65,3.23,1.82,3.10,0.93,1.18,12.75
2025-05-15,8.79,3.33,1.91,3.20,0.94,1.19,12.80
2025-05-16,8.79,3.30,1.87,3.16,0.93,1.17,12.81
2025-05-19,8.86,3.36,1.90,3.21,0.92,1.16,12.87
2025-05-20,8.84,3.34,1.89,3.20,0.90,1.15,12.85
2025-05-21,8.92,3.41,1.93,3.25,0.91,1.15,13.00
2025-05-22,9.02,3.47,1.99,3.32,0.92,1.16,13.06
2025-05-23,9.14,3.57,2.05,3.40,0.93,1.18,13.16
2025-05-26,9.14,3.57,2.05,3.40,0.93,1.18,13.16
2025-05-27,8.92,3.39,1.91,3.24,0.91,1.15,12.91
2025-05-28,8.84,3.42,1.90,3.23,0.90,1.14,12.86
2025-05-29,8.84,3.39,1.91,3.22,0.90,1.14,12.81
2025-05-30,8.96,3.49,1.97,3.31,0.91,1.15,12.87
2025-05-31,9.13,3.51,1.97,3.32,0.92,1.16,13.08
2025-06-02,9.22,3.40,1.92,3.27,0.91,1.15,13.21
2025-06-03,9.16,3.33,1.84,3.19,0.89,1.12,13.17
2025-06-04,9.30,3.37,1.87,3.23,0.89,1.12,13.22
2025-06-05,9.29,3.31,1.81,3.18,0.89,1.12,13.27
2025-06-06,9.15,3.20,1.75,3.09,0.87,1.10,13.25
2025-06-09,9.23,3.24,1.75,3.12,0.87,1.09,13.30
2025-06-10,9.30,3.24,1.74,3.12,0.87,1.09,13.36
2025-06-11,9.26,3.24,1.76,3.12,0.87,1.09,13.22
2025-06-12,9.23,3.29,1.82,3.17,0.88,1.10,13.15
2025-06-13,9.27,3.29,1.82,3.18,0.88,1.10,13.25
2025-06-16,9.04,3.21,1.78,3.10,0.87,1.08,13.04
2025-06-17,9.11,3.28,1.86,3.17,0.88,1.10,13.07
2025-06-18,9.14,3.25,1.84,3.16,0.88,1.10,13.09
2025-06-19,9.14,3.25,1.84,3.16,0.88,1.10,13.09
2025-06-20,9.14,3.21,1.82,3.13,0.88,1.10,13.06
2025-06-23,9.05,3.20,1.82,3.12,0.89,1.12,12.93
2025-06-24,8.95,3.14,1.76,3.06,0.88,1.10,12.79
2025-06-25,8.92,3.11,1.76,3.04,0.88,1.11,12.74
2025-06-26,8.95,3.10,1.75,3.04,0.89,1.11,12.72
2025-06-27,8.88,3.11,1.73,3.02,0.88,1.10,12.66
2025-06-30,8.86,3.05,1.71,2.96,0.86,1.08,12.66
2025-07-01,8.76,3.00,1.67,2.91,0.84,1.06,12.62
2025-07-02,8.71,2.95,1.66,2.88,0.83,1.03,12.59
2025-07-03,8.61,2.85,1.60,2.80,0.80,1.01,12.56
2025-07-04,8.61,2.85,1.60,2.80,0.80,1.01,12.56
2025-07-07,8.59,2.92,1.66,2.86,0.81,1.02,12.57
2025-07-08,8.60,2.99,1.72,2.92,0.82,1.02,12.59
2025-07-09,8.57,3.00,1.75,2.94,0.83,1.04,12.50
2025-07-10,8.53,2.98,1.74,2.92,0.83,1.03,12.47
2025-07-11,8.57,3.04,1.77,2.97,0.83,1.03,12.56
2025-07-14,8.54,3.03,1.76,2.95,0.82,1.03,12.51
2025-07-15,8.51,3.04,1.75,2.95,0.81,1.01,12.53
2025-07-16,8.57,3.10,1.79,3.00,0.81,1.02,12.53
2025-07-17,8.52,2.99,1.72,2.91,0.80,1.01,12.49
2025-07-18,8.54,3.00,1.73,2.93,0.80,1.01,12.47
2025-07-21,8.44,2.96,1.71,2.89,0.80,1.01,12.34
2025-07-22,8.42,2.97,1.72,2.90,0.81,1.02,12.29
2025-07-23,8.34,2.89,1.66,2.83,0.79,1.00,12.26
2025-07-24,8.31,2.91,1.64,2.82,0.79,0.99,12.26
2025-07-25,8.34,2.92,1.67,2.84,0.78,0.99,12.28
2025-07-28,8.27,2.90,1.64,2.82,0.78,0.98,12.23
2025-07-29,8.35,2.95,1.69,2.86,0.79,1.00,12.25
2025-07-30,8.39,2.98,1.71,2.89,0.78,0.99,12.32
2025-07-31,8.24,2.98,1.74,2.86,0.79,0.99,12.19
2025-08-01,8.67,3.27,1.97,3.13,0.82,1.04,12.41
2025-08-04,8.47,3.15,1.88,3.02,0.82,1.04,12.20
2025-08-05,8.44,3.13,1.84,2.98,0.82,1.03,12.19
2025-08-06,8.39,3.10,1.85,2.98,0.81,1.02,12.13
2025-08-07,8.35,3.08,1.82,2.95,0.80,1.01,12.11
2025-08-08,8.29,3.08,1.81,2.94,0.80,1.01,12.09
2025-08-11,8.35,3.09,1.81,2.94,0.80,1.01,12.15
2025-08-12,8.27,3.09,1.80,2.93,0.79,1.00,12.05
2025-08-13,8.16,3.06,1.78,2.90,0.78,0.98,11.89
2025-08-14,8.11,3.07,1.78,2.89,0.77,0.97,11.87
2025-08-15,8.12,3.05,1.76,2.88,0.75,0.96,11.84
2025-08-18,8.16,3.04,1.76,2.88,0.75,0.96,11.90
2025-08-19,8.17,3.06,1.78,2.90,0.76,0.97,11.88
2025-08-20,8.24,3.10,1.81,2.94,0.77,0.98,11.93
2025-08-21,8.26,3.12,1.81,2.95,0.77,0.98,12.01
2025-08-22,8.17,3.04,1.76,2.88,0.77,0.97,11.82
2025-08-25,8.09,2.93,1.69,2.80,0.76,0.96,11.77
2025-08-26,7.89,2.89,1.72,2.78,0.78,0.98,11.53
2025-08-27,7.85,2.86,1.74,2.78,0.78,0.99,11.46
2025-08-28,7.83,2.81,1.72,2.75,0.79,0.99,11.43
2025-08-29,7.88,2.91,1.77,2.82,0.80,1.01,11.46
2025-08-31,7.98,2.98,1.79,2.84,0.81,1.02,11.67
2025-09-01,7.98,2.98,1.79,2.84,0.81,1.02,11.67
2025-09-02,8.14,3.07,1.86,2.92,0.82,1.03,11.86
2025-09-03,8.06,3.02,1.82,2.88,0.81,1.02,11.75
2025-09-04,8.05,2.98,1.78,2.84,0.79,1.00,11.70
2025-09-05,8.03,2.95,1.79,2.83,0.79,1.00,11.62
2025-09-08,8.01,2.97,1.79,2.84,0.80,1.01,11.58
2025-09-09,8.05,3.01,1.82,2.87,0.80,1.01,11.65
2025-09-10,8.00,2.98,1.79,2.84,0.79,1.00,11.60
2025-09-11,7.92,2.91,1.74,2.78,0.78,0.98,11.51
2025-09-12,7.97,2.93,1.75,2.79,0.77,0.97,11.59
2025-09-15,7.94,2.85,1.72,2.75,0.75,0.95,11.54
2025-09-16,8.07,2.90,1.75,2.79,0.76,0.96,11.65
2025-09-17,8.08,2.88,1.74,2.79,0.76,0.96,11.70
2025-09-18,7.95,2.82,1.68,2.71,0.75,0.94,11.61
2025-09-19,7.97,2.82,1.68,2.72,0.74,0.93,11.62
2025-09-22,7.90,2.78,1.66,2.69,0.74,0.93,11.58
2025-09-23,7.93,2.79,1.69,2.71,0.75,0.94,11.58
2025-09-24,7.94,2.76,1.69,2.70,0.75,0.95,11.63
2025-09-25,8.03,2.86,1.72,2.76,0.76,0.96,11.77
2025-09-26,8.01,2.84,1.72,2.75,0.75,0.95,11.76
2025-09-29,7.98,2.82,1.71,2.74,0.75,0.94,11.68
2025-09-30,8.07,2.83,1.77,2.80,0.76,0.97,11.78
2025-10-01,8.10,2.82,1.80,2.81,0.76,0.97,11.76
2025-10-02,8.12,2.83,1.79,2.81,0.75,0.96,11.77
2025-10-03,8.11,2.84,1.76,2.80,0.75,0.95,11.80
2025-10-06,8.04,2.80,1.73,2.76,0.74,0.94,11.76
2025-10-07,8.12,2.87,1.78,2.82,0.75,0.95,11.81
2025-10-08,8.19,2.89,1.79,2.84,0.75,0.95,11.88
2025-10-09,8.38,3.02,1.87,2.95,0.77,0.98,12.08
2025-10-10,8.74,3.28,2.07,3.18,0.81,1.02,12.36
2025-10-13,8.74,3.28,2.07,3.18,0.81,1.02,12.36
2025-10-14,8.63,3.20,2.01,3.11,0.81,1.02,12.18
2025-10-15,8.47,3.02,1.86,2.95,0.78,0.99,12.03
2025-10-16,8.56,3.11,1.95,3.04,0.80,1.01,12.03
2025-10-17,8.57,3.12,1.95,3.04,0.80,1.01,12.05
2025-10-20,8.48,3.07,1.90,2.99,0.79,1.00,11.96
2025-10-21,8.47,3.06,1.88,2.97,0.79,1.01,11.95
2025-10-22,8.54,3.10,1.91,3.01,0.80,1.02,12.00
2025-10-23,8.53,3.06,1.85,2.96,0.78,1.00,12.03
2025-10-24,8.43,2.96,1.78,2.88,0.77,0.98,11.92
2025-10-27,8.27,2.89,1.71,2.80,0.76,0.97,11.78
2025-10-28,8.29,2.91,1.73,2.82,0.76,0.97,11.79
2025-10-29,8.22,2.84,1.68,2.76,0.75,0.96,11.82
2025-10-30,8.33,2.93,1.76,2.85,0.77,0.98,11.93
2025-10-31,8.65,3.07,1.79,2.94,0.80,1.02,12.33
2025-11-03,8.85,3.16,1.87,3.04,0.83,1.04,12.53
2025-11-04,8.97,3.26,1.95,3.13,0.83,1.04,12.64
2025-11-05,8.85,3.19,1.87,3.05,0.81,1.02,12.56
2025-11-06,8.90,3.28,1.95,3.13,0.82,1.04,12.53
2025-11-07,8.98,3.32,1.96,3.15,0.84,1.06,12.60
2025-11-10,8.88,3.16,1.83,3.02,0.82,1.05,12.54
2025-11-11,8.88,3.16,1.83,3.02,0.82,1.05,12.55
2025-11-12,8.95,3.15,1.82,3.02,0.83,1.05,12.58
2025-11-13,9.07,3.23,1.89,3.09,0.84,1.06,12.74
2025-11-14,9.02,3.25,1.85,3.07,0.83,1.06,12.69
2025-11-17,9.08,3.32,1.90,3.13,0.84,1.06,12.74
2025-11-18,9.22,3.40,1.95,3.20,0.85,1.07,12.85
2025-11-19,9.19,3.36,1.93,3.17,0.84,1.07,12.83
2025-11-20,9.20,3.34,1.95,3.17,0.85,1.08,12.79
2025-11-21,9.20,3.37,1.97,3.19,0.86,1.09,12.76
2025-11-24,9.19,3.30,1.92,3.15,0.85,1.08,12.74
2025-11-25,9.16,3.25,1.89,3.10,0.84,1.07,12.67
2025-11-26,9.14,3.12,1.79,3.00,0.82,1.05,12.66
2025-11-27,9.14,3.12,1.79,3.00,0.82,1.05,12.66
2025-11-28,9.17,3.06,1.73,2.95,0.82,1.04,12.71
2025-11-30,8.94,3.05,1.76,2.92,0.82,1.05,12.53
2025-12-01,8.97,3.07,1.78,2.94,0.82,1.04,12.62
2025-12-02,8.97,3.05,1.77,2.92,0.81,1.03,12.59
2025-12-03,8.79,3.01,1.75,2.89,0.81,1.03,12.39
2025-12-04,8.78,2.98,1.76,2.88,0.80,1.02,12.42
2025-12-05,8.68,2.95,1.73,2.85,0.79,1.01,12.36
2025-12-08,8.71,3.00,1.76,2.89,0.78,1.00,12.42
2025-12-09,8.76,3.00,1.77,2.89,0.79,1.00,12.49
2025-12-10,8.83,3.00,1.79,2.91,0.78,1.00,12.50
2025-12-11,8.77,2.97,1.76,2.88,0.78,1.00,12.43
2025-12-12,8.76,3.02,1.79,2.91,0.80,1.01,12.44
2025-12-15,8.79,3.04,1.78,2.91,0.80,1.02,12.45
2025-12-16,8.87,3.11,1.85,2.98,0.81,1.03,12.49
2025-12-17,8.92,3.11,1.85,2.99,0.81,1.03,12.55
2025-12-18,8.91,3.07,1.81,2.95,0.81,1.03,12.51
2025-12-19,8.84,3.02,1.77,2.90,0.80,1.02,12.47
2025-12-22,8.80,3.02,1.74,2.88,0.80,1.02,12.44
2025-12-23,8.73,2.94,1.70,2.83,0.79,1.01,12.40
2025-12-24,8.75,2.96,1.72,2.84,0.79,1.00,12.39
2025-12-26,8.80,2.97,1.73,2.86,0.79,1.00,12.42
2025-12-29,8.78,3.00,1.74,2.87,0.79,1.00,12.37
2025-12-30,8.73,2.98,1.71,2.84,0.79,1.01,12.30
2025-12-31,8.85,3.01,1.69,2.81,0.79,1.01,12.49
2026-01-02,8.88,3.02,1.71,2.83,0.79,1.01,12.54
2026-01-05,8.83,3.01,1.69,2.81,0.79,1.01,12.45
2026-01-06,8.74,2.98,1.68,2.79,0.79,1.00,12.37
2026-01-07,8.70,2.97,1.70,2.79,0.79,1.01,12.32
2026-01-08,8.68,2.95,1.67,2.76,0.79,1.01,12.34
2026-01-09,8.65,2.93,1.65,2.74,0.78,0.99,12.33
2026-01-12,8.64,2.92,1.65,2.74,0.78,0.99,12.33
2026-01-13,8.64,2.93,1.66,2.75,0.77,0.98,12.31
2026-01-14,8.63,2.96,1.67,2.76,0.77,0.98,12.27
2026-01-15,8.56,2.90,1.62,2.71,0.76,0.97,12.24
2026-01-16,8.52,2.81,1.58,2.65,0.75,0.96,12.24
2026-01-19,8.51,2.81,1.58,2.65,0.75,0.96,12.23
2026-01-20,8.64,2.90,1.65,2.73,0.75,0.96,12.37
2026-01-21,8.55,2.85,1.62,2.69,0.74,0.95,12.27
2026-01-22,8.43,2.81,1.57,2.64,0.73,0.93,12.17
2026-01-23,8.49,2.85,1.61,2.68,0.73,0.94,12.16
2026-01-26,8.52,2.86,1.62,2.69,0.74,0.94,12.18
2026-01-27,8.46,2.91,1.64,2.71,0.73,0.94,12.10
2026-01-28,8.38,2.94,1.65,2.72,0.73,0.93,12.02
2026-01-29,8.54,2.99,1.68,2.77,0.74,0.94,12.16
2026-01-30,8.55,3.06,1.71,2.80,0.74,0.94,12.14
2026-01-31,8.74,3.14,1.74,2.88,0.75,0.95,12.45
2026-02-02,8.68,3.06,1.67,2.81,0.74,0.93,12.42
2026-02-03,8.74,3.09,1.72,2.85,0.74,0.94,12.48
2026-02-04,8.80,3.11,1.71,2.86,0.75,0.95,12.55
2026-02-05,9.00,3.23,1.80,2.97,0.76,0.96,12.65
2026-02-06,8.92,3.12,1.71,2.87,0.76,0.96,12.59
2026-02-09,8.87,3.10,1.68,2.84,0.76,0.96,12.53
2026-02-10,8.92,3.13,1.69,2.86,0.77,0.98,12.54
2026-02-11,8.85,3.09,1.68,2.84,0.77,0.98,12.52
2026-02-12,8.97,3.19,1.75,2.92,0.78,0.99,12.56
2026-02-13,9.06,3.23,1.78,2.95,0.79,1.00,12.61
2026-02-16,8.96,3.21,1.77,2.94,0.79,1.00,12.49
2026-02-17,9.00,3.22,1.77,2.94,0.80,1.01,12.54
2026-02-18,8.87,3.12,1.71,2.86,0.78,0.99,12.43
2026-02-19,8.88,3.14,1.72,2.88,0.79,0.99,12.44
2026-02-20,8.87,3.12,1.70,2.86,0.78,0.99,12.42
2026-02-23,9.04,3.23,1.78,2.95,0.80,1.01,12.53
2026-02-24,9.15,3.23,1.78,2.97,0.81,1.02,12.66
2026-02-25,9.18,3.20,1.75,2.94,0.80,1.01,12.70
2026-02-26,9.27,3.23,1.79,2.98,0.82,1.03,12.76
2026-02-27,9.50,3.38,1.89,3.10,0.85,1.07,12.93
2026-02-28,9.52,3.45,1.91,3.12,0.86,1.08,13.00
2026-03-02,9.45,3.36,1.82,3.03,0.85,1.06,13.04
2026-03-03,9.57,3.44,1.86,3.08,0.84,1.06,13.18
2026-03-04,9.42,3.27,1.76,2.97,0.82,1.03,13.07
2026-03-05,9.44,3.31,1.80,3.00,0.82,1.04,13.12
2026-03-06,9.59,3.45,1.91,3.13,0.84,1.06,13.27
2026-03-09,9.69,3.52,1.96,3.19,0.85,1.07,13.35
2026-03-10,9.45,3.37,1.87,3.06,0.84,1.06,13.14
2026-03-11,9.45,3.39,1.90,3.09,0.88,1.09,13.19
2026-03-12,9.61,3.49,1.97,3.17,0.91,1.12,13.44
2026-03-13,9.78,3.60,2.06,3.28,0.93,1.15,13.61
2026-03-16,9.73,3.58,2.06,3.27,0.94,1.16,13.49
2026-03-17,9.63,3.52,2.02,3.22,0.92,1.14,13.38
2026-03-18,9.64,3.51,2.00,3.20,0.91,1.13,13.47
2026-03-19,9.76,3.61,2.04,3.27,0.90,1.13,13.62
2026-03-20,9.79,3.57,2.00,3.24,0.88,1.11,13.78
2026-03-23,9.75,3.50,1.97,3.19,0.88,1.11,13.68
2026-03-24,9.77,3.50,1.96,3.19,0.87,1.09,13.77
2026-03-25,9.74,3.46,1.95,3.17,0.87,1.09,13.68
2026-03-26,9.84,3.51,1.99,3.21,0.88,1.11,13.90
2026-03-27,10.13,3.73,2.18,3.42,0.91,1.14,14.15
2026-03-30,10.20,3.77,2.22,3.46,0.93,1.16,14.11
2026-03-31,9.94,3.61,2.08,3.28,0.90,1.13,13.86
2026-04-01,9.81,3.46,1.97,3.16,0.87,1.10,13.74
2026-04-02,9.88,3.47,1.98,3.17,0.86,1.09,13.79
2026-04-03,9.89,3.42,1.94,3.13,0.86,1.09,13.85
2026-04-06,9.76,3.34,1.86,3.05,0.85,1.07,13.72
2026-04-07,9.83,3.41,1.92,3.12,0.86,1.08,13.75
2026-04-08,9.53,3.20,1.78,2.94,0.83,1.05,13.42
2026-04-09,9.46,3.16,1.75,2.90,0.83,1.05,13.34
2026-04-10,9.54,3.20,1.77,2.94,0.82,1.04,13.45
2026-04-13,9.58,3.19,1.79,2.95,0.82,1.04,13.46
2026-04-14,9.31,3.06,1.72,2.84,0.81,1.02,13.13
2026-04-15,9.24,3.07,1.73,2.85,0.80,1.01,13.07
2026-04-16,9.21,3.08,1.75,2.86,0.81,1.01,13.06
2026-04-17,9.12,3.03,1.74,2.83,0.80,1.01,12.90
2026-04-20,9.15,3.07,1.77,2.87,0.81,1.01,12.92
2026-04-21,9.13,3.07,1.74,2.85,0.80,1.00,12.99
2026-04-22,9.13,3.05,1.73,2.84,0.79,0.99,12.97
2026-04-23,9.15,3.09,1.74,2.86,0.80,1.00,13.02
2026-04-24,9.18,3.09,1.75,2.86,0.80,1.00,13.01
2026-04-27,9.08,3.05,1.74,2.84,0.81,1.01,12.94
2026-04-28,9.11,3.06,1.75,2.85,0.81,1.02,13.00
2026-04-29,9.09,3.05,1.72,2.82,0.81,1.01,13.06
2026-04-30,9.09,3.11,1.74,2.83,0.81,1.02,13.08
2026-05-01,9.04,3.05,1.69,2.77,0.81,1.01,13.04
2026-05-04,9.10,3.05,1.70,2.78,0.80,1.01,13.16
2026-05-05,9.11,3.04,1.69,2.77,0.79,0.99,13.15
2026-05-06,9.07,3.01,1.68,2.75,0.78,0.99,13.05
2026-05-07,9.15,3.05,1.71,2.79,0.79,0.99,13.16
2026-05-08,9.20,3.07,1.73,2.81,0.79,0.99,13.19
2026-05-11,9.31,3.04,1.69,2.79,0.78,0.98,13.35
2026-05-12,9.37,3.09,1.72,2.82,0.77,0.97,13.47
2026-05-13,9.31,3.10,1.71,2.82,0.76,0.96,13.40
2026-05-14,9.22,3.04,1.66,2.76,0.76,0.95,13.31
2026-05-15,9.35,3.08,1.68,2.80,0.75,0.94,13.55
2026-05-18,9.42,3.11,1.70,2.83,0.75,0.94,13.62
2026-05-19,9.48,3.16,1.72,2.86,0.76,0.95,13.72
2026-05-20,9.40,3.08,1.68,2.80,0.75,0.95,13.56
2026-05-21,9.39,3.05,1.66,2.78,0.75,0.94,13.55
2026-05-22,9.39,3.01,1.62,2.74,0.74,0.93,13.58
2026-05-25,9.39,3.01,1.62,2.74,0.74,0.93,13.59
2026-05-26,9.35,2.98,1.60,2.72,0.74,0.93,13.49
2026-05-27,9.36,2.95,1.61,2.71,0.74,0.93,13.49
2026-05-28,9.35,2.96,1.61,2.72,0.73,0.93,13.42
2026-05-29,9.38,2.97,1.61,2.72,0.73,0.92,13.41
2026-05-31,9.41,2.99,1.64,2.74,0.74,0.93,13.42
2026-06-01,9.46,2.95,1.62,2.72,0.73,0.92,13.50
2026-06-02,9.44,2.92,1.61,2.71,0.74,0.92,13.58
2026-06-03,9.47,2.99,1.65,2.75,0.74,0.93,13.64
2026-06-04,9.46,2.98,1.65,2.74,0.74,0.93,13.61
2026-06-05,9.52,3.01,1.65,2.76,0.74,0.93,13.76
2026-06-08,9.49,2.99,1.65,2.75,0.75,0.93,13.75
2026-06-09,9.51,3.02,1.68,2.78,0.75,0.93,13.73
2026-06-10,9.57,3.03,1.70,2.80,0.75,0.94,13.80
2026-06-11,9.56,2.99,1.69,2.78,0.75,0.94,13.70
2026-06-12,9.48,2.91,1.62,2.71,0.74,0.93,13.66
2026-06-15,9.37,2.84,1.59,2.66,0.73,0.92,13.52
2026-06-16,9.44,2.89,1.64,2.71,0.75,0.93,13.56
2026-06-17,9.39,2.82,1.56,2.63,0.74,0.92,13.65
2026-06-18,9.46,2.83,1.58,2.66,0.74,0.93,13.68
2026-06-19,9.47,2.83,1.58,2.66,0.74,0.93,13.68
2026-06-22,9.47,2.83,1.56,2.65,0.74,0.93,13.74
2026-06-23,9.56,2.89,1.61,2.71,0.74,0.93,13.80
2026-06-24,9.64,2.95,1.66,2.76,0.75,0.94,13.81
2026-06-25,9.68,2.97,1.67,2.78,0.76,0.95,13.83
2026-06-26,9.73,3.04,1.73,2.83,0.77,0.96,13.84
2026-06-29,9.67,3.00,1.69,2.80,0.76,0.95,13.79
2026-06-30,9.70,2.99,1.64,2.75,0.76,0.95,13.90
2026-07-01,9.68,2.97,1.63,2.74,0.76,0.94,13.90
2026-07-02,9.71,2.96,1.64,2.75,0.75,0.94,13.88
2026-07-03,9.69,2.96,1.64,2.74,0.75,0.94,13.85
2026-07-06,9.67,2.92,1.62,2.72,0.75,0.94,13.80
2026-07-07,9.64,2.87,1.57,2.67,0.76,0.94,13.83
2026-07-08,9.75,2.90,1.60,2.70,0.76,0.94,13.97
2026-07-09,9.74,2.89,1.59,2.70,0.76,0.94,13.93
2026-07-10,9.70,2.87,1.59,2.69,0.77,0.96,13.92
2026-07-13,9.72,2.87,1.58,2.69,0.78,0.96,14.00
2026-07-14,9.73,2.92,1.61,2.72,0.79,0.97,13.92
2026-07-15,9.69,2.90,1.62,2.71,0.79,0.97,13.85
2026-07-16,9.70,2.90,1.61,2.71,0.78,0.96,13.86
2026-07-17,9.75,2.91,1.63,2.73,0.79,0.97,13.92
2026-07-20,9.77,2.86,1.60,2.69,0.78,0.97,13.98
2026-07-21,9.78,2.86,1.58,2.69,0.78,0.97,14.04
2026-07-22,9.81,2.85,1.57,2.68,0.78,0.96,14.10
2026-07-23,9.91,2.94,1.66,2.77,0.79,0.98,14.25
2026-07-24,9.96,2.96,1.68,2.79,0.80,0.99,14.28
2026-07-27,10.01,2.97,1.70,2.81,0.81,1.00,14.32
2026-07-28,10.05,2.98,1.73,2.84,0.81,1.00,14.31
2026-07-29,10.13,3.03,1.76,2.87,0.81,1.00,14.40
2026-07-30,10.06,2.99,1.74,2.84,0.80,0.99,14.29
2026-07-31,10.34,3.04,1.73,2.85,0.79,0.99,14.71
2026-08-03,10.28,2.95,1.67,2.78,0.78,0.97,14.63
2026-08-04,10.19,2.88,1.63,2.73,0.78,0.97,14.47
2026-08-05,10.23,2.90,1.65,2.75,0.78,0.96,14.51
2026-08-06,10.17,2.87,1.61,2.71,0.78,0.97,14.51
2026-08-07,10.13,2.88,1.60,2.70,0.78,0.97,14.42
2026-08-10,10.14,2.88,1.59,2.70,0.78,0.97,14.49
2026-08-11,10.23,2.90,1.60,2.72,0.79,0.98,14.57
2026-08-12,10.20,2.88,1.60,2.71,0.79,0.98,14.51
2026-08-13,10.24,2.88,1.60,2.71,0.79,0.98,14.50
2026-08-14,10.12,2.85,1.57,2.67,0.80,0.98,14.36
2026-08-17,10.18,2.88,1.59,2.70,0.81,0.99,14.43
2026-08-18,10.27,2.94,1.63,2.75,0.82,1.00,14.52
2026-08-19,10.30,2.91,1.61,2.73,0.81,1.00,14.53
2026-08-20,10.35,2.94,1.63,2.75,0.82,1.00,14.61
2026-08-21,10.37,2.88,1.58,2.70,0.81,1.00,14.67
2026-08-24,10.36,2.85,1.57,2.69,0.81,1.00,14.65
2026-08-25,10.39,2.84,1.58,2.70,0.81,1.00,14.62
2026-08-26,10.31,2.82,1.56,2.67,0.80,0.99,14.57
2026-08-27,10.31,2.76,1.53,2.63,0.79,0.98,14.58
2026-08-28,10.26,2.72,1.50,2.60,0.79,0.97,14.62
2026-08-31,10.42,2.72,1.52,2.63,0.80,0.98,14.81
2026-09-01,10.49,2.75,1.52,2.65,0.81,0.99,14.93
2026-09-02,10.53,2.76,1.53,2.66,0.81,0.99,14.95
2026-09-03,10.51,2.76,1.52,2.65,0.81,1.00,14.92
2026-09-04,10.54,2.77,1.55,2.68,0.81,0.99,14.97
2026-09-07,10.55,2.77,1.55,2.68,0.81,0.99,14.98
2026-09-08,10.56,2.76,1.55,2.67,0.81,0.99,15.01
2026-09-09,10.64,2.80,1.58,2.71,0.81,0.99,15.13
2026-09-10,10.70,2.80,1.55,2.70,0.80,0.98,15.33
2026-09-11,10.76,2.73,1.50,2.65,0.80,0.97,15.44
2026-09-14,10.81,2.79,1.56,2.71,0.80,0.98,15.50
2026-09-15,10.85,2.85,1.61,2.76,0.80,0.98,15.55
2026-09-16,10.76,2.78,1.55,2.70,0.78,0.96,15.52
2026-09-17,10.76,2.77,1.56,2.70,0.78,0.95,15.45
2026-09-18,10.83,2.73,1.55,2.68,0.77,0.94,15.59
2026-09-21,10.77,2.70,1.53,2.66,0.77,0.95,15.50
2026-09-22,10.75,2.71,1.56,2.68,0.77,0.95,15.48
2026-09-23,10.93,2.78,1.59,2.73,0.77,0.95,15.80
2026-09-24,11.12,2.86,1.64,2.80,0.79,0.97,16.04
2026-09-25,11.28,3.00,1.76,2.93,0.81,0.99,16.14
2026-09-28,11.46,3.09,1.83,3.02,0.83,1.02,16.40
2026-09-29,11.57,3.16,1.89,3.08,0.84,1.02,16.48
2026-09-30,11.79,3.16,1.94,3.12,0.84,1.03,16.72
2026-10-01,12.15,3.29,2.04,3.24,0.86,1.06,17.02
2026-10-02,12.02,3.12,1.91,3.10,0.85,1.04,16.93
2026-10-05,12.11,3.14,1.93,3.12,0.84,1.04,17.02
2026-10-06,12.14,3.02,1.85,3.03,0.83,1.02,16.98
2026-10-07,12.29,3.08,1.89,3.09,0.82,1.02,17.12
