Date,Issues,Adv,Dec,Unch,NewHighs,NewLows,AdvVol,DecVol,TotalVol
2026-09-25,5112,2539,2359,214,96,381,3549918187,3640451232,7275264513
2026-09-28,5096,1436,3475,185,67,535,2332913404,4655049751,7030730092
2026-09-29,5123,1961,2960,202,68,488,3440918125,3526271738,7097255694
2026-09-30,5316,2241,2890,185,91,368,4692435986,3491124313,8300260870
2026-10-01,5096,2469,2440,187,82,528,3761447838,3462368473,7329616177
2026-10-02,5104,2816,2099,189,142,292,4799985626,3075549110,7954430965
2026-10-05,5132,2679,2270,183,173,350,5046748233,2652773566,7828482316
2026-10-06,5111,2499,2420,192,224,229,4963622051,3394537800,8451475184
2026-10-07,5113,1531,3411,171,74,374,2902924171,4353312512,7315505447
2026-10-08,5124,2090,2845,189,63,441,3746323693,5014505983,8820128786
2026-10-09,4951,2759,2019,173,90,275,3610890865,3171752035,6845313838
