Date,NewHighs,NewLows,Net,Coverage,Index
2016-01-04,0,8,-8,457,2012.66
2016-01-05,3,5,-2,457,2016.71
2016-01-06,3,29,-26,457,1990.26
2016-01-07,1,62,-61,457,1943.09
2016-01-08,3,67,-64,457,1922.03
2016-01-11,3,86,-83,457,1923.67
2016-01-12,1,48,-47,457,1938.68
2016-01-13,3,80,-77,457,1890.28
2016-01-14,2,89,-87,457,1921.84
2016-01-15,0,108,-108,457,1880.33
2016-01-19,1,56,-55,457,1881.33
2016-01-20,0,144,-144,457,1859.33
2016-01-21,0,15,-15,457,1868.99
2016-01-22,4,5,-1,457,1906.90
2016-01-25,3,16,-13,457,1877.08
2016-01-26,4,6,-2,457,1903.63
2016-01-27,4,4,0,457,1882.95
2016-01-28,6,19,-13,457,1893.36
2016-01-29,19,5,14,457,1940.24
2016-02-01,27,1,26,457,1939.38
2016-02-02,14,20,-6,457,1903.03
2016-02-03,23,37,-14,457,1912.53
2016-02-04,9,10,-1,457,1915.45
2016-02-05,8,26,-18,457,1880.05
2016-02-08,6,86,-80,457,1853.44
2016-02-09,9,68,-59,457,1852.21
2016-02-10,7,10,-3,457,1851.86
2016-02-11,2,73,-71,457,1829.08
2016-02-12,5,7,-2,457,1864.78
2016-02-16,5,0,5,457,1895.58
2016-02-17,10,1,9,457,1926.82
2016-02-18,9,0,9,457,1917.83
2016-02-19,11,2,9,457,1917.78
2016-02-22,18,0,18,457,1945.50
2016-02-23,14,0,14,457,1921.27
2016-02-24,11,2,9,457,1929.80
2016-02-25,31,0,31,457,1951.70
2016-02-26,20,0,20,457,1948.05
2016-02-29,7,1,6,457,1932.23
2016-03-01,10,0,10,457,1978.35
2016-03-02,11,0,11,457,1986.45
2016-03-03,14,1,13,457,1993.40
2016-03-04,16,1,15,457,1999.99
2016-03-07,11,0,11,457,2001.76
2016-03-08,17,0,17,457,1979.26
2016-03-09,27,0,27,457,1989.26
2016-03-10,17,0,17,457,1989.57
2016-03-11,33,0,33,457,2022.19
2016-03-14,18,0,18,457,2019.64
2016-03-15,23,1,22,457,2015.93
2016-03-16,37,1,36,457,2027.22
2016-03-17,61,3,58,457,2040.59
2016-03-18,51,0,51,457,2049.58
2016-03-21,17,0,17,457,2051.60
2016-03-22,17,0,17,457,2049.80
2016-03-23,13,0,13,457,2036.71
2016-03-24,10,0,10,457,2035.94
2016-03-28,28,0,28,457,2037.05
2016-03-29,53,0,53,457,2055.01
2016-03-30,68,0,68,457,2063.95
2016-03-31,47,0,47,458,2059.74
2016-04-01,68,0,68,458,2072.78
2016-04-04,61,0,61,458,2066.13
2016-04-05,15,0,15,458,2045.17
2016-04-06,17,0,17,458,2066.66
2016-04-07,12,0,12,458,2041.91
2016-04-08,22,0,22,458,2047.60
2016-04-11,23,0,23,458,2041.99
2016-04-12,14,0,14,458,2061.72
2016-04-13,29,0,29,458,2082.42
2016-04-14,18,0,18,458,2082.78
2016-04-15,9,1,8,458,2080.73
2016-04-18,28,1,27,458,2094.34
2016-04-19,45,0,45,458,2100.80
2016-04-20,26,0,26,458,2102.40
2016-04-21,14,0,14,458,2091.48
2016-04-22,12,1,11,458,2091.58
2016-04-25,9,0,9,458,2087.79
2016-04-26,21,0,21,458,2091.70
2016-04-27,26,0,26,458,2095.15
2016-04-28,22,0,22,458,2075.81
2016-04-29,4,1,3,458,2065.30
2016-05-02,12,1,11,458,2081.43
2016-05-03,9,1,8,458,2063.37
2016-05-04,17,3,14,458,2051.12
2016-05-05,21,3,18,458,2050.63
2016-05-06,20,6,14,458,2057.14
2016-05-09,34,2,32,458,2058.69
2016-05-10,53,3,50,458,2084.39
2016-05-11,42,1,41,458,2064.46
2016-05-12,30,7,23,458,2064.11
2016-05-13,20,4,16,458,2046.61
2016-05-16,30,1,29,458,2066.66
2016-05-17,12,1,11,458,2047.21
2016-05-18,10,1,9,458,2047.63
2016-05-19,6,2,4,458,2040.04
2016-05-20,19,0,19,458,2052.32
2016-05-23,13,0,13,458,2048.04
2016-05-24,41,0,41,458,2076.06
2016-05-25,46,0,46,458,2090.54
2016-05-26,28,1,27,458,2090.10
2016-05-27,30,0,30,458,2099.06
2016-05-31,36,0,36,458,2096.95
2016-06-01,20,0,20,458,2099.33
2016-06-02,33,0,33,458,2105.26
2016-06-03,38,0,38,458,2099.13
2016-06-06,44,0,44,458,2109.41
2016-06-07,52,0,52,458,2112.13
2016-06-08,55,0,55,458,2119.12
2016-06-09,53,0,53,458,2115.48
2016-06-10,30,0,30,458,2096.07
2016-06-13,22,2,20,458,2079.06
2016-06-14,10,4,6,458,2075.32
2016-06-15,11,1,10,458,2071.50
2016-06-16,15,1,14,458,2077.99
2016-06-17,12,0,12,458,2071.22
2016-06-20,39,0,39,458,2083.25
2016-06-21,28,2,26,458,2088.90
2016-06-22,26,2,24,458,2085.45
2016-06-23,52,0,52,458,2113.32
2016-06-24,28,5,23,458,2037.41
2016-06-27,20,16,4,458,2000.54
2016-06-28,18,0,18,458,2036.09
2016-06-29,48,0,48,458,2070.77
2016-06-30,92,1,91,458,2098.86
2016-07-01,94,0,94,458,2102.95
2016-07-05,68,2,66,460,2088.55
2016-07-06,59,3,56,460,2099.73
2016-07-07,40,1,39,460,2097.90
2016-07-08,68,1,67,460,2129.90
2016-07-11,82,1,81,460,2137.16
2016-07-12,78,1,77,460,2152.14
2016-07-13,54,0,54,460,2152.43
2016-07-14,66,0,66,460,2163.75
2016-07-15,30,0,30,460,2161.74
2016-07-18,22,0,22,460,2166.89
2016-07-19,23,2,21,460,2163.78
2016-07-20,46,0,46,460,2173.02
2016-07-21,24,0,24,460,2165.17
2016-07-22,33,0,33,461,2175.03
2016-07-25,34,0,34,461,2168.48
2016-07-26,59,0,59,461,2169.18
2016-07-27,54,0,54,461,2166.58
2016-07-28,38,0,38,461,2170.06
2016-07-29,41,0,41,461,2173.60
2016-08-01,44,0,44,461,2170.84
2016-08-02,16,0,16,461,2157.03
2016-08-03,9,0,9,461,2163.79
2016-08-04,16,1,15,461,2164.25
2016-08-05,38,0,38,461,2182.87
2016-08-08,30,0,30,461,2180.89
2016-08-09,31,0,31,461,2181.74
2016-08-10,23,1,22,461,2175.49
2016-08-11,33,0,33,461,2185.79
2016-08-12,18,0,18,461,2184.05
2016-08-15,42,0,42,461,2190.15
2016-08-16,11,0,11,461,2178.15
2016-08-17,7,2,5,461,2182.22
2016-08-18,21,0,21,461,2187.02
2016-08-19,23,0,23,461,2183.87
2016-08-22,17,0,17,461,2182.64
2016-08-23,39,0,39,461,2186.90
2016-08-24,14,1,13,461,2175.44
2016-08-25,12,1,11,461,2172.47
2016-08-26,32,1,31,461,2169.04
2016-08-29,34,2,32,461,2180.38
2016-08-30,29,0,29,461,2176.12
2016-08-31,16,1,15,461,2170.95
2016-09-01,24,1,23,461,2170.86
2016-09-02,52,2,50,461,2179.98
2016-09-06,47,1,46,461,2186.48
2016-09-07,32,2,30,461,2186.16
2016-09-08,21,3,18,461,2181.30
2016-09-09,3,3,0,461,2127.81
2016-09-12,3,4,-1,461,2159.04
2016-09-13,2,2,0,461,2127.02
2016-09-14,6,1,5,461,2125.77
2016-09-15,8,0,8,461,2147.26
2016-09-16,9,1,8,461,2139.16
2016-09-19,13,1,12,461,2139.12
2016-09-20,7,2,5,461,2139.76
2016-09-21,20,1,19,461,2163.12
2016-09-22,42,0,42,461,2177.18
2016-09-23,10,1,9,461,2164.69
2016-09-26,2,1,1,461,2146.10
2016-09-27,15,1,14,461,2159.93
2016-09-28,27,2,25,461,2171.37
2016-09-29,32,3,29,461,2151.13
2016-09-30,30,2,28,461,2168.27
2016-10-03,12,5,7,461,2161.20
2016-10-04,13,5,8,461,2150.49
2016-10-05,29,5,24,462,2159.73
2016-10-06,21,6,15,462,2160.77
2016-10-07,10,3,7,462,2153.74
2016-10-10,35,1,34,462,2163.66
2016-10-11,5,3,2,462,2136.73
2016-10-12,3,2,1,462,2139.18
2016-10-13,1,3,-2,462,2132.55
2016-10-14,5,0,5,462,2132.98
2016-10-17,5,6,-1,462,2126.50
2016-10-18,8,3,5,463,2139.60
2016-10-19,14,0,14,463,2144.29
2016-10-20,6,4,2,463,2141.34
2016-10-21,10,3,7,463,2141.16
2016-10-24,19,4,15,463,2151.33
2016-10-25,13,7,6,463,2143.16
2016-10-26,9,4,5,463,2139.43
2016-10-27,18,8,10,463,2133.04
2016-10-28,12,7,5,463,2126.41
2016-10-31,9,3,6,463,2126.15
2016-11-01,7,5,2,463,2111.72
2016-11-02,3,6,-3,463,2097.94
2016-11-03,3,10,-7,463,2088.66
2016-11-04,3,9,-6,463,2085.18
2016-11-07,18,0,18,463,2131.52
2016-11-08,26,2,24,463,2139.56
2016-11-09,60,6,54,463,2163.26
2016-11-10,83,4,79,463,2167.48
2016-11-11,39,3,36,463,2164.45
2016-11-14,82,1,81,463,2164.20
2016-11-15,44,1,43,463,2180.39
2016-11-16,24,1,23,463,2176.94
2016-11-17,50,1,49,463,2187.12
2016-11-18,41,2,39,464,2181.90
2016-11-21,51,1,50,464,2198.18
2016-11-22,61,1,60,464,2202.94
2016-11-23,68,1,67,464,2204.72
2016-11-25,56,0,56,464,2213.35
2016-11-28,28,0,28,464,2201.72
2016-11-29,32,0,32,464,2204.66
2016-11-30,60,1,59,464,2198.81
2016-12-01,66,4,62,464,2191.08
2016-12-02,17,0,17,464,2191.95
2016-12-05,51,1,50,464,2204.71
2016-12-06,49,2,47,464,2212.23
2016-12-07,102,3,99,464,2241.35
2016-12-08,114,2,112,464,2246.19
2016-12-09,58,0,58,464,2259.53
2016-12-12,59,0,59,464,2256.96
2016-12-13,46,0,46,464,2271.72
2016-12-14,34,1,33,464,2253.28
2016-12-15,31,0,31,464,2262.03
2016-12-16,29,0,29,464,2258.07
2016-12-19,17,0,17,464,2262.53
2016-12-20,37,0,37,464,2270.76
2016-12-21,23,1,22,464,2265.18
2016-12-22,11,1,10,464,2260.96
2016-12-23,8,1,7,464,2263.79
2016-12-27,21,0,21,464,2268.88
2016-12-28,14,2,12,464,2249.92
2016-12-29,1,1,0,464,2249.26
2016-12-30,0,0,0,464,2238.83
2017-01-03,13,1,12,464,2257.83
2017-01-04,30,0,30,464,2270.75
2017-01-05,17,0,17,464,2269.00
2017-01-06,26,0,26,464,2276.98
2017-01-09,10,0,10,464,2268.90
2017-01-10,14,0,14,464,2268.90
2017-01-11,23,0,23,464,2275.32
2017-01-12,8,1,7,464,2270.44
2017-01-13,33,1,32,464,2274.64
2017-01-17,8,0,8,464,2267.89
2017-01-18,15,0,15,464,2271.89
2017-01-19,20,1,19,464,2263.69
2017-01-20,20,3,17,464,2271.31
2017-01-23,19,2,17,464,2265.20
2017-01-24,49,1,48,464,2280.07
2017-01-25,96,1,95,464,2298.37
2017-01-26,64,1,63,464,2296.68
2017-01-27,27,2,25,464,2294.69
2017-01-30,9,0,9,464,2280.90
2017-01-31,12,0,12,464,2278.87
2017-02-01,31,0,31,464,2279.55
2017-02-02,23,1,22,464,2280.85
2017-02-03,36,2,34,464,2297.42
2017-02-06,22,1,21,464,2292.56
2017-02-07,43,1,42,464,2293.08
2017-02-08,24,2,22,464,2294.67
2017-02-09,43,1,42,464,2307.87
2017-02-10,48,0,48,464,2316.10
2017-02-13,79,0,79,464,2328.25
2017-02-14,60,0,60,464,2337.58
2017-02-15,80,1,79,464,2349.25
2017-02-16,65,0,65,464,2347.22
2017-02-17,51,0,51,464,2351.16
2017-02-21,98,0,98,464,2365.38
2017-02-22,64,0,64,464,2362.82
2017-02-23,70,0,70,464,2363.81
2017-02-24,47,1,46,464,2367.34
2017-02-27,60,0,60,464,2369.75
2017-02-28,46,1,45,464,2363.64
2017-03-01,131,1,130,464,2395.96
2017-03-02,38,1,37,464,2381.92
2017-03-03,13,4,9,464,2383.12
2017-03-06,17,4,13,464,2375.31
2017-03-07,17,4,13,464,2368.39
2017-03-08,18,6,12,464,2362.98
2017-03-09,21,8,13,464,2364.87
2017-03-10,42,4,38,464,2372.60
2017-03-13,40,2,38,464,2373.47
2017-03-14,18,2,16,464,2365.45
2017-03-15,76,1,75,464,2385.26
2017-03-16,66,0,66,464,2381.38
2017-03-17,47,0,47,464,2378.25
2017-03-20,30,1,29,464,2373.47
2017-03-21,27,2,25,464,2344.02
2017-03-22,11,7,4,464,2348.45
2017-03-23,12,2,10,464,2345.96
2017-03-24,20,1,19,464,2343.98
2017-03-27,11,2,9,464,2341.59
2017-03-28,15,0,15,464,2358.57
2017-03-29,15,0,15,464,2361.13
2017-03-30,19,2,17,464,2368.06
2017-03-31,19,1,18,464,2362.72
2017-04-03,22,3,19,464,2358.84
2017-04-04,16,5,11,464,2360.16
2017-04-05,36,3,33,464,2352.95
2017-04-06,6,2,4,464,2357.49
2017-04-07,8,0,8,464,2355.54
2017-04-10,8,2,6,464,2357.16
2017-04-11,5,1,4,464,2353.78
2017-04-12,9,1,8,464,2344.93
2017-04-13,6,1,5,464,2328.95
2017-04-17,11,1,10,464,2349.01
2017-04-18,17,2,15,464,2342.19
2017-04-19,21,2,19,464,2338.17
2017-04-20,41,0,41,464,2355.84
2017-04-21,32,0,32,464,2348.69
2017-04-24,75,1,74,464,2374.15
2017-04-25,91,0,91,464,2388.61
2017-04-26,87,1,86,464,2387.45
2017-04-27,86,3,83,464,2388.77
2017-04-28,50,2,48,464,2384.20
2017-05-01,48,7,41,464,2388.33
2017-05-02,55,6,49,464,2391.17
2017-05-03,35,4,31,464,2388.13
2017-05-04,60,10,50,464,2389.52
2017-05-05,61,0,61,464,2399.29
2017-05-08,50,3,47,464,2399.38
2017-05-09,43,2,41,464,2396.92
2017-05-10,30,1,29,464,2399.63
2017-05-11,14,4,10,464,2394.44
2017-05-12,27,7,20,464,2390.90
2017-05-15,51,8,43,464,2402.32
2017-05-16,69,8,61,464,2400.67
2017-05-17,12,16,-4,464,2357.03
2017-05-18,16,9,7,464,2365.72
2017-05-19,32,4,28,464,2381.73
2017-05-22,60,3,57,464,2394.02
2017-05-23,62,4,58,464,2398.42
2017-05-24,60,3,57,464,2404.39
2017-05-25,108,2,106,464,2415.07
2017-05-26,70,2,68,464,2415.82
2017-05-30,58,4,54,464,2412.91
2017-05-31,90,7,83,464,2411.80
2017-06-01,110,1,109,464,2430.06
2017-06-02,144,3,141,464,2439.07
2017-06-05,85,4,81,464,2436.10
2017-06-06,51,8,43,464,2429.33
2017-06-07,46,6,40,464,2433.14
2017-06-08,55,2,53,464,2433.79
2017-06-09,75,2,73,464,2431.77
2017-06-12,25,0,25,464,2429.39
2017-06-13,36,0,36,464,2440.35
2017-06-14,49,1,48,464,2437.92
2017-06-15,39,4,35,464,2432.46
2017-06-16,51,8,43,464,2433.15
2017-06-19,84,2,82,464,2453.46
2017-06-20,51,5,46,464,2437.03
2017-06-21,27,10,17,464,2435.61
2017-06-22,34,7,27,464,2434.50
2017-06-23,28,4,24,465,2438.30
2017-06-26,38,1,37,465,2439.07
2017-06-27,12,3,9,465,2419.38
2017-06-28,23,4,19,465,2440.69
2017-06-29,25,7,18,465,2419.70
2017-06-30,8,2,6,465,2423.41
2017-07-03,22,0,22,465,2429.01
2017-07-05,22,7,15,466,2432.54
2017-07-06,4,11,-7,466,2409.75
2017-07-07,23,13,10,466,2425.18
2017-07-10,31,13,18,466,2427.43
2017-07-11,12,9,3,466,2425.53
2017-07-12,49,6,43,466,2443.25
2017-07-13,32,3,29,466,2447.83
2017-07-14,42,2,40,466,2459.27
2017-07-17,39,2,37,466,2459.14
2017-07-18,27,3,24,466,2460.61
2017-07-19,60,6,54,466,2473.83
2017-07-20,64,4,60,466,2473.45
2017-07-21,47,4,43,466,2472.54
2017-07-24,41,4,37,466,2469.91
2017-07-25,79,0,79,466,2477.13
2017-07-26,58,2,56,466,2477.83
2017-07-27,51,4,47,466,2475.42
2017-07-28,22,2,20,466,2472.10
2017-07-31,25,1,24,466,2470.30
2017-08-01,37,1,36,466,2476.35
2017-08-02,37,1,36,466,2477.57
2017-08-03,35,1,34,466,2472.16
2017-08-04,44,1,43,466,2476.83
2017-08-07,26,2,24,466,2480.91
2017-08-08,41,4,37,466,2474.92
2017-08-09,22,4,18,466,2474.02
2017-08-10,13,3,10,466,2438.21
2017-08-11,5,7,-2,466,2441.32
2017-08-14,18,5,13,466,2465.84
2017-08-15,32,13,19,466,2464.61
2017-08-16,42,6,36,466,2468.11
2017-08-17,19,10,9,467,2430.01
2017-08-18,9,18,-9,467,2425.55
2017-08-21,7,10,-3,467,2428.37
2017-08-22,28,4,24,467,2452.51
2017-08-23,27,5,22,467,2444.04
2017-08-24,28,5,23,467,2438.97
2017-08-25,36,2,34,467,2443.05
2017-08-28,21,5,16,467,2444.24
2017-08-29,26,6,20,467,2446.30
2017-08-30,27,5,22,467,2457.59
2017-08-31,56,4,52,467,2471.65
2017-09-01,50,2,48,467,2476.55
2017-09-05,24,4,20,467,2457.85
2017-09-06,21,4,17,467,2465.54
2017-09-07,33,3,30,467,2465.10
2017-09-08,45,5,40,467,2461.43
2017-09-11,88,0,88,467,2488.11
2017-09-12,63,0,63,467,2496.48
2017-09-13,31,1,30,467,2498.37
2017-09-14,30,1,29,467,2495.62
2017-09-15,35,0,35,467,2500.23
2017-09-18,52,1,51,467,2503.87
2017-09-19,54,2,52,467,2506.65
2017-09-20,58,2,56,467,2508.24
2017-09-21,33,3,30,467,2500.60
2017-09-22,38,3,35,467,2502.22
2017-09-25,30,1,29,467,2496.66
2017-09-26,32,0,32,467,2496.84
2017-09-27,53,2,51,467,2507.04
2017-09-28,33,1,32,467,2510.06
2017-09-29,50,0,50,467,2519.36
2017-10-02,78,3,75,467,2529.12
2017-10-03,83,1,82,467,2534.58
2017-10-04,81,1,80,467,2537.74
2017-10-05,85,0,85,468,2552.07
2017-10-06,72,0,72,468,2549.33
2017-10-09,67,4,63,468,2544.73
2017-10-10,64,3,61,468,2550.64
2017-10-11,52,1,51,468,2555.24
2017-10-12,88,3,85,468,2550.93
2017-10-13,104,2,102,468,2553.17
2017-10-16,60,2,58,468,2557.64
2017-10-17,43,1,42,468,2559.36
2017-10-18,52,1,51,468,2561.26
2017-10-19,46,2,44,468,2562.10
2017-10-20,105,6,99,468,2575.21
2017-10-23,95,4,91,468,2564.98
2017-10-24,75,6,69,468,2569.13
2017-10-25,53,10,43,468,2557.15
2017-10-26,94,5,89,468,2560.40
2017-10-27,87,10,77,468,2581.07
2017-10-30,47,9,38,468,2572.83
2017-10-31,66,7,59,468,2575.26
2017-11-01,73,2,71,469,2579.36
2017-11-02,55,7,48,469,2579.85
2017-11-03,53,4,49,469,2587.84
2017-11-06,61,9,52,469,2591.13
2017-11-07,73,5,68,469,2590.64
2017-11-08,54,5,49,469,2594.38
2017-11-09,24,3,21,469,2584.62
2017-11-10,22,4,18,469,2582.30
2017-11-13,42,6,36,469,2584.84
2017-11-14,49,7,42,469,2578.87
2017-11-15,35,11,24,469,2564.62
2017-11-16,42,4,38,469,2585.64
2017-11-17,40,2,38,469,2578.85
2017-11-20,47,2,45,469,2582.14
2017-11-21,79,1,78,469,2599.03
2017-11-22,36,0,36,469,2597.08
2017-11-24,41,0,41,469,2602.42
2017-11-27,45,0,45,469,2601.42
2017-11-28,76,1,75,469,2627.04
2017-11-29,95,1,94,469,2626.07
2017-11-30,116,0,116,469,2647.58
2017-12-01,44,0,44,469,2642.22
2017-12-04,109,1,108,469,2639.44
2017-12-05,21,1,20,469,2629.57
2017-12-06,8,2,6,469,2629.27
2017-12-07,21,0,21,469,2636.98
2017-12-08,35,1,34,469,2651.50
2017-12-11,32,0,32,469,2659.99
2017-12-12,41,1,40,469,2664.11
2017-12-13,38,0,38,469,2662.85
2017-12-14,22,2,20,469,2652.01
2017-12-15,36,0,36,469,2675.81
2017-12-18,81,0,81,469,2690.16
2017-12-19,53,2,51,469,2681.47
2017-12-20,49,3,46,469,2679.25
2017-12-21,51,4,47,469,2684.57
2017-12-22,37,1,36,469,2683.34
2017-12-26,34,2,32,469,2680.50
2017-12-27,24,3,21,469,2682.62
2017-12-28,27,2,25,469,2687.54
2017-12-29,37,0,37,469,2673.61
2018-01-02,37,2,35,469,2695.81
2018-01-03,59,1,58,469,2713.06
2018-01-04,95,4,91,469,2723.99
2018-01-05,87,5,82,469,2743.15
2018-01-08,97,0,97,469,2747.71
2018-01-09,122,3,119,469,2751.29
2018-01-10,70,6,64,469,2748.23
2018-01-11,106,7,99,469,2767.56
2018-01-12,161,8,153,469,2786.24
2018-01-16,169,5,164,469,2776.42
2018-01-17,83,4,79,469,2802.56
2018-01-18,98,8,90,469,2798.03
2018-01-19,118,6,112,469,2810.30
2018-01-22,126,2,124,469,2832.97
2018-01-23,149,1,148,469,2839.13
2018-01-24,146,1,145,469,2837.54
2018-01-25,89,2,87,469,2839.25
2018-01-26,123,2,121,469,2872.87
2018-01-29,129,2,127,469,2853.53
2018-01-30,18,1,17,469,2822.43
2018-01-31,33,2,31,469,2823.81
2018-02-01,34,5,29,470,2821.98
2018-02-02,20,14,6,470,2762.13
2018-02-05,1,31,-30,470,2648.94
2018-02-06,2,42,-40,470,2695.14
2018-02-07,5,2,3,470,2681.66
2018-02-08,2,28,-26,470,2581.00
2018-02-09,0,38,-38,470,2619.55
2018-02-12,1,6,-5,470,2656.00
2018-02-13,2,2,0,470,2662.94
2018-02-14,8,4,4,470,2698.63
2018-02-15,22,1,21,470,2731.20
2018-02-16,28,1,27,470,2732.22
2018-02-20,25,1,24,470,2716.26
2018-02-21,29,3,26,470,2701.33
2018-02-22,5,6,-1,470,2703.96
2018-02-23,14,0,14,470,2747.30
2018-02-26,41,1,40,470,2779.60
2018-02-27,47,4,43,470,2744.28
2018-02-28,21,10,11,470,2713.83
2018-03-01,3,15,-12,470,2677.67
2018-03-02,7,16,-9,470,2691.25
2018-03-05,23,1,22,470,2720.94
2018-03-06,34,0,34,470,2728.12
2018-03-07,35,1,34,470,2726.80
2018-03-08,36,1,35,470,2738.97
2018-03-09,69,1,68,470,2786.57
2018-03-12,71,1,70,470,2783.02
2018-03-13,48,0,48,470,2765.31
2018-03-14,15,5,10,470,2749.48
2018-03-15,13,8,5,470,2747.33
2018-03-16,19,4,15,470,2752.01
2018-03-19,6,6,0,470,2712.92
2018-03-20,11,7,4,470,2716.94
2018-03-21,19,9,10,470,2711.93
2018-03-22,5,11,-6,470,2643.69
2018-03-23,1,28,-27,470,2588.26
2018-03-26,4,12,-8,470,2658.55
2018-03-27,13,5,8,470,2612.62
2018-03-28,2,8,-6,470,2605.00
2018-03-29,4,4,0,470,2640.87
2018-04-02,4,21,-17,470,2581.88
2018-04-03,1,7,-6,470,2614.45
2018-04-04,2,4,-2,470,2644.69
2018-04-05,9,1,8,470,2662.84
2018-04-06,2,7,-5,470,2604.47
2018-04-09,1,4,-3,470,2613.16
2018-04-10,6,2,4,470,2656.87
2018-04-11,8,3,5,470,2642.19
2018-04-12,11,2,9,470,2663.99
2018-04-13,8,1,7,470,2656.30
2018-04-16,13,0,13,470,2677.84
2018-04-17,37,0,37,470,2706.39
2018-04-18,40,0,40,470,2708.64
2018-04-19,16,12,4,470,2693.13
2018-04-20,15,18,-3,470,2670.14
2018-04-23,10,17,-7,470,2670.29
2018-04-24,15,23,-8,470,2634.56
2018-04-25,3,16,-13,470,2639.40
2018-04-26,16,7,9,470,2666.94
2018-04-27,20,7,13,470,2669.91
2018-04-30,19,7,12,471,2648.05
2018-05-01,4,21,-17,471,2654.80
2018-05-02,15,17,-2,471,2635.67
2018-05-03,10,30,-20,471,2629.73
2018-05-04,19,2,17,471,2663.42
2018-05-07,27,3,24,471,2672.63
2018-05-08,17,10,7,471,2671.92
2018-05-09,40,7,33,471,2697.79
2018-05-10,44,0,44,471,2723.07
2018-05-11,31,2,29,471,2727.72
2018-05-14,38,1,37,472,2730.13
2018-05-15,10,5,5,472,2711.45
2018-05-16,12,3,9,472,2722.46
2018-05-17,25,1,24,472,2720.13
2018-05-18,18,3,15,472,2712.97
2018-05-21,36,1,35,472,2733.01
2018-05-22,25,1,24,472,2724.44
2018-05-23,10,3,7,472,2733.29
2018-05-24,24,1,23,472,2727.76
2018-05-25,28,2,26,472,2721.33
2018-05-29,13,8,5,472,2689.86
2018-05-30,38,0,38,472,2724.01
2018-05-31,32,3,29,472,2705.27
2018-06-01,40,2,38,472,2734.62
2018-06-04,58,1,57,472,2746.87
2018-06-05,64,4,60,472,2748.80
2018-06-06,68,8,60,472,2772.35
2018-06-07,59,6,53,472,2770.37
2018-06-08,31,0,31,472,2779.03
2018-06-11,48,8,40,472,2782.00
2018-06-12,50,3,47,472,2786.85
2018-06-13,40,0,40,472,2775.63
2018-06-14,38,0,38,472,2782.49
2018-06-15,27,3,24,472,2779.66
2018-06-18,38,4,34,472,2773.75
2018-06-19,12,3,9,472,2762.59
2018-06-20,35,5,30,472,2767.32
2018-06-21,31,9,22,472,2749.76
2018-06-22,20,1,19,472,2754.88
2018-06-25,9,12,-3,472,2717.07
2018-06-26,6,4,2,472,2723.06
2018-06-27,11,9,2,472,2699.63
2018-06-28,7,14,-7,472,2716.31
2018-06-29,9,1,8,472,2718.37
2018-07-02,5,8,-3,472,2726.71
2018-07-03,9,2,7,472,2713.22
2018-07-05,9,3,6,472,2736.61
2018-07-06,27,2,25,472,2759.82
2018-07-09,30,0,30,472,2784.17
2018-07-10,34,1,33,472,2793.84
2018-07-11,17,0,17,472,2774.02
2018-07-12,40,2,38,472,2798.29
2018-07-13,46,1,45,472,2801.31
2018-07-16,19,1,18,472,2798.43
2018-07-17,26,0,26,472,2809.55
2018-07-18,36,0,36,472,2815.62
2018-07-19,29,3,26,472,2804.49
2018-07-20,29,2,27,472,2801.83
2018-07-23,31,4,27,472,2806.98
2018-07-24,39,2,37,472,2820.40
2018-07-25,43,3,40,472,2846.07
2018-07-26,56,4,52,472,2837.44
2018-07-27,27,2,25,472,2818.82
2018-07-30,11,2,9,472,2802.60
2018-07-31,21,2,19,472,2816.29
2018-08-01,19,3,16,472,2813.36
2018-08-02,20,3,17,472,2827.22
2018-08-03,23,2,21,472,2840.35
2018-08-06,29,0,29,472,2850.40
2018-08-07,39,0,39,472,2858.45
2018-08-08,24,2,22,472,2857.70
2018-08-09,30,2,28,472,2853.58
2018-08-10,14,8,6,472,2833.28
2018-08-13,12,5,7,472,2821.93
2018-08-14,19,4,15,472,2839.96
2018-08-15,17,9,8,472,2818.37
2018-08-16,34,1,33,472,2840.69
2018-08-17,40,3,37,472,2850.13
2018-08-20,49,0,49,472,2857.05
2018-08-21,53,0,53,472,2862.96
2018-08-22,29,1,28,472,2861.82
2018-08-23,36,0,36,472,2856.98
2018-08-24,53,3,50,472,2874.69
2018-08-27,68,0,68,472,2896.74
2018-08-28,49,0,49,472,2897.52
2018-08-29,72,0,72,472,2914.04
2018-08-30,42,1,41,472,2901.13
2018-08-31,44,2,42,472,2901.52
2018-09-04,68,6,62,472,2896.72
2018-09-05,48,8,40,472,2888.60
2018-09-06,43,11,32,472,2878.05
2018-09-07,46,15,31,472,2871.68
2018-09-10,53,6,47,472,2877.13
2018-09-11,55,17,38,472,2887.89
2018-09-12,36,6,30,472,2888.92
2018-09-13,72,1,71,472,2904.18
2018-09-14,57,1,56,472,2904.98
2018-09-17,36,2,34,472,2888.80
2018-09-18,44,1,43,472,2904.31
2018-09-19,34,1,33,472,2907.95
2018-09-20,46,0,46,472,2930.75
2018-09-21,56,1,55,472,2929.67
2018-09-24,18,2,16,472,2919.37
2018-09-25,31,7,24,472,2915.56
2018-09-26,30,10,20,472,2905.97
2018-09-27,22,9,13,472,2914.00
2018-09-28,32,14,18,472,2913.98
2018-10-01,49,6,43,472,2924.59
2018-10-02,18,6,12,472,2923.43
2018-10-03,27,9,18,472,2925.51
2018-10-04,9,12,-3,472,2901.61
2018-10-05,6,20,-14,472,2885.57
2018-10-08,8,15,-7,472,2884.43
2018-10-09,15,20,-5,472,2880.34
2018-10-10,11,38,-27,472,2785.68
2018-10-11,0,50,-50,472,2728.37
2018-10-12,0,42,-42,472,2767.13
2018-10-15,1,5,-4,472,2750.79
2018-10-16,4,6,-2,472,2809.92
2018-10-17,3,10,-7,472,2809.21
2018-10-18,5,31,-26,472,2768.78
2018-10-19,8,32,-24,472,2767.78
2018-10-22,5,38,-33,472,2755.88
2018-10-23,3,77,-74,472,2740.69
2018-10-24,14,84,-70,472,2656.10
2018-10-25,1,30,-29,472,2705.57
2018-10-26,1,70,-69,472,2658.69
2018-10-29,4,52,-48,472,2641.25
2018-10-30,13,23,-10,472,2682.63
2018-10-31,11,4,7,472,2711.74
2018-11-01,9,3,6,472,2740.37
2018-11-02,8,4,4,472,2723.06
2018-11-05,12,0,12,472,2738.31
2018-11-06,19,0,19,472,2755.45
2018-11-07,35,0,35,472,2813.89
2018-11-08,36,2,34,472,2806.83
2018-11-09,25,5,20,472,2781.01
2018-11-12,26,10,16,472,2726.22
2018-11-13,9,4,5,472,2722.18
2018-11-14,10,11,-1,472,2701.58
2018-11-15,7,13,-6,472,2730.20
2018-11-16,27,6,21,472,2736.27
2018-11-19,28,12,16,472,2690.73
2018-11-20,20,29,-9,472,2641.89
2018-11-21,4,2,2,472,2649.93
2018-11-23,1,13,-12,472,2632.56
2018-11-26,3,3,0,472,2673.45
2018-11-27,1,6,-5,472,2682.17
2018-11-28,11,5,6,472,2743.79
2018-11-29,17,2,15,472,2737.80
2018-11-30,24,5,19,472,2760.17
2018-12-03,42,0,42,472,2790.37
2018-12-04,40,20,20,472,2700.06
2018-12-06,13,44,-31,472,2695.95
2018-12-07,13,24,-11,472,2633.08
2018-12-10,4,65,-61,472,2637.72
2018-12-11,15,19,-4,472,2636.78
2018-12-12,16,7,9,472,2651.07
2018-12-13,12,30,-18,472,2650.54
2018-12-14,9,58,-49,472,2599.95
2018-12-17,1,86,-85,472,2545.94
2018-12-18,0,57,-57,472,2546.16
2018-12-19,0,99,-99,472,2506.96
2018-12-20,0,134,-134,472,2467.42
2018-12-21,0,127,-127,472,2416.62
2018-12-24,0,188,-188,472,2351.10
2018-12-26,0,151,-151,472,2467.70
2018-12-27,0,3,-3,472,2488.83
2018-12-28,0,0,0,472,2485.74
2018-12-31,0,0,0,472,2506.85
2019-01-02,0,1,-1,472,2510.03
2019-01-03,0,10,-10,473,2447.89
2019-01-04,0,1,-1,473,2531.94
2019-01-07,0,0,0,473,2549.69
2019-01-08,2,1,1,473,2574.41
2019-01-09,1,1,0,473,2584.96
2019-01-10,0,1,-1,473,2596.64
2019-01-11,1,0,1,473,2596.26
2019-01-14,0,1,-1,473,2582.61
2019-01-15,3,1,2,473,2610.30
2019-01-16,3,0,3,473,2616.10
2019-01-17,3,0,3,473,2635.96
2019-01-18,6,0,6,473,2670.71
2019-01-22,4,1,3,473,2632.90
2019-01-23,5,1,4,473,2638.70
2019-01-24,8,1,7,473,2642.33
2019-01-25,13,0,13,473,2664.76
2019-01-28,5,2,3,473,2643.85
2019-01-29,10,1,9,473,2640.00
2019-01-30,18,0,18,473,2681.05
2019-01-31,29,0,29,473,2704.10
2019-02-01,33,0,33,473,2706.53
2019-02-04,18,0,18,473,2724.87
2019-02-05,24,0,24,473,2737.70
2019-02-06,18,1,17,473,2731.61
2019-02-07,16,1,15,473,2706.05
2019-02-08,20,0,20,473,2707.88
2019-02-11,37,0,37,473,2709.80
2019-02-12,49,1,48,473,2744.73
2019-02-13,42,0,42,473,2753.03
2019-02-14,22,0,22,473,2745.73
2019-02-15,46,0,46,473,2775.60
2019-02-19,44,0,44,473,2779.76
2019-02-20,41,0,41,473,2784.70
2019-02-21,38,1,37,473,2774.88
2019-02-22,66,2,64,473,2792.67
2019-02-25,66,2,64,473,2796.11
2019-02-26,17,1,16,473,2793.90
2019-02-27,28,4,24,473,2792.38
2019-02-28,46,2,44,473,2784.49
2019-03-01,59,0,59,473,2803.69
2019-03-04,44,1,43,473,2792.81
2019-03-05,12,1,11,473,2789.65
2019-03-06,15,2,13,473,2771.45
2019-03-07,15,4,11,473,2748.93
2019-03-08,6,3,3,473,2743.07
2019-03-11,29,0,29,473,2783.30
2019-03-12,46,0,46,473,2791.52
2019-03-13,63,0,63,473,2810.92
2019-03-14,41,0,41,473,2808.48
2019-03-15,67,0,67,473,2822.48
2019-03-18,31,1,30,473,2832.94
2019-03-19,45,0,45,473,2832.57
2019-03-20,26,2,24,473,2824.23
2019-03-21,65,2,63,473,2854.88
2019-03-22,54,2,52,473,2800.71
2019-03-25,12,2,10,473,2798.36
2019-03-26,45,2,43,473,2818.46
2019-03-27,32,3,29,473,2805.37
2019-03-28,27,0,27,473,2815.44
2019-03-29,42,0,42,473,2834.40
2019-04-01,68,0,68,473,2867.19
2019-04-02,47,2,45,473,2867.24
2019-04-03,63,2,61,473,2873.40
2019-04-04,24,0,24,473,2879.39
2019-04-05,41,0,41,473,2892.74
2019-04-08,36,0,36,473,2895.77
2019-04-09,20,0,20,473,2878.20
2019-04-10,31,0,31,473,2888.21
2019-04-11,38,1,37,473,2888.32
2019-04-12,65,2,63,473,2907.41
2019-04-15,68,1,67,473,2905.58
2019-04-16,65,4,61,473,2907.06
2019-04-17,48,4,44,473,2900.45
2019-04-18,38,1,37,473,2905.03
2019-04-22,18,1,17,473,2907.97
2019-04-23,53,1,52,473,2933.68
2019-04-24,61,0,61,473,2927.25
2019-04-25,29,2,27,473,2926.17
2019-04-26,45,2,43,473,2939.88
2019-04-29,50,0,50,473,2943.03
2019-04-30,60,0,60,473,2945.83
2019-05-01,58,1,57,473,2923.73
2019-05-02,14,1,13,473,2917.52
2019-05-03,45,1,44,473,2945.64
2019-05-06,19,1,18,473,2932.47
2019-05-07,8,4,4,473,2884.05
2019-05-08,5,3,2,473,2879.42
2019-05-09,5,6,-1,473,2870.72
2019-05-10,23,6,17,473,2881.40
2019-05-13,12,15,-3,473,2811.87
2019-05-14,22,2,20,473,2834.41
2019-05-15,24,9,15,473,2850.96
2019-05-16,62,1,61,473,2876.32
2019-05-17,38,6,32,473,2859.53
2019-05-20,28,7,21,473,2840.23
2019-05-21,41,1,40,473,2864.36
2019-05-22,35,3,32,473,2856.27
2019-05-23,27,17,10,473,2822.24
2019-05-24,35,9,26,473,2826.06
2019-05-28,24,13,11,473,2802.39
2019-05-29,0,20,-20,473,2783.02
2019-05-30,3,13,-10,473,2788.86
2019-05-31,7,24,-17,473,2752.06
2019-06-03,16,10,6,473,2744.45
2019-06-04,32,0,32,473,2803.27
2019-06-05,71,4,67,473,2826.15
2019-06-06,89,0,89,473,2843.49
2019-06-07,125,0,125,473,2873.34
2019-06-10,72,0,72,473,2886.73
2019-06-11,56,1,55,473,2885.72
2019-06-12,30,1,29,473,2879.84
2019-06-13,37,1,36,473,2891.64
2019-06-14,38,0,38,473,2886.98
2019-06-17,34,1,33,473,2889.67
2019-06-18,58,0,58,473,2917.75
2019-06-19,54,1,53,473,2926.46
2019-06-20,115,2,113,473,2954.18
2019-06-21,46,2,44,473,2950.46
2019-06-24,37,2,35,473,2945.35
2019-06-25,32,4,28,473,2917.38
2019-06-26,7,3,4,473,2913.78
2019-06-27,8,1,7,473,2924.92
2019-06-28,32,0,32,473,2941.76
2019-07-01,70,1,69,473,2964.33
2019-07-02,48,1,47,473,2973.01
2019-07-03,95,0,95,473,2995.82
2019-07-05,40,0,40,473,2990.41
2019-07-08,27,0,27,473,2975.95
2019-07-09,35,0,35,473,2979.63
2019-07-10,79,1,78,473,2993.07
2019-07-11,47,3,44,473,2999.91
2019-07-12,53,2,51,473,3013.77
2019-07-15,70,0,70,473,3014.30
2019-07-16,59,0,59,473,3004.04
2019-07-17,26,1,25,473,2984.42
2019-07-18,35,2,33,473,2995.11
2019-07-19,43,3,40,473,2976.61
2019-07-22,8,3,5,473,2985.03
2019-07-23,21,2,19,473,3005.47
2019-07-24,35,0,35,473,3019.56
2019-07-25,36,2,34,473,3003.67
2019-07-26,46,3,43,474,3025.86
2019-07-29,36,4,32,474,3020.97
2019-07-30,32,1,31,474,3013.18
2019-07-31,34,2,32,474,2980.38
2019-08-01,33,3,30,474,2953.56
2019-08-02,10,7,3,474,2932.05
2019-08-05,4,17,-13,475,2844.74
2019-08-06,7,14,-7,475,2881.77
2019-08-07,18,23,-5,475,2883.98
2019-08-08,48,1,47,475,2938.09
2019-08-09,50,4,46,475,2918.65
2019-08-12,25,16,9,475,2882.70
2019-08-13,36,12,24,475,2926.32
2019-08-14,9,30,-21,475,2840.60
2019-08-15,13,33,-20,475,2847.60
2019-08-16,36,1,35,475,2888.68
2019-08-19,64,1,63,475,2923.65
2019-08-20,36,1,35,475,2900.51
2019-08-21,34,2,32,475,2924.43
2019-08-22,48,3,45,475,2922.95
2019-08-23,39,22,17,475,2847.11
2019-08-26,4,16,-12,475,2878.38
2019-08-27,32,21,11,475,2869.16
2019-08-28,13,26,-13,475,2887.94
2019-08-29,33,1,32,475,2924.58
2019-08-30,35,0,35,475,2926.46
2019-09-03,40,3,37,475,2906.27
2019-09-04,65,2,63,475,2937.78
2019-09-05,57,0,57,475,2976.00
2019-09-06,56,0,56,475,2978.71
2019-09-09,36,3,33,475,2978.43
2019-09-10,17,2,15,475,2979.39
2019-09-11,27,0,27,475,3000.93
2019-09-12,45,0,45,475,3009.57
2019-09-13,22,1,21,475,3007.39
2019-09-16,6,1,5,475,2997.96
2019-09-17,16,2,14,475,3005.70
2019-09-18,22,2,20,475,3006.73
2019-09-19,28,1,27,475,3006.79
2019-09-20,22,0,22,475,2992.07
2019-09-23,21,1,20,475,2991.78
2019-09-24,34,1,33,475,2966.60
2019-09-25,14,0,14,475,2984.87
2019-09-26,37,2,35,475,2977.62
2019-09-27,12,3,9,475,2961.79
2019-09-30,19,0,19,475,2976.74
2019-10-01,14,5,9,475,2940.25
2019-10-02,3,6,-3,475,2887.61
2019-10-03,9,9,0,475,2910.63
2019-10-04,18,1,17,475,2952.01
2019-10-07,8,1,7,475,2938.79
2019-10-08,7,11,-4,475,2893.06
2019-10-09,14,6,8,475,2919.40
2019-10-10,10,2,8,475,2938.13
2019-10-11,26,0,26,475,2970.27
2019-10-14,4,4,0,475,2966.15
2019-10-15,16,1,15,475,2995.68
2019-10-16,16,0,16,475,2989.69
2019-10-17,32,1,31,475,2997.95
2019-10-18,25,2,23,475,2986.20
2019-10-21,37,2,35,475,3006.72
2019-10-22,47,2,45,475,2995.99
2019-10-23,30,2,28,475,3004.52
2019-10-24,31,2,29,475,3010.29
2019-10-25,34,2,32,475,3022.55
2019-10-28,39,1,38,475,3039.42
2019-10-29,40,0,40,475,3036.89
2019-10-30,23,2,21,475,3046.77
2019-10-31,28,4,24,475,3037.56
2019-11-01,46,2,44,475,3066.91
2019-11-04,67,1,66,475,3078.27
2019-11-05,56,0,56,475,3074.62
2019-11-06,12,2,10,475,3076.78
2019-11-07,54,3,51,475,3085.18
2019-11-08,23,2,21,475,3093.08
2019-11-11,22,1,21,475,3087.01
2019-11-12,47,2,45,475,3091.84
2019-11-13,26,2,24,475,3094.04
2019-11-14,30,4,26,475,3096.63
2019-11-15,54,1,53,475,3120.46
2019-11-18,41,1,40,475,3122.03
2019-11-19,43,4,39,475,3120.18
2019-11-20,32,4,28,475,3108.46
2019-11-21,13,2,11,475,3103.54
2019-11-22,16,2,14,475,3110.29
2019-11-25,45,1,44,475,3133.64
2019-11-26,43,0,43,475,3140.52
2019-11-27,51,0,51,475,3153.63
2019-11-29,26,0,26,475,3140.98
2019-12-02,14,2,12,475,3113.87
2019-12-03,1,4,-3,475,3093.20
2019-12-04,16,0,16,475,3112.76
2019-12-05,14,1,13,475,3117.43
2019-12-06,55,0,55,475,3145.91
2019-12-09,23,1,22,476,3135.96
2019-12-10,22,2,20,476,3132.52
2019-12-11,32,1,31,476,3141.63
2019-12-12,84,2,82,476,3168.57
2019-12-13,79,1,78,476,3168.80
2019-12-16,81,0,81,476,3191.45
2019-12-17,51,0,51,476,3192.52
2019-12-18,43,0,43,476,3191.14
2019-12-19,45,0,45,476,3205.37
2019-12-20,89,0,89,476,3221.22
2019-12-23,45,0,45,476,3224.01
2019-12-24,19,0,19,476,3223.38
2019-12-26,36,0,36,476,3239.91
2019-12-27,54,0,54,476,3240.02
2019-12-30,14,0,14,476,3221.29
2019-12-31,9,0,9,476,3230.78
2020-01-02,62,1,61,476,3257.85
2020-01-03,22,1,21,476,3234.85
2020-01-06,24,1,23,476,3246.28
2020-01-07,36,1,35,476,3237.18
2020-01-08,63,0,63,476,3253.05
2020-01-09,81,0,81,476,3274.70
2020-01-10,63,1,62,476,3265.35
2020-01-13,73,2,71,476,3288.13
2020-01-14,65,0,65,476,3283.15
2020-01-15,69,0,69,476,3289.29
2020-01-16,99,0,99,476,3316.81
2020-01-17,129,0,129,476,3329.62
2020-01-21,94,2,92,476,3320.79
2020-01-22,115,2,113,476,3321.75
2020-01-23,55,3,52,476,3325.54
2020-01-24,92,4,88,476,3295.47
2020-01-27,21,10,11,476,3243.63
2020-01-28,28,3,25,476,3276.24
2020-01-29,46,8,38,476,3273.40
2020-01-30,50,10,40,476,3283.66
2020-01-31,41,9,32,476,3225.52
2020-02-03,27,10,17,476,3248.92
2020-02-04,77,3,74,476,3297.59
2020-02-05,71,0,71,476,3334.69
2020-02-06,65,2,63,476,3345.78
2020-02-07,34,2,32,476,3327.71
2020-02-10,52,3,49,476,3352.09
2020-02-11,86,1,85,476,3357.75
2020-02-12,77,1,76,476,3379.45
2020-02-13,73,1,72,476,3373.94
2020-02-14,81,3,78,476,3380.16
2020-02-18,75,2,73,476,3370.29
2020-02-19,81,1,80,476,3386.15
2020-02-20,50,2,48,476,3373.23
2020-02-21,29,5,24,476,3337.75
2020-02-24,7,17,-10,476,3225.89
2020-02-25,3,30,-27,476,3128.21
2020-02-26,4,29,-25,476,3116.39
2020-02-27,5,68,-63,476,2978.76
2020-02-28,0,96,-96,476,2954.22
2020-03-02,0,10,-10,476,3090.23
2020-03-03,2,16,-14,476,3003.37
2020-03-04,7,17,-10,476,3130.12
2020-03-05,6,49,-43,476,3023.94
2020-03-06,4,98,-94,476,2972.37
2020-03-09,1,180,-179,476,2746.56
2020-03-10,3,78,-75,476,2882.23
2020-03-11,0,113,-113,477,2741.38
2020-03-12,0,302,-302,478,2480.64
2020-03-13,1,119,-118,478,2711.02
2020-03-16,0,317,-317,478,2386.13
2020-03-17,5,201,-196,478,2529.19
2020-03-18,4,280,-276,478,2398.10
2020-03-19,2,82,-80,479,2409.39
2020-03-20,0,82,-82,479,2304.92
2020-03-23,0,202,-202,479,2237.40
2020-03-24,0,2,-2,479,2447.33
2020-03-25,0,3,-3,479,2475.56
2020-03-26,0,0,0,479,2630.07
2020-03-27,0,0,0,479,2541.47
2020-03-30,0,0,0,479,2626.65
2020-03-31,0,0,0,479,2584.59
2020-04-01,0,1,-1,479,2470.50
2020-04-02,0,9,-9,479,2526.90
2020-04-03,0,5,-5,479,2488.65
2020-04-06,3,0,3,479,2663.68
2020-04-07,4,0,4,479,2659.41
2020-04-08,2,0,2,479,2749.98
2020-04-09,6,0,6,479,2789.82
2020-04-13,4,0,4,479,2761.63
2020-04-14,8,0,8,479,2846.06
2020-04-15,8,1,7,479,2783.36
2020-04-16,12,1,11,479,2799.55
2020-04-17,12,0,12,479,2874.56
2020-04-20,12,0,12,479,2823.16
2020-04-21,2,1,1,479,2736.56
2020-04-22,5,1,4,479,2799.31
2020-04-23,9,1,8,479,2797.80
2020-04-24,4,1,3,479,2836.74
2020-04-27,11,0,11,479,2878.48
2020-04-28,12,1,11,479,2863.39
2020-04-29,5,0,5,479,2939.51
2020-04-30,5,1,4,479,2912.43
2020-05-01,0,2,-2,479,2830.71
2020-05-04,2,4,-2,479,2842.74
2020-05-05,9,2,7,479,2868.44
2020-05-06,8,2,6,479,2848.42
2020-05-07,11,0,11,479,2881.19
2020-05-08,14,0,14,479,2929.80
2020-05-11,21,1,20,480,2930.19
2020-05-12,17,2,15,480,2870.12
2020-05-13,4,10,-6,480,2820.00
2020-05-14,4,12,-8,480,2852.50
2020-05-15,11,0,11,480,2863.70
2020-05-18,27,0,27,480,2953.91
2020-05-19,12,0,12,480,2922.94
2020-05-20,14,0,14,480,2971.61
2020-05-21,7,0,7,480,2948.51
2020-05-22,8,0,8,480,2955.45
2020-05-26,18,0,18,480,2991.77
2020-05-27,10,0,10,480,3036.13
2020-05-28,22,0,22,480,3029.73
2020-05-29,21,0,21,480,3044.31
2020-06-01,24,0,24,480,3055.73
2020-06-02,27,0,27,480,3080.82
2020-06-03,43,0,43,480,3122.87
2020-06-04,19,0,19,480,3112.35
2020-06-05,30,0,30,480,3193.93
2020-06-08,22,0,22,480,3232.39
2020-06-09,10,0,10,480,3207.18
2020-06-10,22,0,22,480,3190.14
2020-06-11,2,0,2,481,3002.10
2020-06-12,1,0,1,481,3041.31
2020-06-15,1,0,1,481,3066.59
2020-06-16,9,0,9,481,3124.74
2020-06-17,12,0,12,481,3113.49
2020-06-18,9,0,9,481,3115.34
2020-06-19,27,0,27,481,3097.74
2020-06-22,16,0,16,481,3117.86
2020-06-23,27,0,27,481,3131.29
2020-06-24,2,0,2,481,3050.33
2020-06-25,7,0,7,481,3083.76
2020-06-26,7,0,7,481,3009.05
2020-06-29,1,0,1,481,3053.24
2020-06-30,11,0,11,481,3100.29
2020-07-01,18,0,18,481,3115.86
2020-07-02,39,0,39,481,3130.01
2020-07-06,44,0,44,481,3179.72
2020-07-07,34,0,34,481,3145.32
2020-07-08,26,1,25,481,3169.94
2020-07-09,37,1,36,481,3152.05
2020-07-10,20,1,19,481,3185.04
2020-07-13,41,0,41,481,3155.22
2020-07-14,6,0,6,481,3197.52
2020-07-15,32,0,32,481,3226.56
2020-07-16,22,0,22,481,3215.57
2020-07-17,37,0,37,481,3224.73
2020-07-20,43,0,43,481,3251.84
2020-07-21,49,0,49,481,3257.30
2020-07-22,42,1,41,481,3276.02
2020-07-23,52,0,52,481,3235.66
2020-07-24,9,0,9,481,3215.63
2020-07-27,19,0,19,481,3239.41
2020-07-28,23,0,23,481,3218.44
2020-07-29,37,0,37,481,3258.44
2020-07-30,28,0,28,481,3246.22
2020-07-31,31,0,31,481,3271.12
2020-08-03,46,0,46,481,3294.61
2020-08-04,27,0,27,481,3306.51
2020-08-05,47,0,47,481,3327.77
2020-08-06,29,0,29,481,3349.16
2020-08-07,43,0,43,481,3351.28
2020-08-10,40,0,40,481,3360.47
2020-08-11,43,0,43,481,3333.69
2020-08-12,33,0,33,481,3380.35
2020-08-13,17,0,17,481,3373.43
2020-08-14,17,0,17,481,3372.85
2020-08-17,31,0,31,481,3381.99
2020-08-18,33,0,33,481,3389.78
2020-08-19,25,0,25,481,3374.85
2020-08-20,15,0,15,481,3385.51
2020-08-21,32,0,32,481,3397.16
2020-08-24,51,0,51,481,3431.28
2020-08-25,30,0,30,481,3443.62
2020-08-26,42,0,42,481,3478.73
2020-08-27,44,0,44,481,3484.55
2020-08-28,33,0,33,481,3508.01
2020-08-31,37,0,37,481,3500.31
2020-09-01,47,0,47,481,3526.65
2020-09-02,91,0,91,481,3580.84
2020-09-03,18,0,18,481,3455.06
2020-09-04,0,1,-1,481,3426.96
2020-09-08,0,1,-1,481,3331.84
2020-09-09,3,1,2,481,3398.96
2020-09-10,7,1,6,481,3339.19
2020-09-11,6,0,6,481,3340.97
2020-09-14,13,0,13,481,3383.54
2020-09-15,22,0,22,481,3401.20
2020-09-16,24,0,24,481,3385.49
2020-09-17,8,0,8,481,3357.01
2020-09-18,11,0,11,482,3319.47
2020-09-21,1,0,1,482,3281.06
2020-09-22,2,0,2,482,3315.57
2020-09-23,2,0,2,482,3236.92
2020-09-24,0,2,-2,482,3246.59
2020-09-25,0,0,0,482,3298.46
2020-09-28,5,0,5,482,3351.60
2020-09-29,9,0,9,482,3335.47
2020-09-30,13,0,13,482,3363.00
2020-10-01,16,0,16,482,3380.80
2020-10-02,13,1,12,482,3348.42
2020-10-05,24,0,24,482,3408.60
2020-10-06,37,0,37,482,3360.97
2020-10-07,41,0,41,482,3419.44
2020-10-08,58,0,58,482,3446.83
2020-10-09,75,0,75,482,3477.14
2020-10-12,76,0,76,482,3534.22
2020-10-13,39,0,39,482,3511.93
2020-10-14,27,0,27,482,3488.67
2020-10-15,19,0,19,482,3483.34
2020-10-16,49,0,49,482,3483.81
2020-10-19,28,1,27,482,3426.92
2020-10-20,22,1,21,482,3443.12
2020-10-21,16,0,16,482,3435.56
2020-10-22,16,1,15,482,3453.49
2020-10-23,24,0,24,482,3465.39
2020-10-26,4,2,2,482,3400.97
2020-10-27,8,2,6,482,3390.68
2020-10-28,5,8,-3,482,3271.03
2020-10-29,6,8,-2,482,3310.11
2020-10-30,2,1,1,482,3269.96
2020-11-02,5,0,5,482,3310.24
2020-11-03,25,0,25,482,3369.16
2020-11-04,44,0,44,482,3443.44
2020-11-05,74,1,73,482,3510.45
2020-11-06,55,0,55,482,3509.44
2020-11-09,138,1,137,482,3550.50
2020-11-10,8,0,8,482,3545.53
2020-11-11,7,0,7,482,3572.66
2020-11-12,5,0,5,482,3537.01
2020-11-13,7,0,7,482,3585.15
2020-11-16,40,0,40,482,3626.91
2020-11-17,24,0,24,482,3609.53
2020-11-18,24,0,24,482,3567.79
2020-11-19,9,0,9,482,3581.87
2020-11-20,20,0,20,482,3557.54
2020-11-23,29,0,29,482,3577.59
2020-11-24,60,0,60,482,3635.41
2020-11-25,24,0,24,482,3629.65
2020-11-27,29,0,29,482,3638.35
2020-11-30,14,0,14,482,3621.63
2020-12-01,47,0,47,482,3662.45
2020-12-02,20,0,20,482,3669.01
2020-12-03,40,0,40,482,3666.72
2020-12-04,60,0,60,482,3699.12
2020-12-07,41,1,40,482,3691.96
2020-12-08,57,1,56,482,3702.25
2020-12-09,49,0,49,482,3672.82
2020-12-10,15,1,14,482,3668.10
2020-12-11,15,1,14,482,3663.46
2020-12-14,29,0,29,482,3647.49
2020-12-15,23,1,22,482,3694.62
2020-12-16,40,1,39,482,3701.17
2020-12-17,52,1,51,482,3722.48
2020-12-18,51,0,51,482,3709.41
2020-12-21,20,1,19,482,3694.92
2020-12-22,37,1,36,482,3687.26
2020-12-23,42,0,42,482,3690.01
2020-12-24,8,0,8,482,3703.06
2020-12-28,42,1,41,482,3735.36
2020-12-29,23,0,23,482,3727.04
2020-12-30,18,1,17,482,3732.04
2020-12-31,22,0,22,482,3756.07
2021-01-04,52,0,52,482,3700.65
2021-01-05,23,0,23,482,3726.86
2021-01-06,88,0,88,482,3748.14
2021-01-07,106,0,106,482,3803.79
2021-01-08,89,0,89,482,3824.68
2021-01-11,52,0,52,482,3799.61
2021-01-12,86,0,86,482,3801.19
2021-01-13,43,0,43,482,3809.84
2021-01-14,56,0,56,482,3795.54
2021-01-15,13,0,13,482,3768.25
2021-01-19,38,0,38,482,3798.91
2021-01-20,57,0,57,482,3851.85
2021-01-21,34,0,34,482,3853.07
2021-01-22,17,0,17,482,3841.47
2021-01-25,31,0,31,482,3855.36
2021-01-26,15,0,15,482,3849.62
2021-01-27,21,0,21,482,3750.77
2021-01-28,13,0,13,482,3787.38
2021-01-29,6,0,6,482,3714.24
2021-02-01,5,0,5,482,3773.86
2021-02-02,20,0,20,482,3826.31
2021-02-03,11,0,11,482,3830.17
2021-02-04,27,0,27,482,3871.74
2021-02-05,34,0,34,482,3886.83
2021-02-08,51,0,51,482,3915.59
2021-02-09,50,0,50,482,3911.23
2021-02-10,60,0,60,482,3909.88
2021-02-11,55,0,55,482,3916.38
2021-02-12,60,0,60,482,3934.83
2021-02-16,82,0,82,482,3932.59
2021-02-17,26,0,26,482,3931.33
2021-02-18,14,0,14,482,3913.97
2021-02-19,47,0,47,482,3906.71
2021-02-22,54,0,54,482,3876.50
2021-02-23,43,0,43,482,3881.37
2021-02-24,92,0,92,482,3925.43
2021-02-25,68,0,68,482,3829.34
2021-02-26,4,0,4,482,3811.15
2021-03-01,46,0,46,482,3901.82
2021-03-02,27,0,27,482,3870.29
2021-03-03,50,0,50,482,3819.72
2021-03-04,24,0,24,482,3768.47
2021-03-05,42,0,42,482,3841.94
2021-03-08,98,0,98,482,3821.35
2021-03-09,39,0,39,482,3875.44
2021-03-10,55,0,55,482,3898.81
2021-03-11,75,0,75,482,3939.34
2021-03-12,77,0,77,482,3943.34
2021-03-15,82,0,82,482,3968.94
2021-03-16,38,0,38,482,3962.71
2021-03-17,39,0,39,482,3974.12
2021-03-18,75,0,75,482,3915.46
2021-03-19,13,0,13,484,3913.10
2021-03-22,12,0,12,484,3940.59
2021-03-23,13,0,13,484,3910.52
2021-03-24,16,0,16,484,3889.14
2021-03-25,15,0,15,484,3909.52
2021-03-26,65,0,65,484,3974.54
2021-03-29,75,0,75,484,3971.09
2021-03-30,28,0,28,484,3958.55
2021-03-31,26,0,26,484,3972.89
2021-04-01,30,0,30,484,4019.87
2021-04-05,85,0,85,484,4077.91
2021-04-06,67,0,67,484,4073.94
2021-04-07,33,0,33,484,4079.95
2021-04-08,40,1,39,484,4097.17
2021-04-09,58,0,58,484,4128.80
2021-04-12,76,0,76,484,4127.99
2021-04-13,45,1,44,484,4141.59
2021-04-14,67,0,67,484,4124.66
2021-04-15,90,0,90,484,4170.42
2021-04-16,134,0,134,484,4185.47
2021-04-19,70,0,70,484,4163.26
2021-04-20,61,0,61,484,4134.94
2021-04-21,79,0,79,484,4173.42
2021-04-22,81,0,81,484,4134.98
2021-04-23,77,0,77,484,4180.17
2021-04-26,98,0,98,484,4187.62
2021-04-27,51,0,51,484,4186.72
2021-04-28,73,0,73,484,4183.18
2021-04-29,117,0,117,484,4211.47
2021-04-30,43,0,43,484,4181.17
2021-05-03,91,0,91,484,4192.66
2021-05-04,87,0,87,484,4164.66
2021-05-05,109,1,108,484,4167.59
2021-05-06,115,1,114,484,4201.62
2021-05-07,152,1,151,484,4232.60
2021-05-10,202,0,202,484,4188.43
2021-05-11,5,0,5,484,4152.10
2021-05-12,10,0,10,484,4063.04
2021-05-13,10,1,9,484,4112.50
2021-05-14,25,0,25,484,4173.85
2021-05-17,31,0,31,484,4163.29
2021-05-18,37,0,37,484,4127.83
2021-05-19,4,0,4,484,4115.68
2021-05-20,15,0,15,484,4159.12
2021-05-21,26,0,26,484,4155.86
2021-05-24,32,0,32,484,4197.05
2021-05-25,29,1,28,484,4188.13
2021-05-26,20,0,20,484,4195.99
2021-05-27,31,1,30,484,4200.88
2021-05-28,27,1,26,484,4204.11
2021-06-01,70,0,70,484,4202.04
2021-06-02,54,0,54,484,4208.12
2021-06-03,36,0,36,484,4192.85
2021-06-04,60,0,60,484,4229.89
2021-06-07,63,0,63,484,4226.52
2021-06-08,55,0,55,484,4227.26
2021-06-09,41,1,40,484,4219.55
2021-06-10,54,0,54,484,4239.18
2021-06-11,33,1,32,484,4247.44
2021-06-14,34,2,32,484,4255.15
2021-06-15,34,1,33,484,4246.59
2021-06-16,29,1,28,484,4223.70
2021-06-17,28,2,26,484,4221.86
2021-06-18,15,0,15,484,4166.45
2021-06-21,19,0,19,484,4224.79
2021-06-22,28,1,27,484,4246.44
2021-06-23,36,0,36,484,4241.84
2021-06-24,44,1,43,484,4266.49
2021-06-25,35,0,35,484,4280.70
2021-06-28,38,0,38,484,4290.61
2021-06-29,41,0,41,484,4291.80
2021-06-30,22,0,22,484,4297.50
2021-07-01,37,0,37,484,4319.94
2021-07-02,56,0,56,484,4352.34
2021-07-06,58,0,58,484,4343.54
2021-07-07,76,0,76,484,4358.13
2021-07-08,22,0,22,484,4320.82
2021-07-09,44,0,44,484,4369.55
2021-07-12,63,1,62,484,4384.63
2021-07-13,43,1,42,484,4369.21
2021-07-14,38,0,38,484,4374.30
2021-07-15,30,1,29,484,4360.03
2021-07-16,50,0,50,484,4327.16
2021-07-19,11,1,10,484,4258.49
2021-07-20,44,0,44,484,4323.06
2021-07-21,38,0,38,484,4358.69
2021-07-22,44,0,44,484,4367.48
2021-07-23,88,0,88,484,4411.79
2021-07-26,47,1,46,484,4422.30
2021-07-27,48,0,48,484,4401.46
2021-07-28,42,1,41,484,4400.64
2021-07-29,82,0,82,484,4419.15
2021-07-30,67,2,65,484,4395.26
2021-08-02,79,1,78,484,4387.16
2021-08-03,66,2,64,484,4423.15
2021-08-04,69,1,68,484,4402.66
2021-08-05,58,3,55,484,4429.10
2021-08-06,41,2,39,484,4436.52
2021-08-09,28,3,25,484,4432.35
2021-08-10,44,3,41,484,4436.75
2021-08-11,53,2,51,484,4442.41
2021-08-12,45,3,42,484,4460.83
2021-08-13,62,1,61,484,4468.00
2021-08-16,71,1,70,484,4479.71
2021-08-17,43,3,40,484,4448.08
2021-08-18,31,2,29,484,4400.27
2021-08-19,27,2,25,484,4405.80
2021-08-20,51,0,51,484,4441.67
2021-08-23,56,0,56,484,4479.53
2021-08-24,32,0,32,484,4486.23
2021-08-25,59,0,59,484,4496.19
2021-08-26,40,1,39,484,4470.00
2021-08-27,64,0,64,484,4509.37
2021-08-30,81,0,81,484,4528.79
2021-08-31,40,0,40,484,4522.68
2021-09-01,53,0,53,484,4524.09
2021-09-02,80,1,79,484,4536.95
2021-09-03,56,1,55,484,4535.43
2021-09-07,25,1,24,484,4520.03
2021-09-08,34,1,33,484,4514.07
2021-09-09,35,1,34,484,4493.28
2021-09-10,16,2,14,484,4458.58
2021-09-13,13,0,13,484,4468.73
2021-09-14,5,0,5,484,4443.05
2021-09-15,9,3,6,484,4480.70
2021-09-16,11,1,10,484,4473.75
2021-09-17,8,2,6,484,4432.99
2021-09-20,0,2,-2,484,4357.73
2021-09-21,1,4,-3,484,4354.19
2021-09-22,9,6,3,484,4395.64
2021-09-23,24,3,21,484,4448.98
2021-09-24,14,5,9,484,4455.48
2021-09-27,18,3,15,484,4443.11
2021-09-28,16,4,12,484,4352.63
2021-09-29,5,1,4,484,4359.46
2021-09-30,4,3,1,485,4307.54
2021-10-01,8,6,2,485,4357.04
2021-10-04,17,5,12,485,4300.46
2021-10-05,12,6,6,485,4345.72
2021-10-06,4,8,-4,485,4363.55
2021-10-07,25,2,23,485,4399.76
2021-10-08,20,3,17,485,4391.34
2021-10-11,36,7,29,485,4361.19
2021-10-12,12,8,4,485,4350.65
2021-10-13,8,7,1,485,4363.80
2021-10-14,34,0,34,485,4438.26
2021-10-15,58,0,58,485,4471.37
2021-10-18,38,0,38,485,4486.46
2021-10-19,45,1,44,485,4519.63
2021-10-20,62,0,62,485,4536.19
2021-10-21,58,0,58,485,4549.78
2021-10-22,88,0,88,485,4544.90
2021-10-25,82,1,81,485,4566.48
2021-10-26,74,0,74,485,4574.79
2021-10-27,39,3,36,485,4551.68
2021-10-28,39,2,37,485,4596.42
2021-10-29,55,2,53,485,4605.38
2021-11-01,55,1,54,485,4613.67
2021-11-02,58,5,53,485,4630.65
2021-11-03,55,3,52,485,4660.57
2021-11-04,74,2,72,485,4680.06
2021-11-05,82,1,81,485,4697.53
2021-11-08,54,0,54,485,4701.70
2021-11-09,38,1,37,485,4685.25
2021-11-10,25,1,24,485,4646.71
2021-11-11,16,3,13,485,4649.27
2021-11-12,35,1,34,485,4682.85
2021-11-15,49,1,48,485,4682.80
2021-11-16,77,2,75,485,4700.90
2021-11-17,44,3,41,485,4688.67
2021-11-18,41,4,37,485,4704.54
2021-11-19,44,4,40,485,4697.96
2021-11-22,51,9,42,485,4682.94
2021-11-23,16,6,10,485,4690.70
2021-11-24,25,3,22,485,4701.46
2021-11-26,6,13,-7,485,4594.62
2021-11-29,17,13,4,485,4655.27
2021-11-30,7,28,-21,485,4567.00
2021-12-01,14,31,-17,485,4513.04
2021-12-02,4,8,-4,485,4577.10
2021-12-03,14,6,8,485,4538.43
2021-12-06,22,2,20,485,4591.67
2021-12-07,41,0,41,485,4686.75
2021-12-08,32,0,32,485,4701.21
2021-12-09,28,1,27,486,4667.45
2021-12-10,37,1,36,487,4712.02
2021-12-13,52,4,48,487,4668.97
2021-12-14,17,2,15,487,4634.09
2021-12-15,40,8,32,487,4709.85
2021-12-16,69,3,66,487,4668.67
2021-12-17,22,7,15,487,4620.64
2021-12-20,2,12,-10,487,4568.02
2021-12-21,12,0,12,487,4649.23
2021-12-22,17,0,17,487,4696.56
2021-12-23,40,0,40,487,4725.79
2021-12-27,61,0,61,487,4791.19
2021-12-28,80,0,80,487,4786.35
2021-12-29,77,0,77,487,4793.06
2021-12-30,64,0,64,487,4778.73
2021-12-31,42,0,42,487,4766.18
2022-01-03,21,0,21,487,4796.56
2022-01-04,70,1,69,487,4793.54
2022-01-05,57,3,54,487,4700.58
2022-01-06,23,6,17,487,4696.05
2022-01-07,44,4,40,487,4677.03
2022-01-10,38,11,27,487,4670.29
2022-01-11,27,1,26,487,4713.07
2022-01-12,35,1,34,487,4726.35
2022-01-13,43,2,41,487,4659.03
2022-01-14,38,6,32,487,4662.85
2022-01-18,32,10,22,487,4577.11
2022-01-19,11,7,4,487,4532.76
2022-01-20,10,7,3,487,4482.73
2022-01-21,5,22,-17,487,4397.94
2022-01-24,1,33,-32,487,4410.13
2022-01-25,7,5,2,487,4356.45
2022-01-26,12,8,4,487,4349.93
2022-01-27,18,14,4,487,4326.51
2022-01-28,5,20,-15,487,4431.85
2022-01-31,8,0,8,487,4515.55
2022-02-01,17,1,16,487,4546.54
2022-02-02,28,1,27,487,4589.38
2022-02-03,28,8,20,487,4477.44
2022-02-04,21,13,8,487,4500.53
2022-02-07,18,6,12,487,4483.87
2022-02-08,28,5,23,487,4521.54
2022-02-09,40,0,40,488,4587.18
2022-02-10,32,3,29,488,4504.08
2022-02-11,16,9,7,488,4418.64
2022-02-14,1,15,-14,488,4401.67
2022-02-15,6,2,4,488,4471.07
2022-02-16,16,7,9,488,4475.01
2022-02-17,5,19,-14,488,4380.26
2022-02-18,6,27,-21,488,4348.87
2022-02-22,3,32,-29,488,4304.76
2022-02-23,2,35,-33,488,4225.50
2022-02-24,3,67,-64,488,4288.70
2022-02-25,16,0,16,488,4384.65
2022-02-28,23,3,20,488,4373.94
2022-03-01,27,10,17,488,4306.26
2022-03-02,29,1,28,488,4386.54
2022-03-03,26,4,22,488,4363.49
2022-03-04,40,28,12,488,4328.87
2022-03-07,50,66,-16,488,4201.09
2022-03-08,18,70,-52,488,4170.70
2022-03-09,2,2,0,488,4277.88
2022-03-10,5,10,-5,488,4259.52
2022-03-11,12,14,-2,488,4204.31
2022-03-14,9,29,-20,488,4173.11
2022-03-15,9,8,1,488,4262.45
2022-03-16,11,1,10,488,4357.86
2022-03-17,16,0,16,488,4411.67
2022-03-18,16,1,15,488,4463.12
2022-03-21,34,0,34,488,4461.18
2022-03-22,22,0,22,488,4511.61
2022-03-23,21,2,19,488,4456.24
2022-03-24,31,2,29,488,4520.16
2022-03-25,57,2,55,488,4543.06
2022-03-28,36,2,34,488,4575.52
2022-03-29,47,0,47,488,4631.60
2022-03-30,42,0,42,488,4602.45
2022-03-31,54,6,48,488,4530.41
2022-04-01,30,3,27,488,4545.86
2022-04-04,12,2,10,488,4582.64
2022-04-05,44,6,38,488,4525.12
2022-04-06,41,18,23,488,4481.15
2022-04-07,35,15,20,488,4500.21
2022-04-08,58,2,56,488,4488.28
2022-04-11,36,5,31,488,4412.53
2022-04-12,24,12,12,489,4397.45
2022-04-13,20,9,11,490,4446.59
2022-04-14,35,13,22,490,4392.59
2022-04-18,29,21,8,490,4391.69
2022-04-19,28,1,27,490,4462.21
2022-04-20,68,3,65,490,4459.45
2022-04-21,73,13,60,490,4393.66
2022-04-22,0,20,-20,490,4271.78
2022-04-25,2,45,-43,490,4296.12
2022-04-26,0,46,-46,490,4175.20
2022-04-27,3,56,-53,490,4183.96
2022-04-28,5,42,-37,490,4287.50
2022-04-29,0,47,-47,490,4131.93
2022-05-02,1,68,-67,490,4155.38
2022-05-03,2,9,-7,490,4175.48
2022-05-04,9,20,-11,490,4300.17
2022-05-05,8,26,-18,490,4146.87
2022-05-06,6,61,-55,490,4123.34
2022-05-09,1,103,-102,490,3991.24
2022-05-10,1,105,-104,490,4001.05
2022-05-11,1,90,-89,490,3935.18
2022-05-12,0,143,-143,490,3930.08
2022-05-13,0,0,0,490,4023.89
2022-05-16,6,8,-2,490,4008.01
2022-05-17,12,4,8,490,4088.85
2022-05-18,3,38,-35,490,3923.68
2022-05-19,1,64,-63,490,3900.79
2022-05-20,2,61,-59,490,3901.36
2022-05-23,4,6,-2,490,3973.75
2022-05-24,6,39,-33,490,3941.48
2022-05-25,12,12,0,490,3978.73
2022-05-26,15,2,13,490,4057.84
2022-05-27,16,2,14,490,4158.24
2022-05-31,17,0,17,490,4132.15
2022-06-01,3,3,0,490,4101.23
2022-06-02,4,4,0,490,4176.82
2022-06-03,8,1,7,490,4108.54
2022-06-06,10,3,7,490,4121.43
2022-06-07,15,4,11,490,4160.68
2022-06-08,12,2,10,490,4115.77
2022-06-09,1,13,-12,490,4017.82
2022-06-10,0,51,-51,490,3900.86
2022-06-13,0,146,-146,490,3749.63
2022-06-14,1,142,-141,490,3735.48
2022-06-15,1,43,-42,490,3789.99
2022-06-16,0,197,-197,490,3666.77
2022-06-17,0,99,-99,490,3674.84
2022-06-21,0,12,-12,490,3764.79
2022-06-22,0,39,-39,490,3759.89
2022-06-23,0,37,-37,490,3795.73
2022-06-24,3,0,3,490,3911.74
2022-06-27,3,0,3,490,3900.11
2022-06-28,1,1,0,490,3821.55
2022-06-29,1,16,-15,490,3818.83
2022-06-30,1,43,-42,490,3785.38
2022-07-01,2,31,-29,490,3825.33
2022-07-05,1,53,-52,490,3831.39
2022-07-06,4,4,0,490,3845.08
2022-07-07,3,2,1,490,3902.62
2022-07-08,4,0,4,490,3899.38
2022-07-11,3,4,-1,490,3854.43
2022-07-12,2,7,-5,490,3818.80
2022-07-13,1,33,-32,490,3801.78
2022-07-14,0,56,-56,490,3790.38
2022-07-15,1,3,-2,490,3863.16
2022-07-18,2,4,-2,490,3830.85
2022-07-19,2,1,1,490,3936.69
2022-07-20,1,1,0,490,3959.90
2022-07-21,0,1,-1,490,3998.95
2022-07-22,1,3,-2,490,3961.63
2022-07-25,4,1,3,490,3966.84
2022-07-26,1,1,0,490,3921.05
2022-07-27,2,2,0,490,4023.61
2022-07-28,6,4,2,490,4072.43
2022-07-29,9,6,3,491,4130.29
2022-08-01,7,2,5,491,4118.63
2022-08-02,3,1,2,491,4091.19
2022-08-03,3,3,0,491,4155.17
2022-08-04,7,2,5,491,4151.94
2022-08-05,3,3,0,491,4145.19
2022-08-08,10,0,10,491,4140.06
2022-08-09,8,3,5,491,4122.47
2022-08-10,17,0,17,491,4210.24
2022-08-11,14,0,14,491,4207.27
2022-08-12,15,0,15,491,4280.15
2022-08-15,23,0,23,491,4297.14
2022-08-16,20,0,20,491,4305.20
2022-08-17,12,0,12,491,4274.04
2022-08-18,18,0,18,491,4283.74
2022-08-19,8,3,5,491,4228.48
2022-08-22,2,5,-3,491,4137.99
2022-08-23,2,2,0,491,4128.73
2022-08-24,5,4,1,491,4140.77
2022-08-25,8,0,8,491,4199.12
2022-08-26,6,6,0,491,4057.66
2022-08-29,2,15,-13,491,4030.61
2022-08-30,1,13,-12,491,3986.16
2022-08-31,0,12,-12,491,3955.00
2022-09-01,1,32,-31,491,3966.85
2022-09-02,3,13,-10,491,3924.26
2022-09-06,0,23,-23,491,3908.19
2022-09-07,5,13,-8,491,3979.87
2022-09-08,6,9,-3,491,4006.18
2022-09-09,8,1,7,491,4067.36
2022-09-12,13,0,13,491,4110.41
2022-09-13,2,11,-9,491,3932.69
2022-09-14,3,21,-18,491,3946.01
2022-09-15,0,19,-19,491,3901.35
2022-09-16,0,43,-43,491,3873.33
2022-09-19,1,24,-23,491,3899.89
2022-09-20,2,54,-52,491,3855.93
2022-09-21,4,56,-52,491,3789.93
2022-09-22,1,101,-100,491,3757.99
2022-09-23,1,127,-126,491,3693.23
2022-09-26,0,100,-100,491,3655.04
2022-09-27,0,126,-126,491,3647.29
2022-09-28,1,29,-28,491,3719.04
2022-09-29,0,94,-94,491,3640.47
2022-09-30,0,77,-77,491,3585.62
2022-10-03,0,25,-25,491,3678.43
2022-10-04,4,1,3,491,3790.93
2022-10-05,5,7,-2,491,3783.28
2022-10-06,2,27,-25,491,3744.52
2022-10-07,0,66,-66,491,3639.66
2022-10-10,0,71,-71,491,3612.39
2022-10-11,1,97,-96,491,3588.84
2022-10-12,0,74,-74,491,3577.03
2022-10-13,3,165,-162,491,3669.91
2022-10-14,5,9,-4,491,3583.07
2022-10-17,1,2,-1,491,3677.95
2022-10-18,2,1,1,491,3719.98
2022-10-19,4,5,-1,491,3695.16
2022-10-20,3,20,-17,491,3665.78
2022-10-21,11,23,-12,491,3752.75
2022-10-24,23,6,17,491,3797.34
2022-10-25,14,1,13,491,3859.11
2022-10-26,25,3,22,491,3830.60
2022-10-27,25,10,15,491,3807.30
2022-10-28,37,5,32,491,3901.06
2022-10-31,26,4,22,491,3871.98
2022-11-01,24,4,20,491,3856.10
2022-11-02,26,16,10,491,3759.69
2022-11-03,8,35,-27,491,3719.89
2022-11-04,22,27,-5,491,3770.55
2022-11-07,18,14,4,491,3806.80
2022-11-08,26,12,14,491,3828.11
2022-11-09,12,14,-2,491,3748.57
2022-11-10,25,0,25,491,3956.37
2022-11-11,33,0,33,491,3992.93
2022-11-14,16,2,14,491,3957.25
2022-11-15,7,0,7,491,3991.73
2022-11-16,6,2,4,491,3958.79
2022-11-17,3,1,2,491,3946.56
2022-11-18,12,2,10,491,3965.34
2022-11-21,14,3,11,491,3949.94
2022-11-22,31,3,28,491,4003.58
2022-11-23,27,0,27,491,4027.26
2022-11-25,23,0,23,491,4026.12
2022-11-28,11,2,9,491,3963.94
2022-11-29,2,2,0,491,3957.63
2022-11-30,26,2,24,491,4080.11
2022-12-01,33,0,33,491,4076.57
2022-12-02,19,0,19,491,4071.70
2022-12-05,5,3,2,491,3998.84
2022-12-06,1,8,-7,491,3941.26
2022-12-07,7,9,-2,491,3933.92
2022-12-08,15,4,11,491,3963.51
2022-12-09,5,2,3,491,3934.38
2022-12-12,3,2,1,491,3990.56
2022-12-13,23,2,21,491,4019.65
2022-12-14,7,1,6,491,3995.32
2022-12-15,2,6,-4,491,3895.75
2022-12-16,1,16,-15,491,3852.36
2022-12-19,2,21,-19,491,3817.66
2022-12-20,1,17,-16,491,3821.62
2022-12-21,3,5,-2,491,3878.44
2022-12-22,1,19,-18,491,3822.39
2022-12-23,1,2,-1,491,3844.82
2022-12-27,5,7,-2,491,3829.25
2022-12-28,5,12,-7,491,3783.22
2022-12-29,1,0,1,491,3849.28
2022-12-30,0,0,0,491,3839.50
2023-01-03,2,6,-4,491,3824.14
2023-01-04,4,0,4,491,3852.97
2023-01-05,6,9,-3,491,3808.10
2023-01-06,17,8,9,491,3895.08
2023-01-09,12,2,10,491,3892.09
2023-01-10,6,1,5,491,3919.25
2023-01-11,13,1,12,491,3969.61
2023-01-12,13,2,11,491,3983.17
2023-01-13,13,2,11,491,3999.09
2023-01-17,14,1,13,491,3990.97
2023-01-18,12,2,10,491,3928.86
2023-01-19,1,2,-1,491,3898.85
2023-01-20,1,3,-2,492,3972.61
2023-01-23,14,0,14,492,4019.81
2023-01-24,12,1,11,492,4016.95
2023-01-25,9,1,8,492,4016.22
2023-01-26,22,0,22,492,4060.43
2023-01-27,18,0,18,492,4070.56
2023-01-30,5,0,5,492,4017.77
2023-01-31,8,0,8,492,4076.60
2023-02-01,25,0,25,492,4119.21
2023-02-02,38,1,37,492,4179.76
2023-02-03,19,1,18,492,4136.48
2023-02-06,6,1,5,492,4111.08
2023-02-07,6,2,4,492,4164.00
2023-02-08,12,1,11,492,4117.86
2023-02-09,17,1,16,492,4081.50
2023-02-10,3,0,3,492,4090.46
2023-02-13,5,0,5,492,4137.29
2023-02-14,11,0,11,492,4136.13
2023-02-15,18,0,18,492,4147.60
2023-02-16,10,1,9,492,4090.41
2023-02-17,7,1,6,492,4079.09
2023-02-21,2,0,2,492,3997.34
2023-02-22,3,0,3,492,3991.05
2023-02-23,7,1,6,492,4012.32
2023-02-24,5,7,-2,492,3970.04
2023-02-27,6,5,1,492,3982.24
2023-02-28,10,8,2,492,3970.15
2023-03-01,8,10,-2,492,3951.39
2023-03-02,10,10,0,492,3981.35
2023-03-03,26,2,24,492,4045.64
2023-03-06,24,0,24,492,4048.42
2023-03-07,12,7,5,492,3986.37
2023-03-08,2,7,-5,492,3992.01
2023-03-09,7,12,-5,492,3918.32
2023-03-10,0,26,-26,492,3861.59
2023-03-13,0,35,-35,492,3855.76
2023-03-14,2,10,-8,492,3919.29
2023-03-15,3,30,-27,492,3891.93
2023-03-16,2,16,-14,492,3960.28
2023-03-17,3,12,-9,492,3916.64
2023-03-20,2,4,-2,492,3951.57
2023-03-21,7,2,5,492,4002.87
2023-03-22,8,12,-4,492,3936.97
2023-03-23,3,25,-22,492,3948.72
2023-03-24,3,27,-24,492,3970.99
2023-03-27,7,0,7,492,3977.53
2023-03-28,7,0,7,492,3971.27
2023-03-29,7,0,7,492,4027.81
2023-03-30,7,0,7,492,4050.83
2023-03-31,17,0,17,492,4109.31
2023-04-03,19,0,19,492,4124.51
2023-04-04,17,0,17,492,4100.60
2023-04-05,10,1,9,492,4090.38
2023-04-06,7,1,6,492,4105.02
2023-04-10,2,0,2,492,4109.11
2023-04-11,9,0,9,492,4108.94
2023-04-12,14,1,13,492,4091.95
2023-04-13,14,2,12,492,4146.22
2023-04-14,12,2,10,492,4137.64
2023-04-17,16,0,16,492,4151.32
2023-04-18,29,0,29,492,4154.87
2023-04-19,16,0,16,492,4154.52
2023-04-20,23,2,21,492,4129.79
2023-04-21,21,3,18,492,4133.52
2023-04-24,19,1,18,492,4137.04
2023-04-25,21,4,17,492,4071.63
2023-04-26,5,8,-3,492,4055.99
2023-04-27,22,4,18,492,4135.35
2023-04-28,27,1,26,492,4169.48
2023-05-01,33,0,33,492,4167.87
2023-05-02,16,10,6,492,4119.58
2023-05-03,28,10,18,492,4090.75
2023-05-04,6,19,-13,492,4061.22
2023-05-05,15,1,14,492,4136.25
2023-05-08,13,4,9,492,4138.12
2023-05-09,15,9,6,492,4119.17
2023-05-10,21,9,12,492,4137.64
2023-05-11,7,12,-5,492,4130.62
2023-05-12,18,11,7,492,4124.08
2023-05-15,9,3,6,492,4136.28
2023-05-16,13,12,1,492,4109.90
2023-05-17,20,12,8,492,4158.77
2023-05-18,33,7,26,492,4198.05
2023-05-19,31,1,30,492,4191.98
2023-05-22,19,6,13,492,4192.63
2023-05-23,5,1,4,492,4145.58
2023-05-24,1,11,-10,492,4115.24
2023-05-25,16,27,-11,492,4151.28
2023-05-26,26,13,13,492,4205.45
2023-05-30,27,17,10,492,4205.52
2023-05-31,4,15,-11,492,4179.83
2023-06-01,8,13,-5,492,4221.02
2023-06-02,18,1,17,492,4282.37
2023-06-05,18,3,15,492,4273.79
2023-06-06,25,3,22,492,4283.85
2023-06-07,33,0,33,492,4267.52
2023-06-08,13,1,12,492,4293.93
2023-06-09,20,5,15,492,4298.86
2023-06-12,29,3,26,492,4338.93
2023-06-13,52,0,52,492,4369.01
2023-06-14,44,2,42,492,4372.59
2023-06-15,58,0,58,492,4425.84
2023-06-16,68,0,68,492,4409.59
2023-06-20,19,0,19,492,4388.71
2023-06-21,20,0,20,492,4365.69
2023-06-22,20,4,16,492,4381.89
2023-06-23,19,4,15,492,4348.33
2023-06-26,19,1,18,492,4328.82
2023-06-27,50,0,50,492,4378.41
2023-06-28,47,5,42,492,4376.86
2023-06-29,49,3,46,492,4396.44
2023-06-30,89,0,89,492,4450.38
2023-07-03,21,0,21,492,4455.59
2023-07-05,16,0,16,492,4446.82
2023-07-06,3,2,1,492,4411.59
2023-07-07,9,5,4,492,4398.95
2023-07-10,34,3,31,492,4409.53
2023-07-11,58,1,57,492,4439.26
2023-07-12,72,2,70,492,4472.16
2023-07-13,58,1,57,492,4510.04
2023-07-14,48,3,45,492,4505.42
2023-07-17,64,4,60,492,4522.79
2023-07-18,65,1,64,492,4554.98
2023-07-19,57,0,57,492,4565.72
2023-07-20,33,2,31,492,4534.87
2023-07-21,37,0,37,492,4536.34
2023-07-24,24,1,23,492,4554.64
2023-07-25,39,0,39,492,4567.46
2023-07-26,32,0,32,492,4566.75
2023-07-27,55,1,54,492,4537.41
2023-07-28,34,1,33,492,4582.23
2023-07-31,35,1,34,492,4588.96
2023-08-01,27,3,24,492,4576.73
2023-08-02,13,4,9,492,4513.39
2023-08-03,18,3,15,492,4501.89
2023-08-04,24,9,15,492,4478.03
2023-08-07,26,5,21,492,4518.44
2023-08-08,18,11,7,492,4499.38
2023-08-09,20,1,19,492,4467.71
2023-08-10,22,1,21,492,4468.83
2023-08-11,6,0,6,492,4464.05
2023-08-14,11,5,6,492,4489.72
2023-08-15,4,12,-8,492,4437.86
2023-08-16,4,10,-6,492,4404.33
2023-08-17,2,10,-8,492,4370.36
2023-08-18,0,10,-10,492,4369.71
2023-08-21,3,13,-10,492,4399.77
2023-08-22,7,6,1,492,4387.55
2023-08-23,8,5,3,492,4436.01
2023-08-24,13,9,4,492,4376.31
2023-08-25,7,4,3,492,4405.71
2023-08-28,14,2,12,492,4433.31
2023-08-29,25,1,24,492,4497.63
2023-08-30,32,1,31,492,4514.87
2023-08-31,28,3,25,492,4507.66
2023-09-01,38,15,23,492,4515.77
2023-09-05,17,21,-4,492,4496.83
2023-09-06,11,18,-7,492,4465.48
2023-09-07,19,17,2,492,4451.14
2023-09-08,22,11,11,492,4457.49
2023-09-11,18,9,9,492,4487.46
2023-09-12,17,10,7,492,4461.90
2023-09-13,13,7,6,492,4467.44
2023-09-14,13,6,7,492,4505.10
2023-09-15,11,7,4,492,4450.32
2023-09-18,9,10,-1,492,4453.53
2023-09-19,9,6,3,492,4443.95
2023-09-20,17,5,12,492,4402.20
2023-09-21,2,25,-23,492,4330.00
2023-09-22,0,29,-29,492,4320.06
2023-09-25,4,32,-28,492,4337.44
2023-09-26,2,34,-32,492,4273.53
2023-09-27,4,40,-36,492,4274.51
2023-09-28,7,25,-18,492,4299.70
2023-09-29,3,9,-6,492,4288.05
2023-10-02,2,45,-43,492,4288.39
2023-10-03,2,55,-53,492,4229.45
2023-10-04,2,34,-32,492,4263.75
2023-10-05,4,35,-31,492,4258.19
2023-10-06,8,44,-36,492,4308.50
2023-10-09,12,14,-2,492,4335.66
2023-10-10,15,2,13,492,4358.24
2023-10-11,15,8,7,492,4376.95
2023-10-12,25,28,-3,492,4349.61
2023-10-13,13,16,-3,492,4327.78
2023-10-16,14,4,10,492,4373.63
2023-10-17,19,3,16,492,4373.20
2023-10-18,11,21,-10,492,4314.60
2023-10-19,2,30,-28,492,4278.00
2023-10-20,0,29,-29,492,4224.16
2023-10-23,1,47,-46,492,4217.04
2023-10-24,0,28,-28,492,4247.68
2023-10-25,0,53,-53,492,4186.77
2023-10-26,0,28,-28,492,4137.23
2023-10-27,1,58,-57,492,4117.37
2023-10-30,1,39,-38,492,4166.82
2023-10-31,2,14,-12,492,4193.80
2023-11-01,8,22,-14,492,4237.86
2023-11-02,14,5,9,492,4317.78
2023-11-03,25,0,25,492,4358.34
2023-11-06,12,1,11,492,4365.98
2023-11-07,18,4,14,492,4378.38
2023-11-08,20,7,13,492,4382.78
2023-11-09,22,11,11,492,4347.35
2023-11-10,29,12,17,492,4415.24
2023-11-13,30,6,24,492,4411.55
2023-11-14,56,0,56,492,4495.70
2023-11-15,48,0,48,492,4502.88
2023-11-16,20,3,17,492,4508.24
2023-11-17,19,1,18,492,4514.02
2023-11-20,33,1,32,492,4547.38
2023-11-21,34,0,34,492,4538.19
2023-11-22,52,1,51,492,4556.62
2023-11-24,29,0,29,492,4559.34
2023-11-27,40,0,40,492,4550.43
2023-11-28,24,0,24,492,4554.89
2023-11-29,40,1,39,492,4550.58
2023-11-30,45,1,44,492,4567.80
2023-12-01,67,1,66,492,4594.63
2023-12-04,46,0,46,492,4569.78
2023-12-05,20,0,20,492,4567.18
2023-12-06,35,0,35,492,4549.34
2023-12-07,20,0,20,492,4585.59
2023-12-08,39,0,39,492,4604.37
2023-12-11,65,0,65,492,4622.44
2023-12-12,80,2,78,492,4643.70
2023-12-13,100,1,99,492,4707.09
2023-12-14,106,0,106,492,4719.55
2023-12-15,58,2,56,492,4719.19
2023-12-18,40,2,38,493,4740.56
2023-12-19,60,1,59,493,4768.37
2023-12-20,45,1,44,493,4698.35
2023-12-21,18,1,17,493,4746.75
2023-12-22,42,0,42,493,4754.63
2023-12-26,53,0,53,493,4774.75
2023-12-27,55,0,55,493,4781.58
2023-12-28,52,0,52,493,4783.35
2023-12-29,36,0,36,493,4769.83
2024-01-02,17,0,17,493,4742.83
2024-01-03,19,0,19,493,4704.81
2024-01-04,17,0,17,493,4688.68
2024-01-05,10,0,10,493,4697.24
2024-01-08,15,0,15,493,4763.54
2024-01-09,12,0,12,493,4756.50
2024-01-10,32,1,31,493,4783.45
2024-01-11,41,1,40,493,4780.24
2024-01-12,44,0,44,493,4783.83
2024-01-16,28,2,26,493,4765.98
2024-01-17,26,5,21,493,4739.21
2024-01-18,34,7,27,493,4780.94
2024-01-19,72,3,69,493,4839.81
2024-01-22,99,3,96,493,4850.43
2024-01-23,40,1,39,493,4864.60
2024-01-24,74,2,72,493,4868.55
2024-01-25,57,2,55,493,4894.16
2024-01-26,41,1,40,493,4890.97
2024-01-29,52,0,52,493,4927.93
2024-01-30,89,0,89,493,4924.97
2024-01-31,70,3,67,493,4845.65
2024-02-01,47,5,42,493,4906.19
2024-02-02,81,4,77,493,4958.61
2024-02-05,34,11,23,493,4942.81
2024-02-06,35,8,27,493,4954.23
2024-02-07,90,4,86,493,4995.06
2024-02-08,71,5,66,493,4997.91
2024-02-09,63,4,59,493,5026.61
2024-02-12,64,1,63,493,5021.84
2024-02-13,17,5,12,493,4953.17
2024-02-14,42,4,38,493,5000.62
2024-02-15,78,1,77,493,5029.73
2024-02-16,70,3,67,493,5005.57
2024-02-20,31,3,28,493,4975.51
2024-02-21,29,1,28,493,4981.80
2024-02-22,90,2,88,493,5087.03
2024-02-23,105,2,103,493,5088.80
2024-02-26,83,1,82,493,5069.53
2024-02-27,56,0,56,493,5078.18
2024-02-28,77,1,76,493,5069.76
2024-02-29,73,1,72,493,5096.27
2024-03-01,106,2,104,493,5137.08
2024-03-04,126,7,119,493,5130.95
2024-03-05,56,7,49,493,5078.65
2024-03-06,60,5,55,493,5104.76
2024-03-07,86,1,85,493,5157.36
2024-03-08,74,0,74,493,5123.69
2024-03-11,21,0,21,493,5117.94
2024-03-12,44,0,44,493,5175.27
2024-03-13,62,0,62,493,5165.31
2024-03-14,44,0,44,493,5150.48
2024-03-15,26,0,26,493,5117.09
2024-03-18,40,1,39,493,5149.42
2024-03-19,43,1,42,493,5178.51
2024-03-20,86,1,85,493,5224.62
2024-03-21,122,1,121,493,5241.53
2024-03-22,58,2,56,493,5234.18
2024-03-25,36,2,34,493,5218.19
2024-03-26,39,1,38,493,5203.58
2024-03-27,64,0,64,493,5248.49
2024-03-28,88,0,88,493,5254.35
2024-04-01,41,0,41,493,5243.77
2024-04-02,23,2,21,493,5205.81
2024-04-03,34,3,31,493,5211.49
2024-04-04,61,4,57,493,5147.21
2024-04-05,19,4,15,493,5204.34
2024-04-08,24,2,22,493,5202.39
2024-04-09,15,1,14,493,5209.91
2024-04-10,2,7,-5,493,5160.64
2024-04-11,11,4,7,493,5199.06
2024-04-12,10,7,3,493,5123.41
2024-04-15,4,6,-2,493,5061.82
2024-04-16,0,8,-8,493,5051.41
2024-04-17,1,8,-7,493,5022.21
2024-04-18,2,6,-4,493,5011.12
2024-04-19,3,4,-1,493,4967.23
2024-04-22,9,3,6,493,5010.60
2024-04-23,11,1,10,493,5070.55
2024-04-24,11,3,8,493,5071.63
2024-04-25,16,4,12,493,5048.42
2024-04-26,21,6,15,493,5099.96
2024-04-29,18,1,17,493,5116.17
2024-04-30,20,3,17,493,5035.69
2024-05-01,12,6,6,493,5018.39
2024-05-02,17,5,12,493,5064.20
2024-05-03,23,1,22,493,5127.79
2024-05-06,35,1,34,494,5180.74
2024-05-07,53,1,52,494,5187.70
2024-05-08,37,0,37,494,5187.67
2024-05-09,41,0,41,494,5214.08
2024-05-10,63,0,63,494,5222.68
2024-05-13,40,0,40,494,5221.42
2024-05-14,32,0,32,494,5246.68
2024-05-15,75,0,75,494,5308.15
2024-05-16,69,0,69,494,5297.10
2024-05-17,44,0,44,494,5303.27
2024-05-20,62,2,60,494,5308.13
2024-05-21,56,4,52,494,5321.41
2024-05-22,48,3,45,494,5307.01
2024-05-23,39,4,35,494,5267.84
2024-05-24,33,3,30,494,5304.72
2024-05-28,30,7,23,494,5306.04
2024-05-29,9,10,-1,494,5266.95
2024-05-30,14,5,9,494,5235.48
2024-05-31,19,3,16,494,5277.51
2024-06-03,25,0,25,494,5283.40
2024-06-04,19,4,15,494,5291.34
2024-06-05,24,4,20,494,5354.03
2024-06-06,28,1,27,494,5352.96
2024-06-07,17,1,16,494,5346.99
2024-06-10,23,2,21,494,5360.79
2024-06-11,21,1,20,494,5375.32
2024-06-12,45,1,44,494,5421.03
2024-06-13,19,4,15,494,5433.74
2024-06-14,12,11,1,494,5431.60
2024-06-17,39,5,34,494,5473.23
2024-06-18,52,4,48,494,5487.03
2024-06-20,30,3,27,494,5473.17
2024-06-21,20,1,19,494,5464.62
2024-06-24,34,0,34,494,5447.87
2024-06-25,22,1,21,494,5469.30
2024-06-26,11,4,7,494,5477.90
2024-06-27,12,0,12,494,5482.87
2024-06-28,19,1,18,494,5460.48
2024-07-01,10,3,7,494,5475.09
2024-07-02,16,3,13,494,5509.01
2024-07-03,21,2,19,494,5537.02
2024-07-05,19,4,15,494,5567.19
2024-07-08,22,3,19,494,5572.85
2024-07-09,32,8,24,494,5576.98
2024-07-10,33,8,25,494,5633.91
2024-07-11,53,2,51,494,5584.54
2024-07-12,64,0,64,494,5615.35
2024-07-15,66,3,63,494,5631.22
2024-07-16,92,2,90,494,5667.20
2024-07-17,78,0,78,494,5588.27
2024-07-18,73,2,71,494,5544.59
2024-07-19,11,4,7,494,5505.00
2024-07-22,17,0,17,494,5564.41
2024-07-23,41,1,40,494,5555.74
2024-07-24,19,6,13,494,5427.13
2024-07-25,45,7,38,494,5399.22
2024-07-26,34,4,30,494,5459.10
2024-07-29,34,2,32,494,5463.54
2024-07-30,74,1,73,494,5436.44
2024-07-31,71,0,71,494,5522.30
2024-08-01,53,6,47,494,5446.68
2024-08-02,54,14,40,494,5346.56
2024-08-05,14,25,-11,494,5186.33
2024-08-06,11,4,7,494,5240.03
2024-08-07,16,7,9,494,5199.50
2024-08-08,9,4,5,494,5319.31
2024-08-09,15,2,13,494,5344.16
2024-08-12,10,5,5,494,5344.39
2024-08-13,15,1,14,494,5434.43
2024-08-14,26,2,24,494,5455.21
2024-08-15,30,1,29,494,5543.22
2024-08-16,14,0,14,494,5554.25
2024-08-19,31,0,31,494,5608.25
2024-08-20,36,0,36,494,5597.12
2024-08-21,46,1,45,494,5620.85
2024-08-22,58,0,58,494,5570.64
2024-08-23,79,0,79,494,5634.61
2024-08-26,92,0,92,494,5616.84
2024-08-27,48,0,48,494,5625.80
2024-08-28,70,1,69,494,5592.18
2024-08-29,65,3,62,494,5591.96
2024-08-30,80,2,78,494,5648.40
2024-09-03,82,5,77,494,5528.93
2024-09-04,69,6,63,494,5520.07
2024-09-05,40,7,33,494,5503.41
2024-09-06,17,10,7,494,5408.42
2024-09-09,26,3,23,494,5471.05
2024-09-10,48,11,37,494,5495.52
2024-09-11,20,13,7,494,5554.13
2024-09-12,37,0,37,494,5595.76
2024-09-13,61,1,60,494,5626.02
2024-09-16,92,1,91,494,5633.09
2024-09-17,53,0,53,494,5634.58
2024-09-18,56,0,56,494,5618.26
2024-09-19,64,0,64,494,5713.64
2024-09-20,35,1,34,494,5702.55
2024-09-23,62,1,61,494,5718.57
2024-09-24,66,0,66,494,5732.93
2024-09-25,39,1,38,494,5722.26
2024-09-26,55,2,53,494,5745.37
2024-09-27,42,0,42,494,5738.17
2024-09-30,28,1,27,494,5762.48
2024-10-01,56,2,54,494,5708.75
2024-10-02,30,2,28,494,5709.54
2024-10-03,32,2,30,494,5699.94
2024-10-04,41,1,40,495,5751.07
2024-10-07,42,2,40,495,5695.94
2024-10-08,32,3,29,495,5751.13
2024-10-09,56,2,54,495,5792.04
2024-10-10,29,2,27,495,5780.05
2024-10-11,79,1,78,495,5815.03
2024-10-14,94,1,93,495,5859.85
2024-10-15,115,0,115,495,5815.26
2024-10-16,61,0,61,495,5842.47
2024-10-17,80,3,77,495,5841.47
2024-10-18,64,2,62,495,5864.67
2024-10-21,46,2,44,495,5853.98
2024-10-22,20,3,17,495,5851.20
2024-10-23,31,3,28,495,5797.42
2024-10-24,39,3,36,495,5809.86
2024-10-25,35,2,33,495,5808.12
2024-10-28,19,2,17,495,5823.52
2024-10-29,23,0,23,495,5832.92
2024-10-30,30,4,26,495,5813.67
2024-10-31,30,8,22,495,5705.45
2024-11-01,12,6,6,495,5728.80
2024-11-04,14,3,11,495,5712.69
2024-11-05,27,6,21,495,5782.76
2024-11-06,146,11,135,495,5929.04
2024-11-07,60,3,57,495,5973.10
2024-11-08,100,6,94,495,5995.54
2024-11-11,130,4,126,495,6001.35
2024-11-12,55,13,42,495,5983.99
2024-11-13,63,11,52,495,5985.38
2024-11-14,28,10,18,495,5949.17
2024-11-15,14,20,-6,495,5870.62
2024-11-18,34,10,24,495,5893.62
2024-11-19,28,13,15,495,5916.98
2024-11-20,41,11,30,495,5917.11
2024-11-21,78,3,75,495,5948.71
2024-11-22,94,1,93,495,5969.34
2024-11-25,118,0,118,495,5987.37
2024-11-26,64,3,61,495,6021.63
2024-11-27,81,0,81,495,5998.74
2024-11-29,30,0,30,495,6032.38
2024-12-02,17,2,15,495,6047.15
2024-12-03,23,1,22,495,6049.88
2024-12-04,38,5,33,495,6086.49
2024-12-05,44,5,39,495,6075.11
2024-12-06,39,7,32,495,6090.27
2024-12-09,24,1,23,495,6052.85
2024-12-10,9,3,6,495,6034.91
2024-12-11,21,4,17,495,6084.19
2024-12-12,13,8,5,495,6051.25
2024-12-13,14,13,1,495,6051.09
2024-12-16,17,18,-1,495,6074.08
2024-12-17,11,19,-8,495,6050.61
2024-12-18,6,25,-19,495,5872.16
2024-12-19,1,38,-37,495,5867.08
2024-12-20,3,25,-22,495,5930.85
2024-12-23,2,12,-10,495,5974.07
2024-12-24,2,2,0,495,6040.04
2024-12-26,4,1,3,495,6037.59
2024-12-27,2,3,-1,495,5970.84
2024-12-30,1,15,-14,495,5906.94
2024-12-31,1,1,0,495,5881.63
2025-01-02,2,9,-7,495,5868.55
2025-01-03,3,13,-10,495,5942.47
2025-01-06,9,6,3,495,5975.38
2025-01-07,10,15,-5,495,5909.03
2025-01-08,4,28,-24,495,5918.25
2025-01-10,7,28,-21,495,5827.04
2025-01-13,3,20,-17,495,5836.22
2025-01-14,5,6,-1,495,5842.91
2025-01-15,19,7,12,495,5949.91
2025-01-16,24,8,16,495,5937.34
2025-01-17,24,0,24,495,5996.66
2025-01-21,45,0,45,495,6049.24
2025-01-22,49,3,46,495,6086.37
2025-01-23,34,3,31,495,6118.71
2025-01-24,28,1,27,495,6101.24
2025-01-27,26,1,25,495,6012.28
2025-01-28,38,4,34,495,6067.70
2025-01-29,31,5,26,495,6039.31
2025-01-30,50,10,40,495,6071.17
2025-01-31,31,4,27,495,6040.53
2025-02-03,16,19,-3,495,5994.57
2025-02-04,29,14,15,495,6037.88
2025-02-05,37,9,28,495,6061.48
2025-02-06,42,8,34,495,6083.57
2025-02-07,39,14,25,495,6025.99
2025-02-10,23,12,11,495,6066.44
2025-02-11,22,11,11,495,6068.50
2025-02-12,24,19,5,495,6051.97
2025-02-13,43,8,35,495,6115.07
2025-02-14,41,5,36,495,6114.63
2025-02-18,34,8,26,495,6129.58
2025-02-19,29,5,24,495,6144.15
2025-02-20,10,2,8,495,6117.52
2025-02-21,17,6,11,495,6013.13
2025-02-24,26,7,19,495,5983.25
2025-02-25,28,8,20,495,5955.25
2025-02-26,16,1,15,495,5956.06
2025-02-27,21,11,10,495,5861.57
2025-02-28,38,11,27,495,5954.50
2025-03-03,58,22,36,495,5849.72
2025-03-04,40,37,3,495,5778.15
2025-03-05,2,7,-5,495,5842.63
2025-03-06,1,9,-8,495,5738.52
2025-03-07,8,11,-3,495,5770.20
2025-03-10,25,17,8,495,5614.56
2025-03-11,4,19,-15,495,5572.07
2025-03-12,0,17,-17,495,5599.30
2025-03-13,0,30,-30,495,5521.52
2025-03-14,1,4,-3,495,5638.94
2025-03-17,9,1,8,495,5675.12
2025-03-18,4,3,1,495,5614.66
2025-03-19,7,1,6,495,5675.29
2025-03-20,13,0,13,495,5662.89
2025-03-21,10,16,-6,495,5667.56
2025-03-24,5,1,4,495,5767.57
2025-03-25,11,4,7,496,5776.65
2025-03-26,15,6,9,496,5712.20
2025-03-27,15,7,8,496,5693.31
2025-03-28,11,21,-10,497,5580.94
2025-03-31,28,43,-15,498,5611.85
2025-04-01,11,11,0,498,5633.07
2025-04-02,17,8,9,498,5670.97
2025-04-03,35,90,-55,498,5396.52
2025-04-04,11,149,-138,498,5074.08
2025-04-07,0,172,-172,498,5062.25
2025-04-08,0,98,-98,498,4982.77
2025-04-09,1,95,-94,498,5456.90
2025-04-10,0,7,-7,498,5268.05
2025-04-11,2,4,-2,498,5363.36
2025-04-14,2,0,2,498,5405.97
2025-04-15,2,1,1,498,5396.63
2025-04-16,2,4,-2,498,5275.70
2025-04-17,2,1,1,498,5282.70
2025-04-21,1,7,-6,498,5158.20
2025-04-22,4,1,3,498,5287.76
2025-04-23,2,1,1,498,5375.86
2025-04-24,4,4,0,498,5484.77
2025-04-25,4,3,1,498,5525.21
2025-04-28,3,1,2,498,5528.75
2025-04-29,6,4,2,498,5560.83
2025-04-30,10,2,8,498,5569.06
2025-05-01,9,3,6,498,5604.14
2025-05-02,13,3,10,498,5686.67
2025-05-05,10,3,7,498,5650.38
2025-05-06,8,5,3,498,5606.91
2025-05-07,19,4,15,498,5631.28
2025-05-08,18,3,15,498,5663.94
2025-05-09,4,3,1,498,5659.91
2025-05-12,13,3,10,498,5844.19
2025-05-13,19,4,15,498,5886.55
2025-05-14,4,7,-3,498,5892.58
2025-05-15,15,5,10,498,5916.93
2025-05-16,29,0,29,498,5958.38
2025-05-19,25,0,25,498,5963.60
2025-05-20,19,0,19,498,5940.46
2025-05-21,11,3,8,498,5844.61
2025-05-22,3,7,-4,498,5842.01
2025-05-23,5,5,0,498,5802.82
2025-05-27,24,0,24,498,5921.54
2025-05-28,22,0,22,498,5888.55
2025-05-29,11,0,11,498,5912.17
2025-05-30,16,2,14,498,5911.69
2025-06-02,23,3,20,498,5935.94
2025-06-03,32,4,28,498,5970.37
2025-06-04,21,0,21,498,5970.81
2025-06-05,17,3,14,498,5939.30
2025-06-06,21,0,21,498,6000.36
2025-06-09,15,4,11,498,6005.88
2025-06-10,14,2,12,498,6038.81
2025-06-11,11,2,9,498,6022.24
2025-06-12,11,1,10,498,6045.26
2025-06-13,9,4,5,498,5976.97
2025-06-16,16,4,12,498,6033.11
2025-06-17,12,8,4,498,5982.72
2025-06-18,14,4,10,498,5980.87
2025-06-20,14,3,11,498,5967.84
2025-06-23,11,3,8,498,6025.17
2025-06-24,22,0,22,498,6092.18
2025-06-25,26,4,22,498,6092.16
2025-06-26,28,4,24,498,6141.02
2025-06-27,35,3,32,498,6173.07
2025-06-30,39,0,39,498,6204.95
2025-07-01,29,0,29,498,6198.01
2025-07-02,28,3,25,498,6227.42
2025-07-03,40,2,38,498,6279.35
2025-07-07,27,2,25,498,6229.98
2025-07-08,20,1,19,498,6225.52
2025-07-09,20,3,17,498,6263.26
2025-07-10,30,2,28,498,6280.46
2025-07-11,14,3,11,498,6259.75
2025-07-14,24,5,19,498,6268.56
2025-07-15,27,8,19,498,6243.76
2025-07-16,11,4,7,498,6263.70
2025-07-17,36,3,33,498,6297.36
2025-07-18,41,3,38,498,6296.79
2025-07-21,19,5,14,498,6305.60
2025-07-22,21,1,20,498,6309.62
2025-07-23,53,2,51,498,6358.91
2025-07-24,47,3,44,498,6363.35
2025-07-25,50,3,47,498,6388.64
2025-07-28,30,3,27,498,6389.77
2025-07-29,34,8,26,498,6370.86
2025-07-30,36,10,26,498,6362.90
2025-07-31,39,22,17,498,6339.39
2025-08-01,8,23,-15,498,6238.01
2025-08-04,32,8,24,498,6329.94
2025-08-05,36,7,29,498,6299.19
2025-08-06,17,13,4,498,6345.06
2025-08-07,23,8,15,498,6340.00
2025-08-08,24,15,9,498,6389.45
2025-08-11,17,17,0,498,6373.45
2025-08-12,33,12,21,498,6445.76
2025-08-13,42,2,40,498,6466.58
2025-08-14,14,1,13,498,6468.54
2025-08-15,12,0,12,498,6449.80
2025-08-18,11,3,8,498,6449.15
2025-08-19,14,1,13,498,6411.37
2025-08-20,22,0,22,498,6395.78
2025-08-21,7,0,7,498,6370.17
2025-08-22,37,0,37,498,6466.91
2025-08-25,17,0,17,498,6439.32
2025-08-26,25,2,23,498,6465.94
2025-08-27,30,1,29,498,6481.40
2025-08-28,33,4,29,498,6501.86
2025-08-29,22,0,22,498,6460.26
2025-09-02,8,3,5,498,6415.54
2025-09-03,15,5,10,498,6448.26
2025-09-04,25,6,19,498,6502.08
2025-09-05,40,5,35,498,6481.50
2025-09-08,20,8,12,498,6495.15
2025-09-09,25,0,25,498,6512.61
2025-09-10,28,7,21,498,6532.04
2025-09-11,51,4,47,498,6587.47
2025-09-12,25,3,22,498,6584.29
2025-09-15,28,10,18,498,6615.28
2025-09-16,22,13,9,498,6606.76
2025-09-17,22,4,18,498,6600.35
2025-09-18,38,7,31,498,6631.96
2025-09-19,35,14,21,498,6664.36
2025-09-22,30,14,16,498,6693.75
2025-09-23,48,11,37,498,6656.92
2025-09-24,21,9,12,498,6637.97
2025-09-25,12,16,-4,498,6604.72
2025-09-26,29,3,26,498,6643.70
2025-09-29,38,5,33,498,6661.21
2025-09-30,50,4,46,498,6688.46
2025-10-01,42,7,35,498,6711.20
2025-10-02,43,11,32,498,6715.35
2025-10-03,44,2,42,498,6715.79
2025-10-06,51,9,42,498,6740.28
2025-10-07,36,7,29,498,6714.59
2025-10-08,37,6,31,498,6753.72
2025-10-09,24,11,13,498,6735.11
2025-10-10,21,18,3,498,6552.51
2025-10-13,10,15,-5,498,6654.72
2025-10-14,25,9,16,498,6644.31
2025-10-15,35,5,30,498,6671.06
2025-10-16,35,15,20,498,6629.07
2025-10-17,6,5,1,498,6664.01
2025-10-20,23,3,20,498,6735.13
2025-10-21,19,0,19,498,6735.35
2025-10-22,13,3,10,498,6699.40
2025-10-23,15,4,11,498,6738.44
2025-10-24,41,4,37,498,6791.69
2025-10-27,46,3,43,498,6875.16
2025-10-28,34,17,17,498,6890.89
2025-10-29,48,39,9,498,6890.59
2025-10-30,37,33,4,498,6822.34
2025-10-31,17,30,-13,498,6840.20
2025-11-03,18,27,-9,498,6851.97
2025-11-04,11,15,-4,498,6771.55
2025-11-05,24,13,11,498,6796.29
2025-11-06,21,20,1,498,6720.32
2025-11-07,14,12,2,498,6728.80
2025-11-10,36,7,29,498,6832.43
2025-11-11,31,2,29,498,6846.61
2025-11-12,40,2,38,497,6850.92
2025-11-13,16,6,10,498,6737.49
2025-11-14,14,8,6,498,6734.11
2025-11-17,11,8,3,498,6672.41
2025-11-18,10,15,-5,498,6617.32
2025-11-19,13,20,-7,498,6642.16
2025-11-20,13,16,-3,498,6538.76
2025-11-21,19,7,12,498,6602.99
2025-11-24,24,2,22,498,6705.12
2025-11-25,39,2,37,498,6765.88
2025-11-26,37,0,37,498,6812.61
2025-11-28,21,0,21,498,6849.09
2025-12-01,17,1,16,498,6812.63
2025-12-02,11,3,8,498,6829.37
2025-12-03,26,2,24,498,6849.72
2025-12-04,31,4,27,498,6857.12
2025-12-05,34,6,28,498,6870.40
2025-12-08,28,9,19,498,6846.51
2025-12-09,22,6,16,498,6840.51
2025-12-10,49,6,43,498,6886.68
2025-12-11,57,2,55,498,6901.00
2025-12-12,35,4,31,498,6827.41
2025-12-15,29,5,24,498,6816.51
2025-12-16,15,5,10,498,6800.26
2025-12-17,12,0,12,498,6721.43
2025-12-18,15,0,15,498,6774.76
2025-12-19,16,3,13,498,6834.50
2025-12-22,42,4,38,498,6878.49
2025-12-23,36,3,33,498,6909.79
2025-12-24,22,1,21,498,6932.05
2025-12-26,21,0,21,498,6929.94
2025-12-29,11,1,10,498,6905.74
2025-12-30,4,0,4,498,6896.24
2025-12-31,0,0,0,498,6845.50
2026-01-02,11,6,5,498,6858.47
2026-01-05,61,9,52,498,6902.05
2026-01-06,64,6,58,498,6944.82
2026-01-07,29,14,15,498,6920.93
2026-01-08,44,10,34,498,6921.46
2026-01-09,47,6,41,498,6966.28
2026-01-12,34,2,32,498,6977.27
2026-01-13,44,6,38,498,6963.74
2026-01-14,36,5,31,498,6926.60
2026-01-15,61,5,56,498,6944.47
2026-01-16,38,8,30,498,6940.01
2026-01-20,19,18,1,498,6796.86
2026-01-21,49,14,35,498,6875.62
2026-01-22,62,3,59,498,6913.35
2026-01-23,22,5,17,498,6915.61
2026-01-26,21,2,19,498,6950.23
2026-01-27,34,10,24,498,6978.60
2026-01-28,37,14,23,498,6978.03
2026-01-29,50,18,32,498,6969.01
2026-01-30,21,8,13,498,6939.03
2026-02-02,31,9,22,498,6976.44
2026-02-03,83,27,56,498,6917.81
2026-02-04,94,23,71,498,6882.72
2026-02-05,48,9,39,498,6798.40
2026-02-06,88,13,75,498,6932.30
2026-02-09,66,19,47,498,6964.82
2026-02-10,69,11,58,498,6941.81
2026-02-11,99,23,76,498,6941.47
2026-02-12,102,31,71,498,6832.76
2026-02-13,33,5,28,498,6836.17
2026-02-17,42,9,33,499,6843.22
2026-02-18,23,3,20,499,6881.31
2026-02-19,28,4,24,499,6861.89
2026-02-20,34,6,28,499,6909.51
2026-02-23,41,16,25,499,6837.75
2026-02-24,47,11,36,499,6890.07
2026-02-25,53,6,47,499,6946.13
2026-02-26,33,0,33,499,6908.86
2026-02-27,46,2,44,499,6878.88
2026-03-02,59,4,55,499,6881.62
2026-03-03,21,4,17,499,6816.63
2026-03-04,14,2,12,499,6869.50
2026-03-05,6,1,5,499,6830.71
2026-03-06,5,2,3,499,6740.02
2026-03-09,5,7,-2,499,6795.99
2026-03-10,3,4,-1,499,6781.48
2026-03-11,4,11,-7,499,6775.80
2026-03-12,17,22,-5,499,6672.62
2026-03-13,13,10,3,499,6632.19
2026-03-16,13,7,6,499,6699.38
2026-03-17,21,2,19,499,6716.09
2026-03-18,16,12,4,499,6624.70
2026-03-19,16,24,-8,499,6606.49
2026-03-20,12,30,-18,499,6506.48
2026-03-23,6,9,-3,499,6581.00
2026-03-24,17,20,-3,499,6556.37
2026-03-25,16,20,-4,499,6591.90
2026-03-26,18,8,10,499,6477.16
2026-03-27,22,24,-2,499,6368.85
2026-03-30,16,13,3,499,6343.72
2026-03-31,6,8,-2,499,6528.52
2026-04-01,7,13,-6,499,6575.32
2026-04-02,7,9,-2,499,6582.69
2026-04-06,9,1,8,499,6611.83
2026-04-07,3,8,-5,499,6616.85
2026-04-08,24,3,21,499,6782.81
2026-04-09,46,17,29,499,6824.66
2026-04-10,24,23,1,499,6816.89
2026-04-13,23,9,14,499,6886.24
2026-04-14,23,0,23,499,6967.38
2026-04-15,13,0,13,499,7022.95
2026-04-16,21,1,20,499,7041.28
2026-04-17,49,0,49,499,7126.06
2026-04-20,44,0,44,499,7109.14
2026-04-21,52,4,48,499,7064.01
2026-04-22,32,5,27,499,7137.90
2026-04-23,43,7,36,499,7108.40
2026-04-24,35,7,28,499,7165.08
2026-04-27,18,8,10,499,7173.91
2026-04-28,3,13,-10,499,7138.80
2026-04-29,21,24,-3,499,7135.95
2026-04-30,37,14,23,499,7209.01
2026-05-01,47,12,35,499,7230.12
2026-05-04,28,18,10,499,7200.75
2026-05-05,45,22,23,499,7259.22
2026-05-06,48,20,28,499,7365.12
2026-05-07,24,10,14,499,7337.11
2026-05-08,31,26,5,499,7398.93
2026-05-11,39,38,1,499,7412.84
2026-05-12,15,25,-10,499,7400.96
2026-05-13,38,43,-5,499,7444.25
2026-05-14,31,10,21,499,7501.24
2026-05-15,13,28,-15,499,7408.50
2026-05-18,21,14,7,499,7403.05
2026-05-19,20,21,-1,499,7353.61
2026-05-20,20,13,7,499,7432.97
2026-05-21,13,3,10,499,7445.72
2026-05-22,30,0,30,499,7473.47
2026-05-26,44,1,43,499,7519.12
2026-05-27,39,8,31,499,7520.36
2026-05-28,19,8,11,499,7563.63
2026-05-29,29,10,19,499,7580.06
2026-06-01,33,16,17,499,7599.96
2026-06-02,31,15,16,499,7609.78
2026-06-03,35,17,18,499,7553.68
2026-06-04,26,9,17,499,7584.31
2026-06-05,15,3,12,499,7383.74
2026-06-08,13,6,7,499,7405.73
2026-06-09,30,7,23,499,7386.65
2026-06-10,25,7,18,499,7266.99
2026-06-11,26,14,12,499,7394.30
2026-06-12,34,9,25,499,7431.46
2026-06-15,42,3,39,499,7554.29
2026-06-16,23,3,20,499,7511.35
2026-06-17,27,18,9,499,7420.10
2026-06-18,30,26,4,499,7500.58
2026-06-22,29,31,-2,499,7472.79
2026-06-23,12,4,8,499,7365.46
2026-06-24,26,4,22,499,7358.22
2026-06-25,56,14,42,499,7357.49
2026-06-26,34,6,28,499,7354.02
2026-06-29,35,9,26,499,7440.43
2026-06-30,30,14,16,499,7499.36
2026-07-01,39,5,34,499,7483.23
2026-07-02,50,1,49,499,7483.24
2026-07-06,38,4,34,499,7537.43
2026-07-07,52,0,52,499,7503.85
2026-07-08,5,1,4,499,7482.71
2026-07-09,14,3,11,499,7543.64
2026-07-10,11,4,7,499,7575.39
2026-07-13,17,2,15,499,7515.34
2026-07-14,27,4,23,499,7543.59
2026-07-15,22,7,15,499,7572.40
2026-07-16,39,2,37,499,7533.77
2026-07-17,48,4,44,499,7457.69
2026-07-20,9,5,4,499,7443.28
2026-07-21,9,5,4,499,7509.20
2026-07-22,13,2,11,499,7498.96
2026-07-23,17,14,3,499,7408.30
2026-07-24,16,5,11,499,7411.98
2026-07-27,31,3,28,499,7413.18
2026-07-28,59,1,58,499,7428.78
2026-07-29,32,4,28,499,7316.15
2026-07-30,6,3,3,499,7437.63
2026-07-31,4,3,1,499,7489.72
2026-08-03,15,1,14,499,7600.50
2026-08-04,25,3,22,499,7736.52
2026-08-05,35,2,33,499,7723.55
2026-08-06,30,3,27,499,7709.96
2026-08-07,9,0,9,499,7757.64
2026-08-10,21,1,20,499,7753.11
2026-08-11,23,1,22,499,7728.20
2026-08-12,20,2,18,499,7748.50
2026-08-13,29,1,28,499,7798.99
2026-08-14,15,1,14,499,7785.76
2026-08-17,18,4,14,499,7745.06
2026-08-18,11,4,7,499,7691.76
2026-08-19,17,0,17,499,7707.98
2026-08-20,16,2,14,499,7641.16
2026-08-21,15,4,11,499,7674.37
2026-08-24,18,6,12,499,7652.86
2026-08-25,13,3,10,499,7677.28
2026-08-26,12,3,9,499,7675.70
2026-08-27,16,7,9,499,7730.99
2026-08-28,5,3,2,499,7711.76
2026-08-31,5,10,-5,499,7686.14
2026-09-01,9,12,-3,499,7631.47
2026-09-02,12,8,4,499,7666.60
2026-09-03,15,5,10,499,7747.71
2026-09-04,4,4,0,499,7718.60
2026-09-08,5,8,-3,499,7673.52
2026-09-09,7,23,-16,499,7636.36
2026-09-10,8,24,-16,499,7591.70
2026-09-11,8,9,-1,499,7656.98
2026-09-14,9,10,-1,499,7619.98
2026-09-15,14,18,-4,499,7585.73
2026-09-16,11,18,-7,499,7551.81
2026-09-17,14,18,-4,499,7637.76
2026-09-18,6,27,-21,499,7650.50
2026-09-21,7,27,-20,499,7764.70
2026-09-22,10,16,-6,499,7764.64
2026-09-23,15,34,-19,499,7706.03
2026-09-24,14,40,-26,499,7704.13
2026-09-25,3,31,-28,499,7743.41
2026-09-28,4,28,-24,499,7683.69
2026-09-29,9,32,-23,499,7670.84
2026-09-30,10,21,-11,499,7651.54
2026-10-01,4,39,-35,499,7666.45
2026-10-02,10,19,-9,499,7722.72
2026-10-05,12,18,-6,499,7773.95
2026-10-06,23,2,21,499,7818.93
2026-10-07,8,12,-4,499,7801.77
2026-10-08,5,13,-8,499,7765.36
2026-10-09,15,5,10,499,7811.54
