Date,NFCI,ANFCI
1971-01-08,0.6030,0.5770
1971-01-15,0.6360,0.6310
1971-01-22,0.6740,0.7050
1971-01-29,0.7150,0.7890
1971-02-05,0.7580,0.8750
1971-02-12,0.8010,0.9520
1971-02-19,0.8420,1.0110
1971-02-26,0.8830,1.0490
1971-03-05,0.9260,1.0650
1971-03-12,0.9710,1.0650
1971-03-19,1.0220,1.0590
1971-03-26,1.0810,1.0660
1971-04-02,1.1470,1.1010
1971-04-09,1.2200,1.1800
1971-04-16,1.2950,1.3060
1971-04-23,1.3660,1.4700
1971-04-30,1.4250,1.6500
1971-05-07,1.4650,1.8150
1971-05-14,1.4760,1.9290
1971-05-21,1.4550,1.9650
1971-05-28,1.4030,1.9070
1971-06-04,1.3230,1.7520
1971-06-11,1.2240,1.5120
1971-06-18,1.1220,1.2170
1971-06-25,1.0350,0.9110
1971-07-02,0.9770,0.6430
1971-07-09,0.9650,0.4660
1971-07-16,1.0080,0.4270
1971-07-23,1.1080,0.5510
1971-07-30,1.2600,0.8340
1971-08-06,1.4500,1.2410
1971-08-13,1.6580,1.7110
1971-08-20,1.8620,2.1720
1971-08-27,2.0360,2.5510
1971-09-03,2.1660,2.8050
1971-09-10,2.2360,2.9050
1971-09-17,2.2450,2.8580
1971-09-24,2.1990,2.6860
1971-10-01,2.1050,2.4300
1971-10-08,1.9800,2.1330
1971-10-15,1.8400,1.8420
1971-10-22,1.7030,1.5980
1971-10-29,1.5820,1.4310
1971-11-05,1.4860,1.3550
1971-11-12,1.4200,1.3650
1971-11-19,1.3830,1.4460
1971-11-26,1.3670,1.5690
1971-12-03,1.3660,1.7020
1971-12-10,1.3690,1.8170
1971-12-17,1.3670,1.8880
1971-12-24,1.3510,1.8960
1971-12-31,1.3190,1.8400
1972-01-07,1.2600,1.7130
1972-01-14,1.1840,1.5410
1972-01-21,1.0920,1.3400
1972-01-28,0.9900,1.1350
1972-02-04,0.8860,0.9490
1972-02-11,0.7860,0.7940
1972-02-18,0.6920,0.6760
1972-02-25,0.6090,0.5930
1972-03-03,0.5380,0.5430
1972-03-10,0.4780,0.5210
1972-03-17,0.4280,0.5180
1972-03-24,0.3830,0.5230
1972-03-31,0.3410,0.5250
1972-04-07,0.2970,0.5090
1972-04-14,0.2510,0.4680
1972-04-21,0.2030,0.3980
1972-04-28,0.1540,0.3040
1972-05-05,0.1090,0.1980
1972-05-12,0.0710,0.0950
1972-05-19,0.0450,0.0130
1972-05-26,0.0350,-0.0340
1972-06-02,0.0420,-0.0350
1972-06-09,0.0670,0.0120
1972-06-16,0.1090,0.1010
1972-06-23,0.1610,0.2220
1972-06-30,0.2170,0.3580
1972-07-07,0.2690,0.4860
1972-07-14,0.3100,0.5890
1972-07-21,0.3350,0.6500
1972-07-28,0.3380,0.6540
1972-08-04,0.3200,0.5990
1972-08-11,0.2810,0.4850
1972-08-18,0.2260,0.3270
1972-08-25,0.1600,0.1430
1972-09-01,0.0910,-0.0430
1972-09-08,0.0260,-0.2070
1972-09-15,-0.0310,-0.3320
1972-09-22,-0.0770,-0.4110
1972-09-29,-0.1110,-0.4460
1972-10-06,-0.1340,-0.4460
1972-10-13,-0.1510,-0.4240
1972-10-20,-0.1640,-0.3950
1972-10-27,-0.1770,-0.3680
1972-11-03,-0.1920,-0.3540
1972-11-10,-0.2090,-0.3580
1972-11-17,-0.2290,-0.3830
1972-11-24,-0.2500,-0.4320
1972-12-01,-0.2680,-0.4960
1972-12-08,-0.2780,-0.5670
1972-12-15,-0.2750,-0.6320
1972-12-22,-0.2540,-0.6730
1972-12-29,-0.2080,-0.6750
1973-01-05,-0.1340,-0.6260
1973-01-12,-0.0320,-0.5180
1973-01-19,0.0970,-0.3520
1973-01-26,0.2500,-0.1350
1973-02-02,0.4180,0.1200
1973-02-09,0.5920,0.3900
1973-02-16,0.7610,0.6480
1973-02-23,0.9160,0.8700
1973-03-02,1.0470,1.0350
1973-03-09,1.1500,1.1340
1973-03-16,1.2210,1.1670
1973-03-23,1.2630,1.1490
1973-03-30,1.2810,1.1000
1973-04-06,1.2780,1.0370
1973-04-13,1.2620,0.9790
1973-04-20,1.2370,0.9350
1973-04-27,1.2090,0.9050
1973-05-04,1.1810,0.8840
1973-05-11,1.1570,0.8630
1973-05-18,1.1380,0.8360
1973-05-25,1.1280,0.8010
1973-06-01,1.1280,0.7630
1973-06-08,1.1420,0.7340
1973-06-15,1.1720,0.7240
1973-06-22,1.2210,0.7420
1973-06-29,1.2890,0.7930
1973-07-06,1.3770,0.8770
1973-07-13,1.4840,0.9920
1973-07-20,1.6040,1.1310
1973-07-27,1.7330,1.2910
1973-08-03,1.8660,1.4630
1973-08-10,1.9960,1.6380
1973-08-17,2.1170,1.8040
1973-08-24,2.2240,1.9500
1973-08-31,2.3130,2.0650
1973-09-07,2.3780,2.1410
1973-09-14,2.4160,2.1740
1973-09-21,2.4290,2.1630
1973-09-28,2.4190,2.1040
1973-10-05,2.3870,1.9940
1973-10-12,2.3420,1.8400
1973-10-19,2.2900,1.6560
1973-10-26,2.2390,1.4720
1973-11-02,2.1950,1.3240
1973-11-09,2.1610,1.2460
1973-11-16,2.1380,1.2570
1973-11-23,2.1200,1.3420
1973-11-30,2.0970,1.4660
1973-12-07,2.0570,1.5750
1973-12-14,1.9930,1.6240
1973-12-21,1.8970,1.5830
1973-12-28,1.7680,1.4470
1974-01-04,1.6070,1.2320
1974-01-11,1.4240,0.9700
1974-01-18,1.2290,0.6840
1974-01-25,1.0330,0.3960
1974-02-01,0.8490,0.1210
1974-02-08,0.6900,-0.1260
1974-02-15,0.5640,-0.3300
1974-02-22,0.4800,-0.4710
1974-03-01,0.4440,-0.5370
1974-03-08,0.4590,-0.5230
1974-03-15,0.5280,-0.4350
1974-03-22,0.6490,-0.2890
1974-03-29,0.8190,-0.1000
1974-04-05,1.0350,0.1240
1974-04-12,1.2920,0.3830
1974-04-19,1.5840,0.6790
1974-04-26,1.9050,1.0150
1974-05-03,2.2470,1.3830
1974-05-10,2.6060,1.7790
1974-05-17,2.9740,2.1920
1974-05-24,3.3410,2.6190
1974-05-31,3.7010,3.0620
1974-06-07,4.0440,3.5200
1974-06-14,4.3600,3.9790
1974-06-21,4.6410,4.4120
1974-06-28,4.8760,4.7810
1974-07-05,5.0530,5.0460
1974-07-12,5.1690,5.1810
1974-07-19,5.2210,5.1850
1974-07-26,5.2150,5.0810
1974-08-02,5.1600,4.9060
1974-08-09,5.0650,4.7010
1974-08-16,4.9430,4.5070
1974-08-23,4.8030,4.3520
1974-08-30,4.6540,4.2510
1974-09-06,4.4990,4.1990
1974-09-13,4.3410,4.1770
1974-09-20,4.1790,4.1520
1974-09-27,4.0110,4.0800
1974-10-04,3.8360,3.9340
1974-10-11,3.6540,3.7030
1974-10-18,3.4740,3.4100
1974-10-25,3.3020,3.1000
1974-11-01,3.1460,2.8200
1974-11-08,3.0130,2.6130
1974-11-15,2.9040,2.4980
1974-11-22,2.8170,2.4650
1974-11-29,2.7460,2.4920
1974-12-06,2.6830,2.5440
1974-12-13,2.6190,2.5880
1974-12-20,2.5460,2.5970
1974-12-27,2.4560,2.5470
1975-01-03,2.3470,2.4290
1975-01-10,2.2170,2.2390
1975-01-17,2.0690,1.9930
1975-01-24,1.9100,1.7150
1975-01-31,1.7460,1.4330
1975-02-07,1.5820,1.1730
1975-02-14,1.4260,0.9550
1975-02-21,1.2780,0.7830
1975-02-28,1.1410,0.6480
1975-03-07,1.0150,0.5420
1975-03-14,0.8990,0.4530
1975-03-21,0.7920,0.3750
1975-03-28,0.6890,0.3030
1975-04-04,0.5900,0.2330
1975-04-11,0.4930,0.1620
1975-04-18,0.3980,0.0830
1975-04-25,0.3030,-0.0080
1975-05-02,0.2130,-0.1080
1975-05-09,0.1280,-0.2130
1975-05-16,0.0510,-0.3100
1975-05-23,-0.0160,-0.3910
1975-05-30,-0.0710,-0.4470
1975-06-06,-0.1130,-0.4760
1975-06-13,-0.1420,-0.4840
1975-06-20,-0.1600,-0.4800
1975-06-27,-0.1680,-0.4720
1975-07-04,-0.1700,-0.4690
1975-07-11,-0.1660,-0.4750
1975-07-18,-0.1610,-0.4910
1975-07-25,-0.1530,-0.5150
1975-08-01,-0.1430,-0.5410
1975-08-08,-0.1300,-0.5660
1975-08-15,-0.1130,-0.5840
1975-08-22,-0.0920,-0.5880
1975-08-29,-0.0670,-0.5740
1975-09-05,-0.0370,-0.5430
1975-09-12,-0.0050,-0.4950
1975-09-19,0.0300,-0.4360
1975-09-26,0.0640,-0.3750
1975-10-03,0.0960,-0.3190
1975-10-10,0.1230,-0.2750
1975-10-17,0.1430,-0.2430
1975-10-24,0.1550,-0.2220
1975-10-31,0.1590,-0.2080
1975-11-07,0.1520,-0.2020
1975-11-14,0.1350,-0.2020
1975-11-21,0.1070,-0.2120
1975-11-28,0.0680,-0.2340
1975-12-05,0.0180,-0.2710
1975-12-12,-0.0420,-0.3220
1975-12-19,-0.1100,-0.3870
1975-12-26,-0.1820,-0.4650
1976-01-02,-0.2580,-0.5530
1976-01-09,-0.3330,-0.6480
1976-01-16,-0.4040,-0.7430
1976-01-23,-0.4700,-0.8320
1976-01-30,-0.5300,-0.9080
1976-02-06,-0.5810,-0.9670
1976-02-13,-0.6250,-1.0050
1976-02-20,-0.6620,-1.0250
1976-02-27,-0.6910,-1.0320
1976-03-05,-0.7140,-1.0300
1976-03-12,-0.7300,-1.0210
1976-03-19,-0.7390,-1.0080
1976-03-26,-0.7400,-0.9900
1976-04-02,-0.7330,-0.9650
1976-04-09,-0.7180,-0.9290
1976-04-16,-0.6930,-0.8830
1976-04-23,-0.6620,-0.8260
1976-04-30,-0.6250,-0.7580
1976-05-07,-0.5850,-0.6800
1976-05-14,-0.5460,-0.5980
1976-05-21,-0.5100,-0.5180
1976-05-28,-0.4820,-0.4470
1976-06-04,-0.4640,-0.3980
1976-06-11,-0.4570,-0.3750
1976-06-18,-0.4610,-0.3820
1976-06-25,-0.4750,-0.4190
1976-07-02,-0.4980,-0.4800
1976-07-09,-0.5260,-0.5560
1976-07-16,-0.5580,-0.6400
1976-07-23,-0.5900,-0.7240
1976-07-30,-0.6200,-0.8030
1976-08-06,-0.6480,-0.8730
1976-08-13,-0.6720,-0.9290
1976-08-20,-0.6910,-0.9710
1976-08-27,-0.7050,-0.9990
1976-09-03,-0.7150,-1.0160
1976-09-10,-0.7200,-1.0240
1976-09-17,-0.7220,-1.0280
1976-09-24,-0.7210,-1.0320
1976-10-01,-0.7180,-1.0380
1976-10-08,-0.7120,-1.0450
1976-10-15,-0.7040,-1.0520
1976-10-22,-0.6960,-1.0560
1976-10-29,-0.6860,-1.0530
1976-11-05,-0.6770,-1.0420
1976-11-12,-0.6690,-1.0230
1976-11-19,-0.6640,-0.9980
1976-11-26,-0.6640,-0.9750
1976-12-03,-0.6700,-0.9580
1976-12-10,-0.6820,-0.9540
1976-12-17,-0.7020,-0.9680
1976-12-24,-0.7280,-1.0000
1976-12-31,-0.7600,-1.0490
1977-01-07,-0.7960,-1.1080
1977-01-14,-0.8330,-1.1700
1977-01-21,-0.8680,-1.2270
1977-01-28,-0.8990,-1.2740
1977-02-04,-0.9240,-1.3060
1977-02-11,-0.9400,-1.3210
1977-02-18,-0.9470,-1.3200
1977-02-25,-0.9440,-1.3050
1977-03-04,-0.9320,-1.2770
1977-03-11,-0.9120,-1.2430
1977-03-18,-0.8840,-1.2070
1977-03-25,-0.8510,-1.1730
1977-04-01,-0.8140,-1.1450
1977-04-08,-0.7750,-1.1220
1977-04-15,-0.7330,-1.1000
1977-04-22,-0.6910,-1.0790
1977-04-29,-0.6500,-1.0540
1977-05-06,-0.6110,-1.0270
1977-05-13,-0.5750,-1.0000
1977-05-20,-0.5450,-0.9790
1977-05-27,-0.5210,-0.9660
1977-06-03,-0.5030,-0.9630
1977-06-10,-0.4920,-0.9730
1977-06-17,-0.4870,-0.9920
1977-06-24,-0.4870,-1.0210
1977-07-01,-0.4910,-1.0580
1977-07-08,-0.4970,-1.0980
1977-07-15,-0.5030,-1.1340
1977-07-22,-0.5070,-1.1620
1977-07-29,-0.5100,-1.1740
1977-08-05,-0.5080,-1.1700
1977-08-12,-0.5030,-1.1500
1977-08-19,-0.4950,-1.1210
1977-08-26,-0.4830,-1.0880
1977-09-02,-0.4670,-1.0530
1977-09-09,-0.4490,-1.0170
1977-09-16,-0.4260,-0.9780
1977-09-23,-0.4010,-0.9340
1977-09-30,-0.3740,-0.8860
1977-10-07,-0.3460,-0.8360
1977-10-14,-0.3180,-0.7870
1977-10-21,-0.2910,-0.7390
1977-10-28,-0.2670,-0.6940
1977-11-04,-0.2460,-0.6520
1977-11-11,-0.2290,-0.6130
1977-11-18,-0.2180,-0.5770
1977-11-25,-0.2130,-0.5500
1977-12-02,-0.2130,-0.5340
1977-12-09,-0.2190,-0.5320
1977-12-16,-0.2290,-0.5450
1977-12-23,-0.2430,-0.5710
1977-12-30,-0.2580,-0.6050
1978-01-06,-0.2740,-0.6430
1978-01-13,-0.2870,-0.6790
1978-01-20,-0.2950,-0.7090
1978-01-27,-0.2970,-0.7300
1978-02-03,-0.2900,-0.7400
1978-02-10,-0.2750,-0.7340
1978-02-17,-0.2510,-0.7120
1978-02-24,-0.2170,-0.6760
1978-03-03,-0.1760,-0.6280
1978-03-10,-0.1280,-0.5760
1978-03-17,-0.0740,-0.5230
1978-03-24,-0.0160,-0.4750
1978-03-31,0.0440,-0.4300
1978-04-07,0.1050,-0.3860
1978-04-14,0.1690,-0.3410
1978-04-21,0.2320,-0.2950
1978-04-28,0.2960,-0.2470
1978-05-05,0.3590,-0.2000
1978-05-12,0.4190,-0.1560
1978-05-19,0.4760,-0.1150
1978-05-26,0.5270,-0.0780
1978-06-02,0.5710,-0.0440
1978-06-09,0.6070,-0.0170
1978-06-16,0.6340,0.0050
1978-06-23,0.6500,0.0180
1978-06-30,0.6540,0.0220
1978-07-07,0.6470,0.0180
1978-07-14,0.6280,0.0050
1978-07-21,0.6020,-0.0180
1978-07-28,0.5700,-0.0550
1978-08-04,0.5360,-0.1070
1978-08-11,0.5050,-0.1730
1978-08-18,0.4850,-0.2410
1978-08-25,0.4820,-0.2960
1978-09-01,0.5030,-0.3210
1978-09-08,0.5530,-0.2960
1978-09-15,0.6350,-0.2120
1978-09-22,0.7490,-0.0650
1978-09-29,0.8930,0.1420
1978-10-06,1.0600,0.3950
1978-10-13,1.2420,0.6780
1978-10-20,1.4280,0.9710
1978-10-27,1.6050,1.2490
1978-11-03,1.7630,1.4820
1978-11-10,1.8910,1.6520
1978-11-17,1.9830,1.7460
1978-11-24,2.0330,1.7560
1978-12-01,2.0430,1.7000
1978-12-08,2.0120,1.5920
1978-12-15,1.9460,1.4530
1978-12-22,1.8510,1.2970
1978-12-29,1.7310,1.1320
1979-01-05,1.5930,0.9590
1979-01-12,1.4440,0.7790
1979-01-19,1.2900,0.5980
1979-01-26,1.1360,0.4230
1979-02-02,0.9890,0.2640
1979-02-09,0.8500,0.1270
1979-02-16,0.7220,0.0090
1979-02-23,0.6080,-0.0980
1979-03-02,0.5080,-0.1970
1979-03-09,0.4230,-0.2950
1979-03-16,0.3540,-0.3860
1979-03-23,0.3010,-0.4640
1979-03-30,0.2650,-0.5200
1979-04-06,0.2430,-0.5520
1979-04-13,0.2350,-0.5620
1979-04-20,0.2420,-0.5610
1979-04-27,0.2620,-0.5540
1979-05-04,0.2930,-0.5420
1979-05-11,0.3360,-0.5210
1979-05-18,0.3890,-0.4810
1979-05-25,0.4510,-0.4170
1979-06-01,0.5200,-0.3310
1979-06-08,0.5960,-0.2370
1979-06-15,0.6760,-0.1490
1979-06-22,0.7570,-0.0770
1979-06-29,0.8400,-0.0240
1979-07-06,0.9210,0.0180
1979-07-13,1.0030,0.0610
1979-07-20,1.0870,0.1140
1979-07-27,1.1750,0.1790
1979-08-03,1.2670,0.2540
1979-08-10,1.3670,0.3380
1979-08-17,1.4730,0.4330
1979-08-24,1.5870,0.5480
1979-08-31,1.7070,0.6910
1979-09-07,1.8310,0.8630
1979-09-14,1.9570,1.0590
1979-09-21,2.0810,1.2620
1979-09-28,2.1980,1.4530
1979-10-05,2.3050,1.6220
1979-10-12,2.3950,1.7640
1979-10-19,2.4640,1.8790
1979-10-26,2.5080,1.9650
1979-11-02,2.5240,2.0170
1979-11-09,2.5100,2.0180
1979-11-16,2.4660,1.9630
1979-11-23,2.3970,1.8550
1979-11-30,2.3060,1.7130
1979-12-07,2.2020,1.5630
1979-12-14,2.0920,1.4320
1979-12-21,1.9860,1.3330
1979-12-28,1.8910,1.2560
1980-01-04,1.8150,1.1870
1980-01-11,1.7680,1.1150
1980-01-18,1.7570,1.0410
1980-01-25,1.7910,0.9850
1980-02-01,1.8750,0.9800
1980-02-08,2.0100,1.0530
1980-02-15,2.1970,1.2160
1980-02-22,2.4290,1.4660
1980-02-29,2.6970,1.7830
1980-03-07,2.9830,2.1390
1980-03-14,3.2700,2.5170
1980-03-21,3.5350,2.8890
1980-03-28,3.7570,3.2250
1980-04-04,3.9200,3.5000
1980-04-11,4.0090,3.6690
1980-04-18,4.0170,3.7070
1980-04-25,3.9450,3.6100
1980-05-02,3.7980,3.4020
1980-05-09,3.5870,3.1280
1980-05-16,3.3270,2.8450
1980-05-23,3.0330,2.5880
1980-05-30,2.7190,2.3580
1980-06-06,2.4010,2.1410
1980-06-13,2.0870,1.9060
1980-06-20,1.7880,1.6320
1980-06-27,1.5150,1.3340
1980-07-04,1.2770,1.0460
1980-07-11,1.0810,0.8010
1980-07-18,0.9330,0.6320
1980-07-25,0.8330,0.5380
1980-08-01,0.7780,0.5050
1980-08-08,0.7640,0.5160
1980-08-15,0.7820,0.5530
1980-08-22,0.8220,0.6050
1980-08-29,0.8830,0.6810
1980-09-05,0.9560,0.7730
1980-09-12,1.0360,0.8560
1980-09-19,1.1250,0.9210
1980-09-26,1.2250,0.9530
1980-10-03,1.3390,0.9560
1980-10-10,1.4670,0.9460
1980-10-17,1.6210,0.9640
1980-10-24,1.7960,1.0240
1980-10-31,1.9960,1.1460
1980-11-07,2.2150,1.3220
1980-11-14,2.4420,1.5320
1980-11-21,2.6690,1.7660
1980-11-28,2.8860,2.0130
1980-12-05,3.0710,2.2410
1980-12-12,3.2120,2.4330
1980-12-19,3.3050,2.5770
1980-12-26,3.3300,2.6160
1981-01-02,3.2970,2.5500
1981-01-09,3.2060,2.3750
1981-01-16,3.0700,2.1240
1981-01-23,2.8990,1.8380
1981-01-30,2.7070,1.5660
1981-02-06,2.5060,1.3280
1981-02-13,2.3100,1.1400
1981-02-20,2.1320,0.9920
1981-02-27,1.9730,0.8560
1981-03-06,1.8450,0.7390
1981-03-13,1.7510,0.6500
1981-03-20,1.6920,0.6020
1981-03-27,1.6720,0.6120
1981-04-03,1.6890,0.6780
1981-04-10,1.7390,0.7730
1981-04-17,1.8240,0.8830
1981-04-24,1.9320,0.9790
1981-05-01,2.0610,1.0670
1981-05-08,2.2090,1.1740
1981-05-15,2.3700,1.3200
1981-05-22,2.5370,1.5140
1981-05-29,2.7110,1.7630
1981-06-05,2.8800,2.0310
1981-06-12,3.0450,2.3010
1981-06-19,3.1940,2.5480
1981-06-26,3.3220,2.7650
1981-07-03,3.4240,2.9520
1981-07-10,3.4960,3.1090
1981-07-17,3.5370,3.2260
1981-07-24,3.5460,3.2830
1981-07-31,3.5290,3.2790
1981-08-07,3.4870,3.2130
1981-08-14,3.4260,3.1140
1981-08-21,3.3530,3.0170
1981-08-28,3.2760,2.9500
1981-09-04,3.1980,2.9150
1981-09-11,3.1260,2.9030
1981-09-18,3.0580,2.8830
1981-09-25,2.9960,2.8430
1981-10-02,2.9400,2.7940
1981-10-09,2.8850,2.7440
1981-10-16,2.8310,2.7160
1981-10-23,2.7760,2.7110
1981-10-30,2.7160,2.7080
1981-11-06,2.6470,2.6750
1981-11-13,2.5690,2.6010
1981-11-20,2.4840,2.4900
1981-11-27,2.3960,2.3750
1981-12-04,2.3090,2.2910
1981-12-11,2.2270,2.2530
1981-12-18,2.1490,2.2480
1981-12-25,2.0800,2.2530
1982-01-01,2.0180,2.2300
1982-01-08,1.9670,2.1720
1982-01-15,1.9320,2.0990
1982-01-22,1.9130,2.0380
1982-01-29,1.9120,2.0260
1982-02-05,1.9240,2.0610
1982-02-12,1.9480,2.1310
1982-02-19,1.9790,2.2040
1982-02-26,2.0130,2.2520
1982-03-05,2.0430,2.2580
1982-03-12,2.0700,2.2380
1982-03-19,2.0930,2.2180
1982-03-26,2.1140,2.2140
1982-04-02,2.1330,2.2280
1982-04-09,2.1560,2.2580
1982-04-16,2.1840,2.2930
1982-04-23,2.2210,2.3250
1982-04-30,2.2700,2.3700
1982-05-07,2.3340,2.4470
1982-05-14,2.4130,2.5750
1982-05-21,2.5060,2.7610
1982-05-28,2.6040,2.9830
1982-06-04,2.7010,3.2080
1982-06-11,2.7920,3.4070
1982-06-18,2.8700,3.5450
1982-06-25,2.9290,3.6060
1982-07-02,2.9680,3.5960
1982-07-09,2.9930,3.5360
1982-07-16,3.0100,3.4440
1982-07-23,3.0290,3.3580
1982-07-30,3.0620,3.3010
1982-08-06,3.1140,3.3050
1982-08-13,3.1870,3.3880
1982-08-20,3.2730,3.5540
1982-08-27,3.3610,3.7930
1982-09-03,3.4350,4.0670
1982-09-10,3.4760,4.3140
1982-09-17,3.4680,4.4700
1982-09-24,3.3950,4.4750
1982-10-01,3.2510,4.3020
1982-10-08,3.0400,3.9660
1982-10-15,2.7760,3.5140
1982-10-22,2.4780,3.0170
1982-10-29,2.1680,2.5400
1982-11-05,1.8670,2.1340
1982-11-12,1.5900,1.8220
1982-11-19,1.3460,1.6090
1982-11-26,1.1410,1.4840
1982-12-03,0.9720,1.4230
1982-12-10,0.8350,1.3970
1982-12-17,0.7230,1.3790
1982-12-24,0.6260,1.3410
1982-12-31,0.5390,1.2680
1983-01-07,0.4580,1.1600
1983-01-14,0.3820,1.0300
1983-01-21,0.3110,0.8970
1983-01-28,0.2450,0.7800
1983-02-04,0.1870,0.6870
1983-02-11,0.1380,0.6160
1983-02-18,0.0990,0.5610
1983-02-25,0.0700,0.5170
1983-03-04,0.0480,0.4790
1983-03-11,0.0340,0.4550
1983-03-18,0.0240,0.4480
1983-03-25,0.0140,0.4500
1983-04-01,0.0030,0.4520
1983-04-08,-0.0130,0.4360
1983-04-15,-0.0340,0.3910
1983-04-22,-0.0600,0.3150
1983-04-29,-0.0900,0.2190
1983-05-06,-0.1210,0.1200
1983-05-13,-0.1480,0.0350
1983-05-20,-0.1710,-0.0300
1983-05-27,-0.1870,-0.0790
1983-06-03,-0.1940,-0.1140
1983-06-10,-0.1930,-0.1420
1983-06-17,-0.1850,-0.1620
1983-06-24,-0.1710,-0.1710
1983-07-01,-0.1530,-0.1630
1983-07-08,-0.1340,-0.1440
1983-07-15,-0.1140,-0.1210
1983-07-22,-0.0980,-0.1060
1983-07-29,-0.0850,-0.1050
1983-08-05,-0.0780,-0.1200
1983-08-12,-0.0750,-0.1410
1983-08-19,-0.0770,-0.1640
1983-08-26,-0.0820,-0.1820
1983-09-02,-0.0880,-0.1990
1983-09-09,-0.0920,-0.2220
1983-09-16,-0.0940,-0.2540
1983-09-23,-0.0900,-0.2890
1983-09-30,-0.0810,-0.3210
1983-10-07,-0.0650,-0.3390
1983-10-14,-0.0440,-0.3350
1983-10-21,-0.0170,-0.3120
1983-10-28,0.0100,-0.2810
1983-11-04,0.0380,-0.2480
1983-11-11,0.0630,-0.2180
1983-11-18,0.0850,-0.1880
1983-11-25,0.1000,-0.1490
1983-12-02,0.1090,-0.1030
1983-12-09,0.1100,-0.0530
1983-12-16,0.1030,-0.0150
1983-12-23,0.0860,-0.0030
1983-12-30,0.0600,-0.0280
1984-01-06,0.0260,-0.0840
1984-01-13,-0.0130,-0.1600
1984-01-20,-0.0550,-0.2420
1984-01-27,-0.0950,-0.3180
1984-02-03,-0.1320,-0.3830
1984-02-10,-0.1620,-0.4360
1984-02-17,-0.1830,-0.4760
1984-02-24,-0.1930,-0.5020
1984-03-02,-0.1910,-0.5080
1984-03-09,-0.1740,-0.4900
1984-03-16,-0.1420,-0.4500
1984-03-23,-0.0940,-0.3930
1984-03-30,-0.0290,-0.3240
1984-04-06,0.0530,-0.2450
1984-04-13,0.1500,-0.1530
1984-04-20,0.2610,-0.0420
1984-04-27,0.3820,0.0940
1984-05-04,0.5110,0.2490
1984-05-11,0.6420,0.4150
1984-05-18,0.7710,0.5770
1984-05-25,0.8910,0.7260
1984-06-01,0.9980,0.8620
1984-06-08,1.0870,0.9840
1984-06-15,1.1560,1.0960
1984-06-22,1.2000,1.1890
1984-06-29,1.2170,1.2470
1984-07-06,1.2040,1.2530
1984-07-13,1.1620,1.1960
1984-07-20,1.0980,1.0850
1984-07-27,1.0160,0.9410
1984-08-03,0.9250,0.7930
1984-08-10,0.8320,0.6650
1984-08-17,0.7410,0.5710
1984-08-24,0.6560,0.5070
1984-08-31,0.5780,0.4640
1984-09-07,0.5070,0.4310
1984-09-14,0.4430,0.3960
1984-09-21,0.3830,0.3560
1984-09-28,0.3250,0.3100
1984-10-05,0.2680,0.2610
1984-10-12,0.2130,0.2080
1984-10-19,0.1590,0.1510
1984-10-26,0.1070,0.0920
1984-11-02,0.0580,0.0310
1984-11-09,0.0120,-0.0300
1984-11-16,-0.0330,-0.0850
1984-11-23,-0.0760,-0.1320
1984-11-30,-0.1180,-0.1690
1984-12-07,-0.1590,-0.1980
1984-12-14,-0.2000,-0.2250
1984-12-21,-0.2410,-0.2560
1984-12-28,-0.2810,-0.2930
1985-01-04,-0.3180,-0.3360
1985-01-11,-0.3500,-0.3780
1985-01-18,-0.3730,-0.4100
1985-01-25,-0.3870,-0.4280
1985-02-01,-0.3900,-0.4280
1985-02-08,-0.3830,-0.4130
1985-02-15,-0.3680,-0.3880
1985-02-22,-0.3480,-0.3590
1985-03-01,-0.3260,-0.3270
1985-03-08,-0.3040,-0.2970
1985-03-15,-0.2860,-0.2690
1985-03-22,-0.2730,-0.2470
1985-03-29,-0.2690,-0.2340
1985-04-05,-0.2730,-0.2380
1985-04-12,-0.2860,-0.2600
1985-04-19,-0.3070,-0.3000
1985-04-26,-0.3330,-0.3510
1985-05-03,-0.3630,-0.4050
1985-05-10,-0.3930,-0.4540
1985-05-17,-0.4210,-0.4860
1985-05-24,-0.4430,-0.4990
1985-05-31,-0.4590,-0.4900
1985-06-07,-0.4670,-0.4570
1985-06-14,-0.4650,-0.4040
1985-06-21,-0.4560,-0.3380
1985-06-28,-0.4380,-0.2640
1985-07-05,-0.4140,-0.1900
1985-07-12,-0.3850,-0.1230
1985-07-19,-0.3520,-0.0630
1985-07-26,-0.3150,-0.0060
1985-08-02,-0.2770,0.0490
1985-08-09,-0.2380,0.1050
1985-08-16,-0.2020,0.1620
1985-08-23,-0.1700,0.2160
1985-08-30,-0.1440,0.2630
1985-09-06,-0.1270,0.2980
1985-09-13,-0.1200,0.3170
1985-09-20,-0.1250,0.3190
1985-09-27,-0.1410,0.3040
1985-10-04,-0.1670,0.2690
1985-10-11,-0.1990,0.2190
1985-10-18,-0.2340,0.1570
1985-10-25,-0.2680,0.0940
1985-11-01,-0.2980,0.0420
1985-11-08,-0.3200,0.0100
1985-11-15,-0.3330,0.0040
1985-11-22,-0.3350,0.0240
1985-11-29,-0.3290,0.0600
1985-12-06,-0.3160,0.1010
1985-12-13,-0.2990,0.1360
1985-12-20,-0.2810,0.1570
1985-12-27,-0.2650,0.1650
1986-01-03,-0.2530,0.1590
1986-01-10,-0.2470,0.1410
1986-01-17,-0.2450,0.1100
1986-01-24,-0.2490,0.0680
1986-01-31,-0.2580,0.0130
1986-02-07,-0.2680,-0.0450
1986-02-14,-0.2790,-0.0940
1986-02-21,-0.2890,-0.1230
1986-02-28,-0.2970,-0.1260
1986-03-07,-0.3040,-0.1050
1986-03-14,-0.3120,-0.0730
1986-03-21,-0.3210,-0.0450
1986-03-28,-0.3330,-0.0310
1986-04-04,-0.3510,-0.0370
1986-04-11,-0.3720,-0.0570
1986-04-18,-0.3950,-0.0800
1986-04-25,-0.4190,-0.0980
1986-05-02,-0.4410,-0.1020
1986-05-09,-0.4590,-0.0900
1986-05-16,-0.4700,-0.0650
1986-05-23,-0.4750,-0.0260
1986-05-30,-0.4730,0.0240
1986-06-06,-0.4670,0.0830
1986-06-13,-0.4570,0.1460
1986-06-20,-0.4480,0.2030
1986-06-27,-0.4420,0.2430
1986-07-04,-0.4440,0.2600
1986-07-11,-0.4520,0.2520
1986-07-18,-0.4680,0.2180
1986-07-25,-0.4910,0.1670
1986-08-01,-0.5160,0.1060
1986-08-08,-0.5410,0.0450
1986-08-15,-0.5630,-0.0090
1986-08-22,-0.5790,-0.0460
1986-08-29,-0.5860,-0.0610
1986-09-05,-0.5840,-0.0530
1986-09-12,-0.5750,-0.0250
1986-09-19,-0.5630,0.0090
1986-09-26,-0.5500,0.0370
1986-10-03,-0.5390,0.0490
1986-10-10,-0.5330,0.0400
1986-10-17,-0.5320,0.0090
1986-10-24,-0.5350,-0.0320
1986-10-31,-0.5400,-0.0770
1986-11-07,-0.5460,-0.1190
1986-11-14,-0.5510,-0.1500
1986-11-21,-0.5520,-0.1650
1986-11-28,-0.5500,-0.1630
1986-12-05,-0.5440,-0.1410
1986-12-12,-0.5340,-0.1060
1986-12-19,-0.5220,-0.0610
1986-12-26,-0.5100,-0.0170
1987-01-02,-0.5000,0.0110
1987-01-09,-0.4920,0.0200
1987-01-16,-0.4880,0.0080
1987-01-23,-0.4860,-0.0200
1987-01-30,-0.4840,-0.0560
1987-02-06,-0.4820,-0.0920
1987-02-13,-0.4740,-0.1240
1987-02-20,-0.4590,-0.1490
1987-02-27,-0.4330,-0.1680
1987-03-06,-0.3940,-0.1740
1987-03-13,-0.3380,-0.1560
1987-03-20,-0.2630,-0.1030
1987-03-27,-0.1700,-0.0100
1987-04-03,-0.0600,0.1220
1987-04-10,0.0610,0.2860
1987-04-17,0.1880,0.4720
1987-04-24,0.3110,0.6650
1987-05-01,0.4200,0.8490
1987-05-08,0.5110,1.0160
1987-05-15,0.5770,1.1440
1987-05-22,0.6160,1.2250
1987-05-29,0.6240,1.2430
1987-06-05,0.6050,1.2050
1987-06-12,0.5630,1.1260
1987-06-19,0.5010,1.0220
1987-06-26,0.4270,0.9130
1987-07-03,0.3470,0.8080
1987-07-10,0.2660,0.7040
1987-07-17,0.1870,0.5910
1987-07-24,0.1140,0.4680
1987-07-31,0.0530,0.3440
1987-08-07,0.0100,0.2400
1987-08-14,-0.0110,0.1730
1987-08-21,0.0000,0.1610
1987-08-28,0.0430,0.2030
1987-09-04,0.1200,0.2970
1987-09-11,0.2250,0.4290
1987-09-18,0.3530,0.5980
1987-09-25,0.4950,0.8030
1987-10-02,0.6450,1.0400
1987-10-09,0.7900,1.2830
1987-10-16,0.9200,1.4980
1987-10-23,1.0270,1.6550
1987-10-30,1.1040,1.7260
1987-11-06,1.1450,1.7150
1987-11-13,1.1570,1.6570
1987-11-20,1.1450,1.5890
1987-11-27,1.1130,1.5320
1987-12-04,1.0650,1.4940
1987-12-11,1.0000,1.4510
1987-12-18,0.9240,1.3900
1987-12-25,0.8360,1.2920
1988-01-01,0.7420,1.1640
1988-01-08,0.6440,1.0220
1988-01-15,0.5480,0.8880
1988-01-22,0.4540,0.7670
1988-01-29,0.3670,0.6600
1988-02-05,0.2890,0.5620
1988-02-12,0.2240,0.4690
1988-02-19,0.1740,0.3860
1988-02-26,0.1380,0.3210
1988-03-04,0.1180,0.2830
1988-03-11,0.1120,0.2770
1988-03-18,0.1190,0.3010
1988-03-25,0.1360,0.3410
1988-04-01,0.1600,0.3880
1988-04-08,0.1890,0.4360
1988-04-15,0.2150,0.4770
1988-04-22,0.2370,0.5110
1988-04-29,0.2510,0.5350
1988-05-06,0.2580,0.5470
1988-05-13,0.2610,0.5500
1988-05-20,0.2600,0.5420
1988-05-27,0.2600,0.5310
1988-06-03,0.2630,0.5270
1988-06-10,0.2710,0.5330
1988-06-17,0.2850,0.5540
1988-06-24,0.3070,0.5870
1988-07-01,0.3340,0.6270
1988-07-08,0.3640,0.6640
1988-07-15,0.3920,0.6970
1988-07-22,0.4170,0.7230
1988-07-29,0.4330,0.7380
1988-08-05,0.4400,0.7410
1988-08-12,0.4370,0.7250
1988-08-19,0.4240,0.6860
1988-08-26,0.4020,0.6220
1988-09-02,0.3740,0.5440
1988-09-09,0.3420,0.4600
1988-09-16,0.3100,0.3870
1988-09-23,0.2820,0.3320
1988-09-30,0.2570,0.2950
1988-10-07,0.2360,0.2680
1988-10-14,0.2180,0.2430
1988-10-21,0.2020,0.2150
1988-10-28,0.1890,0.1870
1988-11-04,0.1780,0.1650
1988-11-11,0.1690,0.1540
1988-11-18,0.1630,0.1540
1988-11-25,0.1580,0.1600
1988-12-02,0.1540,0.1660
1988-12-09,0.1500,0.1670
1988-12-16,0.1470,0.1610
1988-12-23,0.1450,0.1550
1988-12-30,0.1440,0.1530
1989-01-06,0.1460,0.1570
1989-01-13,0.1530,0.1670
1989-01-20,0.1670,0.1810
1989-01-27,0.1900,0.2030
1989-02-03,0.2270,0.2430
1989-02-10,0.2770,0.3090
1989-02-17,0.3400,0.4090
1989-02-24,0.4120,0.5390
1989-03-03,0.4900,0.6880
1989-03-10,0.5650,0.8340
1989-03-17,0.6340,0.9590
1989-03-24,0.6870,1.0470
1989-03-31,0.7200,1.0930
1989-04-07,0.7300,1.1000
1989-04-14,0.7150,1.0710
1989-04-21,0.6770,1.0080
1989-04-28,0.6230,0.9180
1989-05-05,0.5560,0.8020
1989-05-12,0.4880,0.6740
1989-05-19,0.4220,0.5480
1989-05-26,0.3660,0.4450
1989-06-02,0.3240,0.3800
1989-06-09,0.2960,0.3560
1989-06-16,0.2780,0.3650
1989-06-23,0.2680,0.3840
1989-06-30,0.2590,0.3910
1989-07-07,0.2490,0.3710
1989-07-14,0.2360,0.3220
1989-07-21,0.2220,0.2590
1989-07-28,0.2100,0.2030
1989-08-04,0.2030,0.1700
1989-08-11,0.2060,0.1730
1989-08-18,0.2180,0.2120
1989-08-25,0.2400,0.2790
1989-09-01,0.2710,0.3620
1989-09-08,0.3050,0.4520
1989-09-15,0.3390,0.5390
1989-09-22,0.3660,0.6110
1989-09-29,0.3820,0.6630
1989-10-06,0.3860,0.6850
1989-10-13,0.3730,0.6690
1989-10-20,0.3450,0.6190
1989-10-27,0.3040,0.5420
1989-11-03,0.2540,0.4530
1989-11-10,0.2010,0.3670
1989-11-17,0.1490,0.2930
1989-11-24,0.1040,0.2370
1989-12-01,0.0670,0.1970
1989-12-08,0.0410,0.1670
1989-12-15,0.0270,0.1460
1989-12-22,0.0230,0.1330
1989-12-29,0.0280,0.1250
1990-01-05,0.0370,0.1240
1990-01-12,0.0490,0.1240
1990-01-19,0.0590,0.1190
1990-01-26,0.0670,0.1030
1990-02-02,0.0690,0.0730
1990-02-09,0.0660,0.0320
1990-02-16,0.0600,-0.0140
1990-02-23,0.0540,-0.0580
1990-03-02,0.0490,-0.0930
1990-03-09,0.0490,-0.1170
1990-03-16,0.0540,-0.1270
1990-03-23,0.0650,-0.1250
1990-03-30,0.0800,-0.1100
1990-04-06,0.0960,-0.0830
1990-04-13,0.1080,-0.0490
1990-04-20,0.1150,-0.0140
1990-04-27,0.1120,0.0090
1990-05-04,0.0970,0.0110
1990-05-11,0.0720,-0.0130
1990-05-18,0.0370,-0.0600
1990-05-25,-0.0040,-0.1190
1990-06-01,-0.0470,-0.1770
1990-06-08,-0.0870,-0.2230
1990-06-15,-0.1210,-0.2540
1990-06-22,-0.1440,-0.2700
1990-06-29,-0.1540,-0.2740
1990-07-06,-0.1510,-0.2660
1990-07-13,-0.1350,-0.2440
1990-07-20,-0.1080,-0.2040
1990-07-27,-0.0720,-0.1470
1990-08-03,-0.0270,-0.0760
1990-08-10,0.0230,-0.0030
1990-08-17,0.0760,0.0640
1990-08-24,0.1320,0.1260
1990-08-31,0.1860,0.1870
1990-09-07,0.2400,0.2570
1990-09-14,0.2910,0.3390
1990-09-21,0.3390,0.4310
1990-09-28,0.3820,0.5200
1990-10-05,0.4150,0.5840
1990-10-12,0.4380,0.6150
1990-10-19,0.4520,0.6150
1990-10-26,0.4570,0.5920
1990-11-02,0.4580,0.5650
1990-11-09,0.4570,0.5460
1990-11-16,0.4570,0.5400
1990-11-23,0.4620,0.5460
1990-11-30,0.4720,0.5650
1990-12-07,0.4850,0.5920
1990-12-14,0.5000,0.6300
1990-12-21,0.5140,0.6820
1990-12-28,0.5210,0.7330
1991-01-04,0.5130,0.7620
1991-01-11,0.4920,0.7580
1991-01-18,0.4520,0.7030
1991-01-25,0.3940,0.5980
1991-02-01,0.3260,0.4680
1991-02-08,0.2510,0.3370
1991-02-15,0.1750,0.2270
1991-02-22,0.1040,0.1490
1991-03-01,0.0390,0.0970
1991-03-08,-0.0180,0.0570
1991-03-15,-0.0690,0.0180
1991-03-22,-0.1110,-0.0250
1991-03-29,-0.1470,-0.0680
1991-04-05,-0.1760,-0.1020
1991-04-12,-0.2000,-0.1230
1991-04-19,-0.2190,-0.1340
1991-04-26,-0.2320,-0.1370
1991-05-03,-0.2410,-0.1390
1991-05-10,-0.2440,-0.1430
1991-05-17,-0.2430,-0.1440
1991-05-24,-0.2390,-0.1380
1991-05-31,-0.2340,-0.1250
1991-06-07,-0.2330,-0.1110
1991-06-14,-0.2360,-0.1070
1991-06-21,-0.2480,-0.1240
1991-06-28,-0.2680,-0.1670
1991-07-05,-0.2970,-0.2350
1991-07-12,-0.3330,-0.3160
1991-07-19,-0.3730,-0.3960
1991-07-26,-0.4130,-0.4630
1991-08-02,-0.4500,-0.5110
1991-08-09,-0.4830,-0.5420
1991-08-16,-0.5080,-0.5620
1991-08-23,-0.5260,-0.5760
1991-08-30,-0.5390,-0.5880
1991-09-06,-0.5470,-0.5960
1991-09-13,-0.5530,-0.6020
1991-09-20,-0.5560,-0.6010
1991-09-27,-0.5600,-0.5970
1991-10-04,-0.5630,-0.5940
1991-10-11,-0.5670,-0.5960
1991-10-18,-0.5730,-0.6050
1991-10-25,-0.5800,-0.6160
1991-11-01,-0.5890,-0.6270
1991-11-08,-0.5980,-0.6340
1991-11-15,-0.6080,-0.6350
1991-11-22,-0.6180,-0.6370
1991-11-29,-0.6280,-0.6440
1991-12-06,-0.6380,-0.6610
1991-12-13,-0.6480,-0.6870
1991-12-20,-0.6560,-0.7120
1991-12-27,-0.6620,-0.7310
1992-01-03,-0.6640,-0.7370
1992-01-10,-0.6650,-0.7310
1992-01-17,-0.6620,-0.7170
1992-01-24,-0.6580,-0.7050
1992-01-31,-0.6560,-0.7010
1992-02-07,-0.6530,-0.7050
1992-02-14,-0.6520,-0.7120
1992-02-21,-0.6520,-0.7170
1992-02-28,-0.6530,-0.7180
1992-03-06,-0.6560,-0.7170
1992-03-13,-0.6610,-0.7170
1992-03-20,-0.6700,-0.7240
1992-03-27,-0.6820,-0.7420
1992-04-03,-0.6970,-0.7660
1992-04-10,-0.7160,-0.7940
1992-04-17,-0.7370,-0.8220
1992-04-24,-0.7600,-0.8470
1992-05-01,-0.7820,-0.8710
1992-05-08,-0.8040,-0.8920
1992-05-15,-0.8240,-0.9110
1992-05-22,-0.8420,-0.9280
1992-05-29,-0.8590,-0.9390
1992-06-05,-0.8730,-0.9460
1992-06-12,-0.8880,-0.9520
1992-06-19,-0.9010,-0.9600
1992-06-26,-0.9130,-0.9720
1992-07-03,-0.9240,-0.9880
1992-07-10,-0.9310,-1.0030
1992-07-17,-0.9360,-1.0130
1992-07-24,-0.9370,-1.0130
1992-07-31,-0.9350,-1.0030
1992-08-07,-0.9300,-0.9870
1992-08-14,-0.9230,-0.9690
1992-08-21,-0.9120,-0.9530
1992-08-28,-0.8970,-0.9390
1992-09-04,-0.8790,-0.9230
1992-09-11,-0.8580,-0.9000
1992-09-18,-0.8320,-0.8660
1992-09-25,-0.8030,-0.8220
1992-10-02,-0.7720,-0.7730
1992-10-09,-0.7420,-0.7270
1992-10-16,-0.7150,-0.6870
1992-10-23,-0.6940,-0.6570
1992-10-30,-0.6810,-0.6370
1992-11-06,-0.6800,-0.6290
1992-11-13,-0.6880,-0.6320
1992-11-20,-0.7060,-0.6540
1992-11-27,-0.7340,-0.6960
1992-12-04,-0.7690,-0.7590
1992-12-11,-0.8070,-0.8340
1992-12-18,-0.8450,-0.9090
1992-12-25,-0.8800,-0.9730
1993-01-01,-0.9080,-1.0190
1993-01-08,-0.9290,-1.0440
1993-01-15,-0.9440,-1.0550
1993-01-22,-0.9530,-1.0580
1993-01-29,-0.9560,-1.0560
1993-02-05,-0.9570,-1.0540
1993-02-12,-0.9560,-1.0500
1993-02-19,-0.9540,-1.0430
1993-02-26,-0.9550,-1.0370
1993-03-05,-0.9570,-1.0310
1993-03-12,-0.9610,-1.0270
1993-03-19,-0.9670,-1.0260
1993-03-26,-0.9740,-1.0260
1993-04-02,-0.9810,-1.0260
1993-04-09,-0.9870,-1.0270
1993-04-16,-0.9920,-1.0270
1993-04-23,-0.9930,-1.0280
1993-04-30,-0.9930,-1.0340
1993-05-07,-0.9900,-1.0400
1993-05-14,-0.9850,-1.0450
1993-05-21,-0.9820,-1.0490
1993-05-28,-0.9810,-1.0520
1993-06-04,-0.9830,-1.0560
1993-06-11,-0.9910,-1.0650
1993-06-18,-1.0030,-1.0800
1993-06-25,-1.0190,-1.1010
1993-07-02,-1.0360,-1.1240
1993-07-09,-1.0530,-1.1440
1993-07-16,-1.0690,-1.1580
1993-07-23,-1.0820,-1.1670
1993-07-30,-1.0900,-1.1690
1993-08-06,-1.0950,-1.1700
1993-08-13,-1.0960,-1.1710
1993-08-20,-1.0940,-1.1730
1993-08-27,-1.0900,-1.1710
1993-09-03,-1.0830,-1.1650
1993-09-10,-1.0740,-1.1510
1993-09-17,-1.0630,-1.1320
1993-09-24,-1.0500,-1.1100
1993-10-01,-1.0350,-1.0880
1993-10-08,-1.0190,-1.0680
1993-10-15,-1.0010,-1.0500
1993-10-22,-0.9830,-1.0310
1993-10-29,-0.9650,-1.0110
1993-11-05,-0.9500,-0.9910
1993-11-12,-0.9400,-0.9770
1993-11-19,-0.9350,-0.9730
1993-11-26,-0.9370,-0.9810
1993-12-03,-0.9450,-1.0020
1993-12-10,-0.9580,-1.0280
1993-12-17,-0.9740,-1.0530
1993-12-24,-0.9890,-1.0720
1993-12-31,-1.0030,-1.0810
1994-01-07,-1.0130,-1.0800
1994-01-14,-1.0190,-1.0740
1994-01-21,-1.0180,-1.0620
1994-01-28,-1.0110,-1.0470
1994-02-04,-0.9970,-1.0260
1994-02-11,-0.9760,-0.9970
1994-02-18,-0.9490,-0.9590
1994-02-25,-0.9180,-0.9140
1994-03-04,-0.8850,-0.8620
1994-03-11,-0.8510,-0.8110
1994-03-18,-0.8180,-0.7650
1994-03-25,-0.7890,-0.7260
1994-04-01,-0.7630,-0.6950
1994-04-08,-0.7440,-0.6740
1994-04-15,-0.7310,-0.6570
1994-04-22,-0.7230,-0.6430
1994-04-29,-0.7200,-0.6340
1994-05-06,-0.7180,-0.6280
1994-05-13,-0.7180,-0.6270
1994-05-20,-0.7190,-0.6330
1994-05-27,-0.7200,-0.6380
1994-06-03,-0.7190,-0.6370
1994-06-10,-0.7180,-0.6300
1994-06-17,-0.7160,-0.6150
1994-06-24,-0.7160,-0.6000
1994-07-01,-0.7170,-0.5910
1994-07-08,-0.7240,-0.5980
1994-07-15,-0.7360,-0.6220
1994-07-22,-0.7520,-0.6590
1994-07-29,-0.7700,-0.7020
1994-08-05,-0.7860,-0.7450
1994-08-12,-0.8000,-0.7810
1994-08-19,-0.8070,-0.8050
1994-08-26,-0.8060,-0.8130
1994-09-02,-0.7960,-0.8040
1994-09-09,-0.7780,-0.7750
1994-09-16,-0.7530,-0.7270
1994-09-23,-0.7240,-0.6690
1994-09-30,-0.6940,-0.6080
1994-10-07,-0.6660,-0.5570
1994-10-14,-0.6410,-0.5200
1994-10-21,-0.6200,-0.4990
1994-10-28,-0.6000,-0.4880
1994-11-04,-0.5800,-0.4790
1994-11-11,-0.5570,-0.4650
1994-11-18,-0.5310,-0.4400
1994-11-25,-0.5020,-0.4030
1994-12-02,-0.4720,-0.3590
1994-12-09,-0.4430,-0.3120
1994-12-16,-0.4210,-0.2710
1994-12-23,-0.4070,-0.2440
1994-12-30,-0.4050,-0.2380
1995-01-06,-0.4160,-0.2550
1995-01-13,-0.4380,-0.2950
1995-01-20,-0.4690,-0.3510
1995-01-27,-0.5040,-0.4150
1995-02-03,-0.5410,-0.4760
1995-02-10,-0.5740,-0.5270
1995-02-17,-0.6010,-0.5610
1995-02-24,-0.6210,-0.5780
1995-03-03,-0.6330,-0.5810
1995-03-10,-0.6380,-0.5740
1995-03-17,-0.6400,-0.5640
1995-03-24,-0.6390,-0.5520
1995-03-31,-0.6390,-0.5440
1995-04-07,-0.6410,-0.5430
1995-04-14,-0.6480,-0.5500
1995-04-21,-0.6590,-0.5680
1995-04-28,-0.6720,-0.5970
1995-05-05,-0.6860,-0.6310
1995-05-12,-0.6990,-0.6670
1995-05-19,-0.7080,-0.6940
1995-05-26,-0.7110,-0.7060
1995-06-02,-0.7080,-0.7020
1995-06-09,-0.7010,-0.6860
1995-06-16,-0.6910,-0.6620
1995-06-23,-0.6800,-0.6420
1995-06-30,-0.6720,-0.6290
1995-07-07,-0.6670,-0.6270
1995-07-14,-0.6680,-0.6340
1995-07-21,-0.6720,-0.6460
1995-07-28,-0.6800,-0.6590
1995-08-04,-0.6890,-0.6720
1995-08-11,-0.6980,-0.6830
1995-08-18,-0.7060,-0.6900
1995-08-25,-0.7110,-0.6910
1995-09-01,-0.7130,-0.6840
1995-09-08,-0.7110,-0.6700
1995-09-15,-0.7070,-0.6520
1995-09-22,-0.7020,-0.6330
1995-09-29,-0.6970,-0.6180
1995-10-06,-0.6960,-0.6130
1995-10-13,-0.6980,-0.6170
1995-10-20,-0.7040,-0.6320
1995-10-27,-0.7130,-0.6530
1995-11-03,-0.7250,-0.6780
1995-11-10,-0.7370,-0.7030
1995-11-17,-0.7460,-0.7200
1995-11-24,-0.7520,-0.7260
1995-12-01,-0.7530,-0.7210
1995-12-08,-0.7510,-0.7030
1995-12-15,-0.7470,-0.6770
1995-12-22,-0.7440,-0.6500
1995-12-29,-0.7440,-0.6310
1996-01-05,-0.7500,-0.6290
1996-01-12,-0.7600,-0.6450
1996-01-19,-0.7750,-0.6780
1996-01-26,-0.7930,-0.7210
1996-02-02,-0.8090,-0.7620
1996-02-09,-0.8200,-0.7900
1996-02-16,-0.8240,-0.8020
1996-02-23,-0.8200,-0.7960
1996-03-01,-0.8060,-0.7730
1996-03-08,-0.7870,-0.7430
1996-03-15,-0.7630,-0.7060
1996-03-22,-0.7400,-0.6690
1996-03-29,-0.7190,-0.6320
1996-04-05,-0.7010,-0.5990
1996-04-12,-0.6890,-0.5750
1996-04-19,-0.6840,-0.5650
1996-04-26,-0.6850,-0.5720
1996-05-03,-0.6910,-0.5940
1996-05-10,-0.6990,-0.6250
1996-05-17,-0.7080,-0.6550
1996-05-24,-0.7140,-0.6780
1996-05-31,-0.7160,-0.6880
1996-06-07,-0.7140,-0.6860
1996-06-14,-0.7100,-0.6760
1996-06-21,-0.7050,-0.6630
1996-06-28,-0.7000,-0.6520
1996-07-05,-0.6980,-0.6450
1996-07-12,-0.6980,-0.6440
1996-07-19,-0.7030,-0.6500
1996-07-26,-0.7110,-0.6610
1996-08-02,-0.7200,-0.6750
1996-08-09,-0.7310,-0.6910
1996-08-16,-0.7390,-0.7020
1996-08-23,-0.7440,-0.7050
1996-08-30,-0.7440,-0.6970
1996-09-06,-0.7400,-0.6800
1996-09-13,-0.7360,-0.6600
1996-09-20,-0.7330,-0.6440
1996-09-27,-0.7320,-0.6380
1996-10-04,-0.7350,-0.6470
1996-10-11,-0.7420,-0.6720
1996-10-18,-0.7530,-0.7090
1996-10-25,-0.7640,-0.7510
1996-11-01,-0.7750,-0.7920
1996-11-08,-0.7830,-0.8210
1996-11-15,-0.7850,-0.8320
1996-11-22,-0.7810,-0.8260
1996-11-29,-0.7700,-0.8030
1996-12-06,-0.7550,-0.7720
1996-12-13,-0.7370,-0.7400
1996-12-20,-0.7200,-0.7130
1996-12-27,-0.7060,-0.6940
1997-01-03,-0.6960,-0.6850
1997-01-10,-0.6910,-0.6820
1997-01-17,-0.6930,-0.6880
1997-01-24,-0.6990,-0.7000
1997-01-31,-0.7080,-0.7180
1997-02-07,-0.7190,-0.7390
1997-02-14,-0.7290,-0.7590
1997-02-21,-0.7340,-0.7690
1997-02-28,-0.7350,-0.7670
1997-03-07,-0.7290,-0.7510
1997-03-14,-0.7190,-0.7240
1997-03-21,-0.7050,-0.6910
1997-03-28,-0.6900,-0.6570
1997-04-04,-0.6740,-0.6250
1997-04-11,-0.6600,-0.5970
1997-04-18,-0.6470,-0.5730
1997-04-25,-0.6380,-0.5510
1997-05-02,-0.6320,-0.5330
1997-05-09,-0.6290,-0.5190
1997-05-16,-0.6270,-0.5120
1997-05-23,-0.6270,-0.5100
1997-05-30,-0.6280,-0.5130
1997-06-06,-0.6290,-0.5200
1997-06-13,-0.6320,-0.5300
1997-06-20,-0.6360,-0.5420
1997-06-27,-0.6400,-0.5570
1997-07-04,-0.6450,-0.5750
1997-07-11,-0.6500,-0.5930
1997-07-18,-0.6530,-0.6110
1997-07-25,-0.6560,-0.6230
1997-08-01,-0.6570,-0.6270
1997-08-08,-0.6570,-0.6210
1997-08-15,-0.6550,-0.6070
1997-08-22,-0.6520,-0.5880
1997-08-29,-0.6470,-0.5680
1997-09-05,-0.6410,-0.5500
1997-09-12,-0.6340,-0.5320
1997-09-19,-0.6250,-0.5130
1997-09-26,-0.6130,-0.4910
1997-10-03,-0.5970,-0.4670
1997-10-10,-0.5790,-0.4430
1997-10-17,-0.5570,-0.4230
1997-10-24,-0.5340,-0.4090
1997-10-31,-0.5110,-0.4040
1997-11-07,-0.4930,-0.4070
1997-11-14,-0.4800,-0.4120
1997-11-21,-0.4730,-0.4200
1997-11-28,-0.4730,-0.4300
1997-12-05,-0.4770,-0.4410
1997-12-12,-0.4850,-0.4520
1997-12-19,-0.4970,-0.4640
1997-12-26,-0.5130,-0.4750
1998-01-02,-0.5290,-0.4840
1998-01-09,-0.5460,-0.4890
1998-01-16,-0.5640,-0.4970
1998-01-23,-0.5810,-0.5090
1998-01-30,-0.5980,-0.5290
1998-02-06,-0.6130,-0.5530
1998-02-13,-0.6240,-0.5750
1998-02-20,-0.6330,-0.5890
1998-02-27,-0.6370,-0.5900
1998-03-06,-0.6360,-0.5780
1998-03-13,-0.6340,-0.5610
1998-03-20,-0.6300,-0.5480
1998-03-27,-0.6250,-0.5390
1998-04-03,-0.6190,-0.5370
1998-04-10,-0.6140,-0.5370
1998-04-17,-0.6090,-0.5350
1998-04-24,-0.6030,-0.5280
1998-05-01,-0.5970,-0.5180
1998-05-08,-0.5900,-0.5120
1998-05-15,-0.5840,-0.5120
1998-05-22,-0.5770,-0.5170
1998-05-29,-0.5700,-0.5190
1998-06-05,-0.5640,-0.5160
1998-06-12,-0.5590,-0.5020
1998-06-19,-0.5560,-0.4820
1998-06-26,-0.5540,-0.4650
1998-07-03,-0.5540,-0.4600
1998-07-10,-0.5520,-0.4670
1998-07-17,-0.5450,-0.4810
1998-07-24,-0.5320,-0.4880
1998-07-31,-0.5090,-0.4750
1998-08-07,-0.4760,-0.4350
1998-08-14,-0.4310,-0.3710
1998-08-21,-0.3760,-0.2930
1998-08-28,-0.3130,-0.2100
1998-09-04,-0.2480,-0.1280
1998-09-11,-0.1830,-0.0440
1998-09-18,-0.1220,0.0480
1998-09-25,-0.0680,0.1450
1998-10-02,-0.0250,0.2370
1998-10-09,0.0050,0.3070
1998-10-16,0.0180,0.3380
1998-10-23,0.0130,0.3210
1998-10-30,-0.0050,0.2670
1998-11-06,-0.0310,0.1970
1998-11-13,-0.0580,0.1370
1998-11-20,-0.0870,0.0930
1998-11-27,-0.1130,0.0700
1998-12-04,-0.1340,0.0550
1998-12-11,-0.1540,0.0380
1998-12-18,-0.1710,0.0100
1998-12-25,-0.1890,-0.0240
1999-01-01,-0.2060,-0.0560
1999-01-08,-0.2200,-0.0780
1999-01-15,-0.2360,-0.0920
1999-01-22,-0.2530,-0.1030
1999-01-29,-0.2710,-0.1190
1999-02-05,-0.2910,-0.1430
1999-02-12,-0.3120,-0.1760
1999-02-19,-0.3330,-0.2100
1999-02-26,-0.3520,-0.2360
1999-03-05,-0.3680,-0.2510
1999-03-12,-0.3830,-0.2550
1999-03-19,-0.3940,-0.2500
1999-03-26,-0.4030,-0.2430
1999-04-02,-0.4090,-0.2370
1999-04-09,-0.4140,-0.2360
1999-04-16,-0.4180,-0.2410
1999-04-23,-0.4220,-0.2500
1999-04-30,-0.4240,-0.2620
1999-05-07,-0.4240,-0.2720
1999-05-14,-0.4200,-0.2740
1999-05-21,-0.4110,-0.2640
1999-05-28,-0.3990,-0.2440
1999-06-04,-0.3840,-0.2160
1999-06-11,-0.3680,-0.1850
1999-06-18,-0.3490,-0.1550
1999-06-25,-0.3300,-0.1280
1999-07-02,-0.3080,-0.1010
1999-07-09,-0.2850,-0.0680
1999-07-16,-0.2590,-0.0290
1999-07-23,-0.2340,0.0170
1999-07-30,-0.2100,0.0620
1999-08-06,-0.1890,0.1030
1999-08-13,-0.1720,0.1340
1999-08-20,-0.1590,0.1530
1999-08-27,-0.1480,0.1650
1999-09-03,-0.1370,0.1780
1999-09-10,-0.1240,0.1960
1999-09-17,-0.1110,0.2230
1999-09-24,-0.0990,0.2540
1999-10-01,-0.0890,0.2870
1999-10-08,-0.0840,0.3120
1999-10-15,-0.0860,0.3180
1999-10-22,-0.0950,0.3010
1999-10-29,-0.1100,0.2650
1999-11-05,-0.1270,0.2180
1999-11-12,-0.1440,0.1720
1999-11-19,-0.1590,0.1380
1999-11-26,-0.1660,0.1270
1999-12-03,-0.1690,0.1340
1999-12-10,-0.1670,0.1480
1999-12-17,-0.1670,0.1570
1999-12-24,-0.1670,0.1530
1999-12-31,-0.1710,0.1350
2000-01-07,-0.1810,0.1050
2000-01-14,-0.1920,0.0770
2000-01-21,-0.2020,0.0580
2000-01-28,-0.2100,0.0490
2000-02-04,-0.2110,0.0470
2000-02-11,-0.2090,0.0470
2000-02-18,-0.2010,0.0480
2000-02-25,-0.1880,0.0570
2000-03-03,-0.1720,0.0770
2000-03-10,-0.1520,0.1110
2000-03-17,-0.1300,0.1510
2000-03-24,-0.1080,0.1870
2000-03-31,-0.0870,0.2090
2000-04-07,-0.0720,0.2100
2000-04-14,-0.0580,0.2050
2000-04-21,-0.0450,0.2030
2000-04-28,-0.0310,0.2190
2000-05-05,-0.0160,0.2560
2000-05-12,-0.0010,0.3030
2000-05-19,0.0130,0.3500
2000-05-26,0.0250,0.3850
2000-06-02,0.0320,0.4010
2000-06-09,0.0330,0.4000
2000-06-16,0.0290,0.3910
2000-06-23,0.0170,0.3720
2000-06-30,-0.0010,0.3460
2000-07-07,-0.0250,0.3060
2000-07-14,-0.0540,0.2520
2000-07-21,-0.0850,0.1890
2000-07-28,-0.1150,0.1240
2000-08-04,-0.1420,0.0710
2000-08-11,-0.1660,0.0370
2000-08-18,-0.1840,0.0220
2000-08-25,-0.1970,0.0210
2000-09-01,-0.2040,0.0240
2000-09-08,-0.2060,0.0260
2000-09-15,-0.2050,0.0250
2000-09-22,-0.2010,0.0230
2000-09-29,-0.1950,0.0250
2000-10-06,-0.1890,0.0290
2000-10-13,-0.1810,0.0340
2000-10-20,-0.1740,0.0320
2000-10-27,-0.1670,0.0220
2000-11-03,-0.1570,0.0100
2000-11-10,-0.1430,0.0030
2000-11-17,-0.1250,0.0110
2000-11-24,-0.1050,0.0370
2000-12-01,-0.0840,0.0750
2000-12-08,-0.0690,0.1100
2000-12-15,-0.0640,0.1300
2000-12-22,-0.0690,0.1280
2000-12-29,-0.0890,0.0980
2001-01-05,-0.1180,0.0530
2001-01-12,-0.1530,0.0020
2001-01-19,-0.1890,-0.0450
2001-01-26,-0.2220,-0.0840
2001-02-02,-0.2490,-0.1150
2001-02-09,-0.2670,-0.1420
2001-02-16,-0.2760,-0.1640
2001-02-23,-0.2750,-0.1780
2001-03-02,-0.2690,-0.1850
2001-03-09,-0.2600,-0.1810
2001-03-16,-0.2510,-0.1700
2001-03-23,-0.2480,-0.1600
2001-03-30,-0.2510,-0.1620
2001-04-06,-0.2610,-0.1770
2001-04-13,-0.2800,-0.2110
2001-04-20,-0.3040,-0.2540
2001-04-27,-0.3310,-0.2960
2001-05-04,-0.3590,-0.3330
2001-05-11,-0.3840,-0.3590
2001-05-18,-0.4040,-0.3750
2001-05-25,-0.4200,-0.3920
2001-06-01,-0.4310,-0.4100
2001-06-08,-0.4380,-0.4320
2001-06-15,-0.4440,-0.4540
2001-06-22,-0.4500,-0.4720
2001-06-29,-0.4570,-0.4820
2001-07-06,-0.4660,-0.4900
2001-07-13,-0.4760,-0.4980
2001-07-20,-0.4870,-0.5110
2001-07-27,-0.4960,-0.5320
2001-08-03,-0.5000,-0.5520
2001-08-10,-0.4960,-0.5610
2001-08-17,-0.4820,-0.5510
2001-08-24,-0.4580,-0.5190
2001-08-31,-0.4280,-0.4700
2001-09-07,-0.3950,-0.4190
2001-09-14,-0.3630,-0.3730
2001-09-21,-0.3410,-0.3460
2001-09-28,-0.3350,-0.3430
2001-10-05,-0.3360,-0.3480
2001-10-12,-0.3470,-0.3640
2001-10-19,-0.3620,-0.3840
2001-10-26,-0.3780,-0.4070
2001-11-02,-0.3900,-0.4280
2001-11-09,-0.3950,-0.4440
2001-11-16,-0.3930,-0.4470
2001-11-23,-0.3830,-0.4310
2001-11-30,-0.3700,-0.3970
2001-12-07,-0.3580,-0.3570
2001-12-14,-0.3510,-0.3280
2001-12-21,-0.3540,-0.3210
2001-12-28,-0.3660,-0.3450
2002-01-04,-0.3860,-0.3910
2002-01-11,-0.4110,-0.4460
2002-01-18,-0.4370,-0.4910
2002-01-25,-0.4580,-0.5160
2002-02-01,-0.4730,-0.5190
2002-02-08,-0.4830,-0.5090
2002-02-15,-0.4880,-0.4960
2002-02-22,-0.4880,-0.4860
2002-03-01,-0.4870,-0.4810
2002-03-08,-0.4860,-0.4750
2002-03-15,-0.4870,-0.4660
2002-03-22,-0.4910,-0.4540
2002-03-29,-0.4990,-0.4450
2002-04-05,-0.5130,-0.4470
2002-04-12,-0.5310,-0.4670
2002-04-19,-0.5530,-0.5010
2002-04-26,-0.5760,-0.5420
2002-05-03,-0.5980,-0.5830
2002-05-10,-0.6150,-0.6100
2002-05-17,-0.6250,-0.6240
2002-05-24,-0.6270,-0.6240
2002-05-31,-0.6210,-0.6180
2002-06-07,-0.6070,-0.6100
2002-06-14,-0.5860,-0.6020
2002-06-21,-0.5620,-0.5900
2002-06-28,-0.5340,-0.5720
2002-07-05,-0.5070,-0.5470
2002-07-12,-0.4800,-0.5150
2002-07-19,-0.4560,-0.4850
2002-07-26,-0.4360,-0.4590
2002-08-02,-0.4210,-0.4450
2002-08-09,-0.4100,-0.4370
2002-08-16,-0.4020,-0.4340
2002-08-23,-0.3940,-0.4260
2002-08-30,-0.3860,-0.4140
2002-09-06,-0.3750,-0.3960
2002-09-13,-0.3650,-0.3780
2002-09-20,-0.3560,-0.3650
2002-09-27,-0.3500,-0.3610
2002-10-04,-0.3490,-0.3660
2002-10-11,-0.3550,-0.3780
2002-10-18,-0.3670,-0.3980
2002-10-25,-0.3820,-0.4180
2002-11-01,-0.4000,-0.4400
2002-11-08,-0.4180,-0.4600
2002-11-15,-0.4330,-0.4750
2002-11-22,-0.4440,-0.4810
2002-11-29,-0.4500,-0.4770
2002-12-06,-0.4530,-0.4650
2002-12-13,-0.4570,-0.4530
2002-12-20,-0.4610,-0.4440
2002-12-27,-0.4680,-0.4450
2003-01-03,-0.4790,-0.4560
2003-01-10,-0.4920,-0.4730
2003-01-17,-0.5040,-0.4910
2003-01-24,-0.5130,-0.5020
2003-01-31,-0.5210,-0.5100
2003-02-07,-0.5250,-0.5140
2003-02-14,-0.5270,-0.5200
2003-02-21,-0.5300,-0.5290
2003-02-28,-0.5340,-0.5440
2003-03-07,-0.5410,-0.5650
2003-03-14,-0.5510,-0.5890
2003-03-21,-0.5650,-0.6180
2003-03-28,-0.5850,-0.6540
2003-04-04,-0.6080,-0.6960
2003-04-11,-0.6330,-0.7400
2003-04-18,-0.6580,-0.7790
2003-04-25,-0.6790,-0.8090
2003-05-02,-0.6950,-0.8240
2003-05-09,-0.7050,-0.8230
2003-05-16,-0.7090,-0.8120
2003-05-23,-0.7100,-0.7950
2003-05-30,-0.7080,-0.7780
2003-06-06,-0.7070,-0.7620
2003-06-13,-0.7060,-0.7500
2003-06-20,-0.7070,-0.7420
2003-06-27,-0.7090,-0.7370
2003-07-04,-0.7120,-0.7360
2003-07-11,-0.7140,-0.7370
2003-07-18,-0.7120,-0.7380
2003-07-25,-0.7070,-0.7360
2003-08-01,-0.6980,-0.7280
2003-08-08,-0.6880,-0.7170
2003-08-15,-0.6780,-0.7050
2003-08-22,-0.6700,-0.6940
2003-08-29,-0.6650,-0.6890
2003-09-05,-0.6640,-0.6910
2003-09-12,-0.6660,-0.6980
2003-09-19,-0.6710,-0.7060
2003-09-26,-0.6780,-0.7130
2003-10-03,-0.6850,-0.7180
2003-10-10,-0.6940,-0.7230
2003-10-17,-0.7020,-0.7300
2003-10-24,-0.7070,-0.7380
2003-10-31,-0.7120,-0.7490
2003-11-07,-0.7140,-0.7570
2003-11-14,-0.7140,-0.7580
2003-11-21,-0.7130,-0.7500
2003-11-28,-0.7120,-0.7370
2003-12-05,-0.7100,-0.7200
2003-12-12,-0.7100,-0.7080
2003-12-19,-0.7140,-0.7030
2003-12-26,-0.7200,-0.7040
2004-01-02,-0.7300,-0.7110
2004-01-09,-0.7430,-0.7190
2004-01-16,-0.7570,-0.7290
2004-01-23,-0.7700,-0.7390
2004-01-30,-0.7830,-0.7530
2004-02-06,-0.7930,-0.7680
2004-02-13,-0.8020,-0.7840
2004-02-20,-0.8080,-0.7970
2004-02-27,-0.8110,-0.8020
2004-03-05,-0.8110,-0.8000
2004-03-12,-0.8100,-0.7940
2004-03-19,-0.8060,-0.7880
2004-03-26,-0.7990,-0.7850
2004-04-02,-0.7910,-0.7840
2004-04-09,-0.7800,-0.7830
2004-04-16,-0.7670,-0.7730
2004-04-23,-0.7530,-0.7530
2004-04-30,-0.7380,-0.7250
2004-05-07,-0.7230,-0.6980
2004-05-14,-0.7110,-0.6780
2004-05-21,-0.7000,-0.6710
2004-05-28,-0.6930,-0.6750
2004-06-04,-0.6880,-0.6840
2004-06-11,-0.6850,-0.6890
2004-06-18,-0.6830,-0.6860
2004-06-25,-0.6840,-0.6780
2004-07-02,-0.6850,-0.6690
2004-07-09,-0.6870,-0.6650
2004-07-16,-0.6890,-0.6700
2004-07-23,-0.6910,-0.6820
2004-07-30,-0.6930,-0.6970
2004-08-06,-0.6940,-0.7080
2004-08-13,-0.6960,-0.7140
2004-08-20,-0.6970,-0.7160
2004-08-27,-0.6980,-0.7150
2004-09-03,-0.6980,-0.7120
2004-09-10,-0.6980,-0.7070
2004-09-17,-0.6980,-0.6970
2004-09-24,-0.6970,-0.6800
2004-10-01,-0.6960,-0.6580
2004-10-08,-0.6970,-0.6350
2004-10-15,-0.6980,-0.6200
2004-10-22,-0.7000,-0.6190
2004-10-29,-0.7030,-0.6300
2004-11-05,-0.7070,-0.6500
2004-11-12,-0.7110,-0.6730
2004-11-19,-0.7130,-0.6890
2004-11-26,-0.7130,-0.6960
2004-12-03,-0.7120,-0.6940
2004-12-10,-0.7080,-0.6890
2004-12-17,-0.7040,-0.6830
2004-12-24,-0.6990,-0.6790
2004-12-31,-0.6950,-0.6780
2005-01-07,-0.6930,-0.6790
2005-01-14,-0.6940,-0.6810
2005-01-21,-0.6960,-0.6830
2005-01-28,-0.7010,-0.6870
2005-02-04,-0.7060,-0.6930
2005-02-11,-0.7100,-0.6970
2005-02-18,-0.7110,-0.6950
2005-02-25,-0.7080,-0.6860
2005-03-04,-0.7010,-0.6670
2005-03-11,-0.6910,-0.6420
2005-03-18,-0.6780,-0.6150
2005-03-25,-0.6630,-0.5930
2005-04-01,-0.6490,-0.5790
2005-04-08,-0.6360,-0.5730
2005-04-15,-0.6250,-0.5720
2005-04-22,-0.6150,-0.5740
2005-04-29,-0.6080,-0.5750
2005-05-06,-0.6030,-0.5740
2005-05-13,-0.5990,-0.5720
2005-05-20,-0.5980,-0.5680
2005-05-27,-0.5980,-0.5630
2005-06-03,-0.5980,-0.5550
2005-06-10,-0.5990,-0.5450
2005-06-17,-0.6000,-0.5340
2005-06-24,-0.6020,-0.5260
2005-07-01,-0.6040,-0.5220
2005-07-08,-0.6060,-0.5230
2005-07-15,-0.6090,-0.5280
2005-07-22,-0.6110,-0.5320
2005-07-29,-0.6120,-0.5310
2005-08-05,-0.6110,-0.5240
2005-08-12,-0.6090,-0.5120
2005-08-19,-0.6040,-0.4960
2005-08-26,-0.5970,-0.4780
2005-09-02,-0.5890,-0.4590
2005-09-09,-0.5810,-0.4400
2005-09-16,-0.5740,-0.4230
2005-09-23,-0.5680,-0.4130
2005-09-30,-0.5660,-0.4130
2005-10-07,-0.5660,-0.4290
2005-10-14,-0.5700,-0.4560
2005-10-21,-0.5760,-0.4910
2005-10-28,-0.5820,-0.5240
2005-11-04,-0.5860,-0.5480
2005-11-11,-0.5870,-0.5580
2005-11-18,-0.5840,-0.5520
2005-11-25,-0.5790,-0.5330
2005-12-02,-0.5730,-0.5070
2005-12-09,-0.5660,-0.4780
2005-12-16,-0.5610,-0.4520
2005-12-23,-0.5600,-0.4370
2005-12-30,-0.5620,-0.4310
2006-01-06,-0.5680,-0.4400
2006-01-13,-0.5780,-0.4580
2006-01-20,-0.5890,-0.4800
2006-01-27,-0.6020,-0.5030
2006-02-03,-0.6120,-0.5230
2006-02-10,-0.6210,-0.5390
2006-02-17,-0.6280,-0.5510
2006-02-24,-0.6320,-0.5610
2006-03-03,-0.6330,-0.5670
2006-03-10,-0.6320,-0.5690
2006-03-17,-0.6310,-0.5660
2006-03-24,-0.6290,-0.5590
2006-03-31,-0.6270,-0.5490
2006-04-07,-0.6250,-0.5390
2006-04-14,-0.6230,-0.5320
2006-04-21,-0.6210,-0.5270
2006-04-28,-0.6180,-0.5230
2006-05-05,-0.6130,-0.5170
2006-05-12,-0.6050,-0.5070
2006-05-19,-0.5940,-0.4930
2006-05-26,-0.5810,-0.4770
2006-06-02,-0.5670,-0.4600
2006-06-09,-0.5530,-0.4470
2006-06-16,-0.5410,-0.4360
2006-06-23,-0.5320,-0.4300
2006-06-30,-0.5280,-0.4290
2006-07-07,-0.5280,-0.4340
2006-07-14,-0.5340,-0.4460
2006-07-21,-0.5440,-0.4640
2006-07-28,-0.5580,-0.4880
2006-08-04,-0.5720,-0.5110
2006-08-11,-0.5850,-0.5310
2006-08-18,-0.5950,-0.5450
2006-08-25,-0.6020,-0.5520
2006-09-01,-0.6050,-0.5540
2006-09-08,-0.6050,-0.5550
2006-09-15,-0.6050,-0.5580
2006-09-22,-0.6040,-0.5670
2006-09-29,-0.6050,-0.5800
2006-10-06,-0.6090,-0.5980
2006-10-13,-0.6150,-0.6180
2006-10-20,-0.6210,-0.6370
2006-10-27,-0.6270,-0.6510
2006-11-03,-0.6300,-0.6550
2006-11-10,-0.6310,-0.6450
2006-11-17,-0.6300,-0.6200
2006-11-24,-0.6260,-0.5840
2006-12-01,-0.6220,-0.5420
2006-12-08,-0.6190,-0.5040
2006-12-15,-0.6190,-0.4810
2006-12-22,-0.6240,-0.4780
2006-12-29,-0.6320,-0.4900
2007-01-05,-0.6440,-0.5150
2007-01-12,-0.6570,-0.5420
2007-01-19,-0.6690,-0.5670
2007-01-26,-0.6780,-0.5880
2007-02-02,-0.6820,-0.6030
2007-02-09,-0.6800,-0.6130
2007-02-16,-0.6730,-0.6130
2007-02-23,-0.6610,-0.6010
2007-03-02,-0.6450,-0.5750
2007-03-09,-0.6310,-0.5470
2007-03-16,-0.6190,-0.5220
2007-03-23,-0.6110,-0.5100
2007-03-30,-0.6050,-0.5120
2007-04-06,-0.6010,-0.5220
2007-04-13,-0.5980,-0.5270
2007-04-20,-0.5930,-0.5190
2007-04-27,-0.5860,-0.4950
2007-05-04,-0.5770,-0.4620
2007-05-11,-0.5680,-0.4330
2007-05-18,-0.5590,-0.4150
2007-05-25,-0.5510,-0.4050
2007-06-01,-0.5450,-0.3970
2007-06-08,-0.5420,-0.3850
2007-06-15,-0.5390,-0.3620
2007-06-22,-0.5340,-0.3420
2007-06-29,-0.5220,-0.3340
2007-07-06,-0.4970,-0.3420
2007-07-13,-0.4510,-0.3440
2007-07-20,-0.3820,-0.3120
2007-07-27,-0.2880,-0.2080
2007-08-03,-0.1760,-0.0250
2007-08-10,-0.0560,0.2170
2007-08-17,0.0610,0.4760
2007-08-24,0.1550,0.6830
2007-08-31,0.2070,0.7760
2007-09-07,0.2230,0.7700
2007-09-14,0.1990,0.6800
2007-09-21,0.1430,0.5420
2007-09-28,0.0790,0.4180
2007-10-05,0.0180,0.3240
2007-10-12,-0.0220,0.2670
2007-10-19,-0.0290,0.2520
2007-10-26,0.0010,0.2790
2007-11-02,0.0680,0.3620
2007-11-09,0.1660,0.5140
2007-11-16,0.2770,0.7150
2007-11-23,0.3890,0.9400
2007-11-30,0.4830,1.1290
2007-12-07,0.5470,1.2310
2007-12-14,0.5740,1.2300
2007-12-21,0.5640,1.1450
2007-12-28,0.5260,1.0220
2008-01-04,0.4780,0.9240
2008-01-11,0.4330,0.8710
2008-01-18,0.4090,0.8690
2008-01-25,0.4160,0.9010
2008-02-01,0.4450,0.9310
2008-02-08,0.5070,0.9780
2008-02-15,0.5920,1.0590
2008-02-22,0.6920,1.1940
2008-02-29,0.7920,1.3750
2008-03-07,0.8840,1.5670
2008-03-14,0.9460,1.7050
2008-03-21,0.9710,1.7500
2008-03-28,0.9510,1.6790
2008-04-04,0.8990,1.5390
2008-04-11,0.8250,1.3830
2008-04-18,0.7420,1.2540
2008-04-25,0.6560,1.1590
2008-05-02,0.5800,1.0860
2008-05-09,0.5250,1.0160
2008-05-16,0.4920,0.9360
2008-05-23,0.4880,0.8700
2008-05-30,0.5090,0.8560
2008-06-06,0.5550,0.9220
2008-06-13,0.6100,1.0450
2008-06-20,0.6660,1.1920
2008-06-27,0.7180,1.3120
2008-07-04,0.7490,1.3530
2008-07-11,0.7580,1.3200
2008-07-18,0.7470,1.2570
2008-07-25,0.7190,1.1940
2008-08-01,0.6880,1.1640
2008-08-08,0.6720,1.1660
2008-08-15,0.6810,1.1710
2008-08-22,0.7380,1.1900
2008-08-29,0.8470,1.2440
2008-09-05,1.0160,1.3850
2008-09-12,1.2370,1.6700
2008-09-19,1.5190,2.1300
2008-09-26,1.8000,2.6320
2008-10-03,2.0800,3.1060
2008-10-10,2.3330,3.4420
2008-10-17,2.5320,3.5730
2008-10-24,2.6790,3.5510
2008-10-31,2.8040,3.5200
2008-11-07,2.9000,3.5490
2008-11-14,2.9820,3.6970
2008-11-21,3.0580,3.9330
2008-11-28,3.0840,4.1000
2008-12-05,3.0750,4.1510
2008-12-12,3.0100,4.0290
2008-12-19,2.8870,3.7700
2008-12-26,2.7290,3.4780
2009-01-02,2.5760,3.2570
2009-01-09,2.4240,3.1050
2009-01-16,2.3000,3.0200
2009-01-23,2.2090,2.9560
2009-01-30,2.1480,2.8810
2009-02-06,2.1180,2.8130
2009-02-13,2.1180,2.7930
2009-02-20,2.1340,2.8360
2009-02-27,2.1490,2.9280
2009-03-06,2.1520,3.0230
2009-03-13,2.1150,3.0330
2009-03-20,2.0420,2.9420
2009-03-27,1.9380,2.7570
2009-04-03,1.8130,2.5310
2009-04-10,1.6720,2.3140
2009-04-17,1.5290,2.1430
2009-04-24,1.3880,2.0110
2009-05-01,1.2530,1.8820
2009-05-08,1.1290,1.7350
2009-05-15,1.0280,1.5750
2009-05-22,0.9440,1.4200
2009-05-29,0.8850,1.3140
2009-06-05,0.8370,1.2660
2009-06-12,0.8010,1.2730
2009-06-19,0.7700,1.3010
2009-06-26,0.7330,1.2980
2009-07-03,0.6870,1.2400
2009-07-10,0.6310,1.1290
2009-07-17,0.5650,0.9850
2009-07-24,0.4930,0.8480
2009-07-31,0.4250,0.7450
2009-08-07,0.3650,0.6840
2009-08-14,0.3160,0.6520
2009-08-21,0.2740,0.6250
2009-08-28,0.2380,0.5840
2009-09-04,0.2050,0.5300
2009-09-11,0.1720,0.4700
2009-09-18,0.1400,0.4190
2009-09-25,0.1110,0.3880
2009-10-02,0.0880,0.3800
2009-10-09,0.0670,0.3770
2009-10-16,0.0500,0.3680
2009-10-23,0.0370,0.3490
2009-10-30,0.0290,0.3230
2009-11-06,0.0200,0.2950
2009-11-13,0.0080,0.2710
2009-11-20,-0.0060,0.2570
2009-11-27,-0.0240,0.2410
2009-12-04,-0.0480,0.2130
2009-12-11,-0.0790,0.1650
2009-12-18,-0.1110,0.0990
2009-12-25,-0.1410,0.0300
2010-01-01,-0.1660,-0.0250
2010-01-08,-0.1870,-0.0570
2010-01-15,-0.1960,-0.0560
2010-01-22,-0.1960,-0.0320
2010-01-29,-0.1920,-0.0070
2010-02-05,-0.1890,0.0030
2010-02-12,-0.1920,-0.0090
2010-02-19,-0.2090,-0.0470
2010-02-26,-0.2380,-0.0970
2010-03-05,-0.2770,-0.1480
2010-03-12,-0.3230,-0.1970
2010-03-19,-0.3680,-0.2420
2010-03-26,-0.4090,-0.2900
2010-04-02,-0.4370,-0.3370
2010-04-09,-0.4490,-0.3720
2010-04-16,-0.4370,-0.3770
2010-04-23,-0.4020,-0.3400
2010-04-30,-0.3430,-0.2550
2010-05-07,-0.2670,-0.1360
2010-05-14,-0.1910,-0.0170
2010-05-21,-0.1190,0.0860
2010-05-28,-0.0640,0.1490
2010-06-04,-0.0330,0.1710
2010-06-11,-0.0230,0.1660
2010-06-18,-0.0370,0.1400
2010-06-25,-0.0640,0.1050
2010-07-02,-0.0990,0.0650
2010-07-09,-0.1400,0.0120
2010-07-16,-0.1810,-0.0470
2010-07-23,-0.2140,-0.0990
2010-07-30,-0.2380,-0.1350
2010-08-06,-0.2530,-0.1470
2010-08-13,-0.2580,-0.1370
2010-08-20,-0.2600,-0.1210
2010-08-27,-0.2620,-0.1140
2010-09-03,-0.2690,-0.1240
2010-09-10,-0.2840,-0.1540
2010-09-17,-0.3030,-0.1900
2010-09-24,-0.3240,-0.2230
2010-10-01,-0.3480,-0.2500
2010-10-08,-0.3720,-0.2720
2010-10-15,-0.3940,-0.2950
2010-10-22,-0.4110,-0.3210
2010-10-29,-0.4250,-0.3470
2010-11-05,-0.4340,-0.3640
2010-11-12,-0.4380,-0.3690
2010-11-19,-0.4400,-0.3670
2010-11-26,-0.4420,-0.3630
2010-12-03,-0.4480,-0.3710
2010-12-10,-0.4590,-0.3970
2010-12-17,-0.4750,-0.4340
2010-12-24,-0.4940,-0.4720
2010-12-31,-0.5150,-0.5030
2011-01-07,-0.5370,-0.5220
2011-01-14,-0.5570,-0.5360
2011-01-21,-0.5750,-0.5540
2011-01-28,-0.5870,-0.5780
2011-02-04,-0.5920,-0.6030
2011-02-11,-0.5900,-0.6170
2011-02-18,-0.5810,-0.6070
2011-02-25,-0.5660,-0.5720
2011-03-04,-0.5530,-0.5270
2011-03-11,-0.5430,-0.4880
2011-03-18,-0.5380,-0.4710
2011-03-25,-0.5420,-0.4830
2011-04-01,-0.5530,-0.5130
2011-04-08,-0.5670,-0.5440
2011-04-15,-0.5800,-0.5640
2011-04-22,-0.5900,-0.5680
2011-04-29,-0.5930,-0.5650
2011-05-06,-0.5900,-0.5640
2011-05-13,-0.5810,-0.5670
2011-05-20,-0.5690,-0.5730
2011-05-27,-0.5550,-0.5700
2011-06-03,-0.5420,-0.5520
2011-06-10,-0.5300,-0.5200
2011-06-17,-0.5210,-0.4920
2011-06-24,-0.5140,-0.4780
2011-07-01,-0.5060,-0.4850
2011-07-08,-0.4940,-0.4990
2011-07-15,-0.4710,-0.4940
2011-07-22,-0.4370,-0.4550
2011-07-29,-0.3880,-0.3730
2011-08-05,-0.3250,-0.2590
2011-08-12,-0.2540,-0.1430
2011-08-19,-0.1910,-0.0560
2011-08-26,-0.1330,0.0070
2011-09-02,-0.0900,0.0440
2011-09-09,-0.0580,0.0760
2011-09-16,-0.0410,0.1060
2011-09-23,-0.0320,0.1360
2011-09-30,-0.0350,0.1460
2011-10-07,-0.0470,0.1260
2011-10-14,-0.0680,0.0760
2011-10-21,-0.0850,0.0230
2011-10-28,-0.0990,-0.0140
2011-11-04,-0.1010,-0.0140
2011-11-11,-0.0940,0.0170
2011-11-18,-0.0820,0.0600
2011-11-25,-0.0690,0.0960
2011-12-02,-0.0670,0.1020
2011-12-09,-0.0730,0.0870
2011-12-16,-0.0870,0.0630
2011-12-23,-0.1110,0.0330
2011-12-30,-0.1450,0.0010
2012-01-06,-0.1860,-0.0390
2012-01-13,-0.2320,-0.0950
2012-01-20,-0.2780,-0.1610
2012-01-27,-0.3190,-0.2270
2012-02-03,-0.3520,-0.2760
2012-02-10,-0.3760,-0.3020
2012-02-17,-0.3920,-0.3090
2012-02-24,-0.4040,-0.3120
2012-03-02,-0.4150,-0.3260
2012-03-09,-0.4230,-0.3490
2012-03-16,-0.4300,-0.3780
2012-03-23,-0.4330,-0.3970
2012-03-30,-0.4310,-0.3970
2012-04-06,-0.4240,-0.3810
2012-04-13,-0.4110,-0.3570
2012-04-20,-0.3950,-0.3350
2012-04-27,-0.3740,-0.3150
2012-05-04,-0.3480,-0.2920
2012-05-11,-0.3170,-0.2580
2012-05-18,-0.2840,-0.2090
2012-05-25,-0.2580,-0.1610
2012-06-01,-0.2400,-0.1220
2012-06-08,-0.2330,-0.1080
2012-06-15,-0.2380,-0.1230
2012-06-22,-0.2530,-0.1590
2012-06-29,-0.2720,-0.1990
2012-07-06,-0.2960,-0.2340
2012-07-13,-0.3190,-0.2560
2012-07-20,-0.3430,-0.2710
2012-07-27,-0.3650,-0.2860
2012-08-03,-0.3860,-0.3070
2012-08-10,-0.4050,-0.3350
2012-08-17,-0.4230,-0.3650
2012-08-24,-0.4410,-0.3920
2012-08-31,-0.4590,-0.4130
2012-09-07,-0.4770,-0.4330
2012-09-14,-0.4960,-0.4570
2012-09-21,-0.5120,-0.4850
2012-09-28,-0.5260,-0.5130
2012-10-05,-0.5370,-0.5410
2012-10-12,-0.5440,-0.5570
2012-10-19,-0.5480,-0.5620
2012-10-26,-0.5480,-0.5540
2012-11-02,-0.5460,-0.5440
2012-11-09,-0.5450,-0.5360
2012-11-16,-0.5440,-0.5350
2012-11-23,-0.5480,-0.5410
2012-11-30,-0.5530,-0.5490
2012-12-07,-0.5620,-0.5560
2012-12-14,-0.5730,-0.5630
2012-12-21,-0.5850,-0.5700
2012-12-28,-0.5980,-0.5790
2013-01-04,-0.6120,-0.5960
2013-01-11,-0.6250,-0.6120
2013-01-18,-0.6340,-0.6230
2013-01-25,-0.6410,-0.6280
2013-02-01,-0.6440,-0.6260
2013-02-08,-0.6460,-0.6230
2013-02-15,-0.6470,-0.6250
2013-02-22,-0.6480,-0.6360
2013-03-01,-0.6480,-0.6540
2013-03-08,-0.6500,-0.6780
2013-03-15,-0.6530,-0.6990
2013-03-22,-0.6560,-0.7130
2013-03-29,-0.6610,-0.7240
2013-04-05,-0.6680,-0.7330
2013-04-12,-0.6790,-0.7440
2013-04-19,-0.6890,-0.7580
2013-04-26,-0.7010,-0.7760
2013-05-03,-0.7110,-0.7920
2013-05-10,-0.7150,-0.8030
2013-05-17,-0.7130,-0.8000
2013-05-24,-0.7030,-0.7830
2013-05-31,-0.6870,-0.7520
2013-06-07,-0.6680,-0.7120
2013-06-14,-0.6500,-0.6720
2013-06-21,-0.6340,-0.6410
2013-06-28,-0.6270,-0.6280
2013-07-05,-0.6270,-0.6330
2013-07-12,-0.6340,-0.6550
2013-07-19,-0.6460,-0.6840
2013-07-26,-0.6570,-0.7100
2013-08-02,-0.6660,-0.7250
2013-08-09,-0.6700,-0.7290
2013-08-16,-0.6690,-0.7220
2013-08-23,-0.6660,-0.7130
2013-08-30,-0.6620,-0.7080
2013-09-06,-0.6600,-0.7090
2013-09-13,-0.6620,-0.7150
2013-09-20,-0.6670,-0.7220
2013-09-27,-0.6740,-0.7280
2013-10-04,-0.6830,-0.7330
2013-10-11,-0.6950,-0.7410
2013-10-18,-0.7090,-0.7550
2013-10-25,-0.7230,-0.7740
2013-11-01,-0.7350,-0.7950
2013-11-08,-0.7450,-0.8140
2013-11-15,-0.7540,-0.8280
2013-11-22,-0.7610,-0.8350
2013-11-29,-0.7670,-0.8380
2013-12-06,-0.7700,-0.8430
2013-12-13,-0.7730,-0.8530
2013-12-20,-0.7750,-0.8670
2013-12-27,-0.7750,-0.8800
2014-01-03,-0.7730,-0.8850
2014-01-10,-0.7710,-0.8810
2014-01-17,-0.7670,-0.8680
2014-01-24,-0.7630,-0.8540
2014-01-31,-0.7610,-0.8460
2014-02-07,-0.7620,-0.8500
2014-02-14,-0.7650,-0.8610
2014-02-21,-0.7700,-0.8720
2014-02-28,-0.7740,-0.8780
2014-03-07,-0.7770,-0.8720
2014-03-14,-0.7770,-0.8580
2014-03-21,-0.7760,-0.8420
2014-03-28,-0.7730,-0.8280
2014-04-04,-0.7710,-0.8220
2014-04-11,-0.7690,-0.8180
2014-04-18,-0.7670,-0.8130
2014-04-25,-0.7660,-0.8060
2014-05-02,-0.7680,-0.7990
2014-05-09,-0.7710,-0.7950
2014-05-16,-0.7750,-0.7970
2014-05-23,-0.7810,-0.8090
2014-05-30,-0.7870,-0.8260
2014-06-06,-0.7900,-0.8400
2014-06-13,-0.7900,-0.8480
2014-06-20,-0.7870,-0.8460
2014-06-27,-0.7800,-0.8360
2014-07-04,-0.7700,-0.8200
2014-07-11,-0.7580,-0.8040
2014-07-18,-0.7470,-0.7880
2014-07-25,-0.7360,-0.7760
2014-08-01,-0.7280,-0.7670
2014-08-08,-0.7230,-0.7650
2014-08-15,-0.7220,-0.7690
2014-08-22,-0.7220,-0.7770
2014-08-29,-0.7190,-0.7840
2014-09-05,-0.7130,-0.7880
2014-09-12,-0.7030,-0.7820
2014-09-19,-0.6880,-0.7670
2014-09-26,-0.6710,-0.7450
2014-10-03,-0.6550,-0.7220
2014-10-10,-0.6430,-0.7070
2014-10-17,-0.6360,-0.7000
2014-10-24,-0.6370,-0.7070
2014-10-31,-0.6420,-0.7220
2014-11-07,-0.6490,-0.7370
2014-11-14,-0.6540,-0.7460
2014-11-21,-0.6540,-0.7420
2014-11-28,-0.6470,-0.7280
2014-12-05,-0.6350,-0.7060
2014-12-12,-0.6150,-0.6790
2014-12-19,-0.5930,-0.6530
2014-12-26,-0.5710,-0.6310
2015-01-02,-0.5490,-0.6090
2015-01-09,-0.5300,-0.5890
2015-01-16,-0.5160,-0.5680
2015-01-23,-0.5070,-0.5510
2015-01-30,-0.5040,-0.5400
2015-02-06,-0.5050,-0.5380
2015-02-13,-0.5090,-0.5440
2015-02-20,-0.5160,-0.5540
2015-02-27,-0.5230,-0.5630
2015-03-06,-0.5280,-0.5660
2015-03-13,-0.5320,-0.5650
2015-03-20,-0.5350,-0.5620
2015-03-27,-0.5370,-0.5600
2015-04-03,-0.5380,-0.5630
2015-04-10,-0.5400,-0.5670
2015-04-17,-0.5410,-0.5690
2015-04-24,-0.5430,-0.5680
2015-05-01,-0.5440,-0.5620
2015-05-08,-0.5440,-0.5540
2015-05-15,-0.5440,-0.5510
2015-05-22,-0.5450,-0.5530
2015-05-29,-0.5440,-0.5580
2015-06-05,-0.5440,-0.5630
2015-06-12,-0.5430,-0.5630
2015-06-19,-0.5400,-0.5550
2015-06-26,-0.5370,-0.5450
2015-07-03,-0.5330,-0.5320
2015-07-10,-0.5280,-0.5230
2015-07-17,-0.5220,-0.5220
2015-07-24,-0.5120,-0.5190
2015-07-31,-0.4980,-0.5100
2015-08-07,-0.4790,-0.4930
2015-08-14,-0.4580,-0.4670
2015-08-21,-0.4360,-0.4380
2015-08-28,-0.4160,-0.4120
2015-09-04,-0.4030,-0.3960
2015-09-11,-0.3970,-0.3910
2015-09-18,-0.3970,-0.3950
2015-09-25,-0.4020,-0.4050
2015-10-02,-0.4120,-0.4160
2015-10-09,-0.4270,-0.4310
2015-10-16,-0.4420,-0.4430
2015-10-23,-0.4550,-0.4550
2015-10-30,-0.4640,-0.4670
2015-11-06,-0.4680,-0.4730
2015-11-13,-0.4640,-0.4710
2015-11-20,-0.4550,-0.4590
2015-11-27,-0.4410,-0.4360
2015-12-04,-0.4230,-0.4040
2015-12-11,-0.4010,-0.3660
2015-12-18,-0.3790,-0.3330
2015-12-25,-0.3590,-0.3070
2016-01-01,-0.3420,-0.2920
2016-01-08,-0.3260,-0.2850
2016-01-15,-0.3130,-0.2800
2016-01-22,-0.3030,-0.2740
2016-01-29,-0.2970,-0.2650
2016-02-05,-0.2940,-0.2560
2016-02-12,-0.2940,-0.2510
2016-02-19,-0.3020,-0.2580
2016-02-26,-0.3150,-0.2730
2016-03-04,-0.3300,-0.2940
2016-03-11,-0.3450,-0.3130
2016-03-18,-0.3580,-0.3240
2016-03-25,-0.3680,-0.3250
2016-04-01,-0.3750,-0.3190
2016-04-08,-0.3790,-0.3090
2016-04-15,-0.3820,-0.3020
2016-04-22,-0.3830,-0.2990
2016-04-29,-0.3830,-0.2980
2016-05-06,-0.3820,-0.2980
2016-05-13,-0.3800,-0.2970
2016-05-20,-0.3760,-0.2940
2016-05-27,-0.3710,-0.2870
2016-06-03,-0.3650,-0.2770
2016-06-10,-0.3580,-0.2660
2016-06-17,-0.3500,-0.2540
2016-06-24,-0.3450,-0.2450
2016-07-01,-0.3420,-0.2380
2016-07-08,-0.3430,-0.2370
2016-07-15,-0.3470,-0.2420
2016-07-22,-0.3520,-0.2490
2016-07-29,-0.3560,-0.2550
2016-08-05,-0.3580,-0.2560
2016-08-12,-0.3590,-0.2500
2016-08-19,-0.3560,-0.2380
2016-08-26,-0.3510,-0.2200
2016-09-02,-0.3440,-0.2000
2016-09-09,-0.3380,-0.1840
2016-09-16,-0.3340,-0.1750
2016-09-23,-0.3330,-0.1730
2016-09-30,-0.3360,-0.1780
2016-10-07,-0.3430,-0.1900
2016-10-14,-0.3520,-0.2070
2016-10-21,-0.3640,-0.2290
2016-10-28,-0.3770,-0.2580
2016-11-04,-0.3890,-0.2910
2016-11-11,-0.4030,-0.3260
2016-11-18,-0.4160,-0.3560
2016-11-25,-0.4270,-0.3770
2016-12-02,-0.4370,-0.3890
2016-12-09,-0.4450,-0.3930
2016-12-16,-0.4520,-0.3910
2016-12-23,-0.4580,-0.3880
2016-12-30,-0.4640,-0.3880
2017-01-06,-0.4700,-0.3880
2017-01-13,-0.4750,-0.3890
2017-01-20,-0.4800,-0.3910
2017-01-27,-0.4840,-0.3920
2017-02-03,-0.4860,-0.3940
2017-02-10,-0.4880,-0.4000
2017-02-17,-0.4870,-0.4070
2017-02-24,-0.4850,-0.4130
2017-03-03,-0.4830,-0.4210
2017-03-10,-0.4800,-0.4240
2017-03-17,-0.4780,-0.4240
2017-03-24,-0.4760,-0.4240
2017-03-31,-0.4780,-0.4270
2017-04-07,-0.4810,-0.4310
2017-04-14,-0.4870,-0.4370
2017-04-21,-0.4950,-0.4440
2017-04-28,-0.5050,-0.4520
2017-05-05,-0.5150,-0.4610
2017-05-12,-0.5250,-0.4720
2017-05-19,-0.5340,-0.4830
2017-05-26,-0.5430,-0.4960
2017-06-02,-0.5510,-0.5060
2017-06-09,-0.5570,-0.5120
2017-06-16,-0.5610,-0.5160
2017-06-23,-0.5640,-0.5190
2017-06-30,-0.5670,-0.5270
2017-07-07,-0.5710,-0.5400
2017-07-14,-0.5740,-0.5550
2017-07-21,-0.5760,-0.5670
2017-07-28,-0.5750,-0.5700
2017-08-04,-0.5720,-0.5610
2017-08-11,-0.5670,-0.5430
2017-08-18,-0.5620,-0.5220
2017-08-25,-0.5580,-0.5040
2017-09-01,-0.5550,-0.4940
2017-09-08,-0.5550,-0.4910
2017-09-15,-0.5580,-0.4960
2017-09-22,-0.5620,-0.5040
2017-09-29,-0.5670,-0.5140
2017-10-06,-0.5740,-0.5240
2017-10-13,-0.5810,-0.5370
2017-10-20,-0.5880,-0.5500
2017-10-27,-0.5930,-0.5640
2017-11-03,-0.5980,-0.5770
2017-11-10,-0.6000,-0.5860
2017-11-17,-0.6010,-0.5900
2017-11-24,-0.6020,-0.5890
2017-12-01,-0.6030,-0.5870
2017-12-08,-0.6040,-0.5850
2017-12-15,-0.6070,-0.5870
2017-12-22,-0.6110,-0.5940
2017-12-29,-0.6140,-0.6050
2018-01-05,-0.6180,-0.6160
2018-01-12,-0.6180,-0.6190
2018-01-19,-0.6140,-0.6140
2018-01-26,-0.6050,-0.5990
2018-02-02,-0.5910,-0.5790
2018-02-09,-0.5740,-0.5570
2018-02-16,-0.5580,-0.5390
2018-02-23,-0.5430,-0.5250
2018-03-02,-0.5290,-0.5110
2018-03-09,-0.5150,-0.4950
2018-03-16,-0.5050,-0.4770
2018-03-23,-0.4970,-0.4590
2018-03-30,-0.4960,-0.4500
2018-04-06,-0.5000,-0.4490
2018-04-13,-0.5100,-0.4610
2018-04-20,-0.5240,-0.4820
2018-04-27,-0.5380,-0.5040
2018-05-04,-0.5500,-0.5210
2018-05-11,-0.5590,-0.5330
2018-05-18,-0.5640,-0.5380
2018-05-25,-0.5640,-0.5370
2018-06-01,-0.5590,-0.5320
2018-06-08,-0.5530,-0.5260
2018-06-15,-0.5470,-0.5180
2018-06-22,-0.5410,-0.5100
2018-06-29,-0.5380,-0.5050
2018-07-06,-0.5390,-0.5080
2018-07-13,-0.5440,-0.5180
2018-07-20,-0.5520,-0.5350
2018-07-27,-0.5610,-0.5560
2018-08-03,-0.5700,-0.5740
2018-08-10,-0.5800,-0.5870
2018-08-17,-0.5870,-0.5930
2018-08-24,-0.5920,-0.5960
2018-08-31,-0.5960,-0.6000
2018-09-07,-0.5980,-0.6060
2018-09-14,-0.5990,-0.6140
2018-09-21,-0.5960,-0.6200
2018-09-28,-0.5920,-0.6190
2018-10-05,-0.5850,-0.6100
2018-10-12,-0.5750,-0.5940
2018-10-19,-0.5640,-0.5790
2018-10-26,-0.5510,-0.5660
2018-11-02,-0.5360,-0.5580
2018-11-09,-0.5200,-0.5520
2018-11-16,-0.5010,-0.5370
2018-11-23,-0.4800,-0.5120
2018-11-30,-0.4600,-0.4790
2018-12-07,-0.4420,-0.4450
2018-12-14,-0.4280,-0.4210
2018-12-21,-0.4230,-0.4130
2018-12-28,-0.4260,-0.4220
2019-01-04,-0.4390,-0.4450
2019-01-11,-0.4580,-0.4700
2019-01-18,-0.4810,-0.4940
2019-01-25,-0.5060,-0.5160
2019-02-01,-0.5290,-0.5370
2019-02-08,-0.5500,-0.5610
2019-02-15,-0.5670,-0.5870
2019-02-22,-0.5800,-0.6110
2019-03-01,-0.5890,-0.6270
2019-03-08,-0.5950,-0.6340
2019-03-15,-0.5980,-0.6330
2019-03-22,-0.6020,-0.6310
2019-03-29,-0.6050,-0.6320
2019-04-05,-0.6080,-0.6400
2019-04-12,-0.6120,-0.6520
2019-04-19,-0.6130,-0.6630
2019-04-26,-0.6130,-0.6680
2019-05-03,-0.6100,-0.6650
2019-05-10,-0.6030,-0.6550
2019-05-17,-0.5950,-0.6440
2019-05-24,-0.5870,-0.6370
2019-05-31,-0.5800,-0.6310
2019-06-07,-0.5740,-0.6280
2019-06-14,-0.5720,-0.6250
2019-06-21,-0.5720,-0.6210
2019-06-28,-0.5740,-0.6170
2019-07-05,-0.5780,-0.6180
2019-07-12,-0.5790,-0.6190
2019-07-19,-0.5790,-0.6210
2019-07-26,-0.5760,-0.6180
2019-08-02,-0.5680,-0.6050
2019-08-09,-0.5580,-0.5840
2019-08-16,-0.5460,-0.5600
2019-08-23,-0.5360,-0.5430
2019-08-30,-0.5260,-0.5360
2019-09-06,-0.5190,-0.5420
2019-09-13,-0.5130,-0.5510
2019-09-20,-0.5090,-0.5550
2019-09-27,-0.5100,-0.5530
2019-10-04,-0.5140,-0.5430
2019-10-11,-0.5230,-0.5350
2019-10-18,-0.5350,-0.5390
2019-10-25,-0.5490,-0.5570
2019-11-01,-0.5610,-0.5840
2019-11-08,-0.5700,-0.6070
2019-11-15,-0.5750,-0.6160
2019-11-22,-0.5740,-0.6060
2019-11-29,-0.5680,-0.5810
2019-12-06,-0.5590,-0.5540
2019-12-13,-0.5520,-0.5410
2019-12-20,-0.5480,-0.5450
2019-12-27,-0.5530,-0.5620
2020-01-03,-0.5670,-0.5810
2020-01-10,-0.5870,-0.5930
2020-01-17,-0.6090,-0.6040
2020-01-24,-0.6220,-0.6170
2020-01-31,-0.6200,-0.6400
2020-02-07,-0.5930,-0.6650
2020-02-14,-0.5330,-0.6620
2020-02-21,-0.4320,-0.5950
2020-02-28,-0.2940,-0.4410
2020-03-06,-0.1340,-0.2150
2020-03-13,0.0310,0.0480
2020-03-20,0.1750,0.2850
2020-03-27,0.2670,0.4320
2020-04-03,0.3050,0.4770
2020-04-10,0.2920,0.4300
2020-04-17,0.2380,0.3320
2020-04-24,0.1590,0.2240
2020-05-01,0.0620,0.1190
2020-05-08,-0.0370,0.0190
2020-05-15,-0.1270,-0.0790
2020-05-22,-0.2060,-0.1870
2020-05-29,-0.2690,-0.2920
2020-06-05,-0.3150,-0.3760
2020-06-12,-0.3450,-0.4210
2020-06-19,-0.3670,-0.4310
2020-06-26,-0.3850,-0.4210
2020-07-03,-0.4010,-0.4120
2020-07-10,-0.4200,-0.4210
2020-07-17,-0.4380,-0.4440
2020-07-24,-0.4570,-0.4740
2020-07-31,-0.4740,-0.4940
2020-08-07,-0.4880,-0.4970
2020-08-14,-0.4990,-0.4950
2020-08-21,-0.5050,-0.5000
2020-08-28,-0.5070,-0.5220
2020-09-04,-0.5050,-0.5600
2020-09-11,-0.5010,-0.5950
2020-09-18,-0.4970,-0.6130
2020-09-25,-0.4920,-0.6020
2020-10-02,-0.4890,-0.5670
2020-10-09,-0.4890,-0.5200
2020-10-16,-0.4920,-0.4830
2020-10-23,-0.4980,-0.4670
2020-10-30,-0.5070,-0.4680
2020-11-06,-0.5200,-0.4830
2020-11-13,-0.5370,-0.5000
2020-11-20,-0.5530,-0.5090
2020-11-27,-0.5670,-0.5120
2020-12-04,-0.5800,-0.5140
2020-12-11,-0.5900,-0.5200
2020-12-18,-0.5970,-0.5290
2020-12-25,-0.6040,-0.5390
2021-01-01,-0.6090,-0.5460
2021-01-08,-0.6130,-0.5490
2021-01-15,-0.6160,-0.5510
2021-01-22,-0.6180,-0.5550
2021-01-29,-0.6180,-0.5650
2021-02-05,-0.6200,-0.5840
2021-02-12,-0.6220,-0.6030
2021-02-19,-0.6240,-0.6170
2021-02-26,-0.6270,-0.6220
2021-03-05,-0.6310,-0.6200
2021-03-12,-0.6360,-0.6150
2021-03-19,-0.6420,-0.6120
2021-03-26,-0.6480,-0.6160
2021-04-02,-0.6550,-0.6240
2021-04-09,-0.6630,-0.6320
2021-04-16,-0.6700,-0.6360
2021-04-23,-0.6760,-0.6360
2021-04-30,-0.6810,-0.6320
2021-05-07,-0.6860,-0.6310
2021-05-14,-0.6890,-0.6340
2021-05-21,-0.6910,-0.6440
2021-05-28,-0.6940,-0.6570
2021-06-04,-0.6950,-0.6680
2021-06-11,-0.6940,-0.6750
2021-06-18,-0.6910,-0.6760
2021-06-25,-0.6870,-0.6760
2021-07-02,-0.6810,-0.6770
2021-07-09,-0.6740,-0.6790
2021-07-16,-0.6680,-0.6800
2021-07-23,-0.6610,-0.6790
2021-07-30,-0.6550,-0.6730
2021-08-06,-0.6510,-0.6650
2021-08-13,-0.6480,-0.6610
2021-08-20,-0.6460,-0.6650
2021-08-27,-0.6470,-0.6780
2021-09-03,-0.6480,-0.6970
2021-09-10,-0.6500,-0.7130
2021-09-17,-0.6520,-0.7200
2021-09-24,-0.6540,-0.7170
2021-10-01,-0.6540,-0.7060
2021-10-08,-0.6520,-0.6920
2021-10-15,-0.6460,-0.6800
2021-10-22,-0.6360,-0.6700
2021-10-29,-0.6220,-0.6560
2021-11-05,-0.6040,-0.6330
2021-11-12,-0.5850,-0.6000
2021-11-19,-0.5670,-0.5620
2021-11-26,-0.5520,-0.5270
2021-12-03,-0.5410,-0.5070
2021-12-10,-0.5390,-0.5080
2021-12-17,-0.5410,-0.5230
2021-12-24,-0.5480,-0.5430
2021-12-31,-0.5560,-0.5590
2022-01-07,-0.5620,-0.5660
2022-01-14,-0.5620,-0.5620
2022-01-21,-0.5560,-0.5550
2022-01-28,-0.5420,-0.5450
2022-02-04,-0.5230,-0.5330
2022-02-11,-0.4970,-0.5060
2022-02-18,-0.4680,-0.4620
2022-02-25,-0.4390,-0.4030
2022-03-04,-0.4120,-0.3410
2022-03-11,-0.3910,-0.2950
2022-03-18,-0.3790,-0.2790
2022-03-25,-0.3730,-0.2920
2022-04-01,-0.3710,-0.3170
2022-04-08,-0.3680,-0.3350
2022-04-15,-0.3610,-0.3260
2022-04-22,-0.3510,-0.2910
2022-04-29,-0.3360,-0.2420
2022-05-06,-0.3190,-0.1980
2022-05-13,-0.3000,-0.1710
2022-05-20,-0.2810,-0.1620
2022-05-27,-0.2590,-0.1530
2022-06-03,-0.2350,-0.1330
2022-06-10,-0.2110,-0.0950
2022-06-17,-0.1870,-0.0490
2022-06-24,-0.1720,-0.0150
2022-07-01,-0.1660,-0.0110
2022-07-08,-0.1690,-0.0420
2022-07-15,-0.1820,-0.0950
2022-07-22,-0.2010,-0.1530
2022-07-29,-0.2190,-0.1950
2022-08-05,-0.2320,-0.2140
2022-08-12,-0.2390,-0.2170
2022-08-19,-0.2370,-0.2110
2022-08-26,-0.2250,-0.2040
2022-09-02,-0.2040,-0.1950
2022-09-09,-0.1780,-0.1790
2022-09-16,-0.1510,-0.1480
2022-09-23,-0.1260,-0.1040
2022-09-30,-0.1070,-0.0600
2022-10-07,-0.0990,-0.0290
2022-10-14,-0.1000,-0.0240
2022-10-21,-0.1100,-0.0450
2022-10-28,-0.1250,-0.0820
2022-11-04,-0.1420,-0.1230
2022-11-11,-0.1590,-0.1520
2022-11-18,-0.1720,-0.1640
2022-11-25,-0.1800,-0.1630
2022-12-02,-0.1850,-0.1600
2022-12-09,-0.1880,-0.1620
2022-12-16,-0.1950,-0.1770
2022-12-23,-0.2050,-0.2000
2022-12-30,-0.2230,-0.2290
2023-01-06,-0.2450,-0.2570
2023-01-13,-0.2690,-0.2810
2023-01-20,-0.2900,-0.3010
2023-01-27,-0.3060,-0.3190
2023-02-03,-0.3140,-0.3310
2023-02-10,-0.3100,-0.3330
2023-02-17,-0.2950,-0.3180
2023-02-24,-0.2700,-0.2780
2023-03-03,-0.2390,-0.2230
2023-03-10,-0.2070,-0.1630
2023-03-17,-0.1750,-0.1140
2023-03-24,-0.1560,-0.0950
2023-03-31,-0.1520,-0.1110
2023-04-07,-0.1550,-0.1460
2023-04-14,-0.1650,-0.1900
2023-04-21,-0.1790,-0.2270
2023-04-28,-0.1900,-0.2490
2023-05-05,-0.1990,-0.2580
2023-05-12,-0.2060,-0.2610
2023-05-19,-0.2110,-0.2640
2023-05-26,-0.2130,-0.2680
2023-06-02,-0.2150,-0.2720
2023-06-09,-0.2160,-0.2700
2023-06-16,-0.2180,-0.2650
2023-06-23,-0.2220,-0.2590
2023-06-30,-0.2270,-0.2580
2023-07-07,-0.2360,-0.2640
2023-07-14,-0.2490,-0.2790
2023-07-21,-0.2640,-0.2960
2023-07-28,-0.2800,-0.3100
2023-08-04,-0.2970,-0.3170
2023-08-11,-0.3130,-0.3170
2023-08-18,-0.3250,-0.3130
2023-08-25,-0.3340,-0.3090
2023-09-01,-0.3390,-0.3070
2023-09-08,-0.3390,-0.3050
2023-09-15,-0.3340,-0.3010
2023-09-22,-0.3250,-0.2930
2023-09-29,-0.3130,-0.2790
2023-10-06,-0.3020,-0.2660
2023-10-13,-0.2920,-0.2560
2023-10-20,-0.2860,-0.2550
2023-10-27,-0.2850,-0.2650
2023-11-03,-0.2900,-0.2850
2023-11-10,-0.2990,-0.3080
2023-11-17,-0.3090,-0.3300
2023-11-24,-0.3200,-0.3460
2023-12-01,-0.3310,-0.3560
2023-12-08,-0.3400,-0.3640
2023-12-15,-0.3490,-0.3740
2023-12-22,-0.3570,-0.3860
2023-12-29,-0.3660,-0.4010
2024-01-05,-0.3740,-0.4180
2024-01-12,-0.3820,-0.4300
2024-01-19,-0.3890,-0.4380
2024-01-26,-0.3950,-0.4420
2024-02-02,-0.4020,-0.4440
2024-02-09,-0.4090,-0.4460
2024-02-16,-0.4170,-0.4520
2024-02-23,-0.4260,-0.4610
2024-03-01,-0.4320,-0.4720
2024-03-08,-0.4360,-0.4830
2024-03-15,-0.4370,-0.4900
2024-03-22,-0.4350,-0.4930
2024-03-29,-0.4310,-0.4900
2024-04-05,-0.4250,-0.4830
2024-04-12,-0.4190,-0.4750
2024-04-19,-0.4140,-0.4690
2024-04-26,-0.4120,-0.4690
2024-05-03,-0.4110,-0.4730
2024-05-10,-0.4120,-0.4790
2024-05-17,-0.4110,-0.4810
2024-05-24,-0.4110,-0.4780
2024-05-31,-0.4070,-0.4670
2024-06-07,-0.4010,-0.4510
2024-06-14,-0.3940,-0.4340
2024-06-21,-0.3860,-0.4200
2024-06-28,-0.3790,-0.4100
2024-07-05,-0.3730,-0.4020
2024-07-12,-0.3670,-0.3940
2024-07-19,-0.3620,-0.3850
2024-07-26,-0.3590,-0.3780
2024-08-02,-0.3570,-0.3750
2024-08-09,-0.3590,-0.3780
2024-08-16,-0.3670,-0.3920
2024-08-23,-0.3780,-0.4110
2024-08-30,-0.3890,-0.4330
2024-09-06,-0.4010,-0.4530
2024-09-13,-0.4110,-0.4700
2024-09-20,-0.4190,-0.4820
2024-09-27,-0.4250,-0.4910
2024-10-04,-0.4300,-0.5000
2024-10-11,-0.4340,-0.5070
2024-10-18,-0.4380,-0.5160
2024-10-25,-0.4430,-0.5260
2024-11-01,-0.4500,-0.5360
2024-11-08,-0.4570,-0.5470
2024-11-15,-0.4650,-0.5550
2024-11-22,-0.4700,-0.5570
2024-11-29,-0.4730,-0.5560
2024-12-06,-0.4760,-0.5500
2024-12-13,-0.4770,-0.5420
2024-12-20,-0.4790,-0.5360
2024-12-27,-0.4830,-0.5360
2025-01-03,-0.4870,-0.5390
2025-01-10,-0.4930,-0.5460
2025-01-17,-0.4990,-0.5500
2025-01-24,-0.5040,-0.5500
2025-01-31,-0.5070,-0.5430
2025-02-07,-0.5060,-0.5290
2025-02-14,-0.5010,-0.5120
2025-02-21,-0.4920,-0.4950
2025-02-28,-0.4780,-0.4810
2025-03-07,-0.4610,-0.4690
2025-03-14,-0.4430,-0.4570
2025-03-21,-0.4250,-0.4430
2025-03-28,-0.4080,-0.4260
2025-04-04,-0.3930,-0.4080
2025-04-11,-0.3820,-0.3950
2025-04-18,-0.3830,-0.3940
2025-04-25,-0.3890,-0.4060
2025-05-02,-0.4030,-0.4270
2025-05-09,-0.4200,-0.4530
2025-05-16,-0.4380,-0.4770
2025-05-23,-0.4520,-0.4920
2025-05-30,-0.4650,-0.5010
2025-06-06,-0.4740,-0.5060
2025-06-13,-0.4810,-0.5130
2025-06-20,-0.4880,-0.5220
2025-06-27,-0.4940,-0.5340
2025-07-04,-0.5010,-0.5460
2025-07-11,-0.5070,-0.5550
2025-07-18,-0.5120,-0.5600
2025-07-25,-0.5160,-0.5630
2025-08-01,-0.5190,-0.5650
2025-08-08,-0.5210,-0.5670
2025-08-15,-0.5240,-0.5680
2025-08-22,-0.5250,-0.5670
2025-08-29,-0.5250,-0.5650
2025-09-05,-0.5260,-0.5620
2025-09-12,-0.5260,-0.5620
2025-09-19,-0.5250,-0.5650
2025-09-26,-0.5240,-0.5700
2025-10-03,-0.5230,-0.5760
2025-10-10,-0.5210,-0.5780
2025-10-17,-0.5180,-0.5760
2025-10-24,-0.5150,-0.5720
2025-10-31,-0.5110,-0.5680
2025-11-07,-0.5080,-0.5640
2025-11-14,-0.5060,-0.5610
2025-11-21,-0.5050,-0.5560
2025-11-28,-0.5070,-0.5510
2025-12-05,-0.5100,-0.5450
2025-12-12,-0.5150,-0.5400
2025-12-19,-0.5240,-0.5420
2025-12-26,-0.5350,-0.5510
2026-01-02,-0.5470,-0.5630
2026-01-09,-0.5580,-0.5730
2026-01-16,-0.5650,-0.5780
2026-01-23,-0.5660,-0.5760
2026-01-30,-0.5630,-0.5670
2026-02-06,-0.5540,-0.5540
2026-02-13,-0.5410,-0.5390
2026-02-20,-0.5250,-0.5210
2026-02-27,-0.5060,-0.4990
2026-03-06,-0.4880,-0.4740
2026-03-13,-0.4720,-0.4510
2026-03-20,-0.4630,-0.4380
2026-03-27,-0.4590,-0.4340
2026-04-03,-0.4640,-0.4440
2026-04-10,-0.4740,-0.4620
2026-04-17,-0.4850,-0.4790
2026-04-24,-0.4950,-0.4890
2026-05-01,-0.5020,-0.4920
2026-05-08,-0.5070,-0.4900
2026-05-15,-0.5080,-0.4900
2026-05-22,-0.5070,-0.4950
2026-05-29,-0.5060,-0.5060
2026-06-05,-0.5050,-0.5230
2026-06-12,-0.5050,-0.5370
2026-06-19,-0.5070,-0.5480
2026-06-26,-0.5100,-0.5530
2026-07-03,-0.5160,-0.5570
2026-07-10,-0.5220,-0.5600
2026-07-17,-0.5280,-0.5640
2026-07-24,-0.5350,-0.5700
2026-07-31,-0.5400,-0.5730
2026-08-07,-0.5450,-0.5740
2026-08-14,-0.5490,-0.5730
2026-08-21,-0.5510,-0.5700
2026-08-28,-0.5490,-0.5660
2026-09-04,-0.5450,-0.5610
2026-09-11,-0.5360,-0.5530
2026-09-18,-0.5240,-0.5410
2026-09-25,-0.5100,-0.5240
2026-10-02,-0.4940,-0.5040
