Date,Q
1945-10-01,0.5208
1946-10-01,0.4577
1947-10-01,0.3829
1948-10-01,0.3471
1949-10-01,0.3714
1950-10-01,0.4192
1951-10-01,0.4672
1952-01-01,0.4663
1952-04-01,0.4870
1952-07-01,0.4834
1952-10-01,0.4342
1953-01-01,0.4140
1953-04-01,0.3709
1953-07-01,0.3483
1953-10-01,0.4049
1954-01-01,0.4489
1954-04-01,0.5130
1954-07-01,0.6029
1954-10-01,0.6155
1955-01-01,0.6413
1955-04-01,0.7518
1955-07-01,0.8154
1955-10-01,0.8055
1956-01-01,0.8682
1956-04-01,0.7950
1956-07-01,0.7316
1956-10-01,0.8255
1957-01-01,0.7266
1957-04-01,0.8066
1957-07-01,0.6586
1957-10-01,0.6584
1958-01-01,0.7226
1958-04-01,0.7983
1958-07-01,0.9642
1958-10-01,1.0421
1959-01-01,1.0680
1959-04-01,1.1402
1959-07-01,1.0714
1959-10-01,1.2129
1960-01-01,1.0468
1960-04-01,1.0938
1960-07-01,0.9219
1960-10-01,1.2083
1961-01-01,1.5641
1961-04-01,1.5292
1961-07-01,1.6050
1961-10-01,1.7282
1962-01-01,1.6459
1962-04-01,1.2546
1962-07-01,1.2923
1962-10-01,1.5557
1963-01-01,1.6056
1963-04-01,1.6418
1963-07-01,1.6621
1963-10-01,1.5753
1964-01-01,1.6219
1964-04-01,1.6146
1964-07-01,1.6246
1964-10-01,1.6575
1965-01-01,1.6509
1965-04-01,1.5533
1965-07-01,1.6373
1965-10-01,1.6361
1966-01-01,1.5576
1966-04-01,1.4294
1966-07-01,1.2677
1966-10-01,1.2913
1967-01-01,1.4272
1967-04-01,1.4277
1967-07-01,1.4556
1967-10-01,1.4754
1968-01-01,1.3245
1968-04-01,1.4224
1968-07-01,1.3826
1968-10-01,1.5344
1969-01-01,1.4185
1969-04-01,1.3306
1969-07-01,1.2436
1969-10-01,1.1360
1970-01-01,1.0665
1970-04-01,0.8305
1970-07-01,0.9482
1970-10-01,1.0105
1971-01-01,1.0649
1971-04-01,1.0365
1971-07-01,0.9847
1971-10-01,1.0224
1972-01-01,1.0326
1972-04-01,1.0077
1972-07-01,1.0014
1972-10-01,1.0847
1973-01-01,0.9876
1973-04-01,0.8906
1973-07-01,0.8988
1973-10-01,0.7348
1974-01-01,0.6785
1974-04-01,0.5946
1974-07-01,0.4188
1974-10-01,0.3809
1975-01-01,0.4900
1975-04-01,0.5404
1975-07-01,0.4765
1975-10-01,0.4990
1976-01-01,0.5524
1976-04-01,0.5431
1976-07-01,0.5348
1976-10-01,0.5208
1977-01-01,0.4689
1977-04-01,0.4681
1977-07-01,0.4367
1977-10-01,0.4090
1978-01-01,0.3766
1978-04-01,0.3886
1978-07-01,0.4002
1978-10-01,0.3663
1979-01-01,0.3747
1979-04-01,0.3630
1979-07-01,0.3693
1979-10-01,0.3672
1980-01-01,0.3382
1980-04-01,0.3661
1980-07-01,0.3953
1980-10-01,0.4189
1981-01-01,0.4068
1981-04-01,0.3850
1981-07-01,0.3287
1981-10-01,0.3421
1982-01-01,0.2983
1982-04-01,0.2908
1982-07-01,0.3116
1982-10-01,0.3627
1983-01-01,0.3932
1983-04-01,0.4382
1983-07-01,0.4306
1983-10-01,0.4039
1984-01-01,0.3809
1984-04-01,0.3611
1984-07-01,0.3727
1984-10-01,0.3686
1985-01-01,0.3957
1985-04-01,0.4091
1985-07-01,0.3864
1985-10-01,0.4215
1986-01-01,0.4619
1986-04-01,0.4805
1986-07-01,0.4378
1986-10-01,0.4688
1987-01-01,0.5467
1987-04-01,0.5543
1987-07-01,0.5763
1987-10-01,0.4594
1988-01-01,0.4802
1988-04-01,0.4910
1988-07-01,0.4765
1988-10-01,0.4805
1989-01-01,0.4798
1989-04-01,0.5073
1989-07-01,0.5438
1989-10-01,0.5556
1990-01-01,0.5377
1990-04-01,0.5563
1990-07-01,0.4766
1990-10-01,0.5364
1991-01-01,0.6078
1991-04-01,0.6015
1991-07-01,0.6414
1991-10-01,0.7250
1992-01-01,0.7358
1992-04-01,0.7330
1992-07-01,0.7599
1992-10-01,0.8514
1993-01-01,0.8682
1993-04-01,0.8654
1993-07-01,0.8780
1993-10-01,0.8798
1994-01-01,0.8379
1994-04-01,0.8055
1994-07-01,0.8281
1994-10-01,0.8048
1995-01-01,0.8473
1995-04-01,0.8919
1995-07-01,0.9369
1995-10-01,0.9561
1996-01-01,0.9810
1996-04-01,1.0104
1996-07-01,1.0070
1996-10-01,0.9853
1997-01-01,0.9562
1997-04-01,1.0697
1997-07-01,1.1171
1997-10-01,1.0640
1998-01-01,1.1843
1998-04-01,1.1837
1998-07-01,1.0885
1998-10-01,1.2075
1999-01-01,1.2408
1999-04-01,1.3099
1999-07-01,1.2397
1999-10-01,1.3843
2000-01-01,1.4668
2000-04-01,1.3693
2000-07-01,1.2885
2000-10-01,1.1043
2001-01-01,1.0022
2001-04-01,1.0600
2001-07-01,0.9037
2001-10-01,1.0649
2002-01-01,1.0605
2002-04-01,0.9322
2002-07-01,0.7819
2002-10-01,0.8406
2003-01-01,0.7991
2003-04-01,0.8994
2003-07-01,0.9374
2003-10-01,0.9685
2004-01-01,0.9608
2004-04-01,0.9462
2004-07-01,0.8932
2004-10-01,0.9403
2005-01-01,0.9152
2005-04-01,0.9149
2005-07-01,0.9137
2005-10-01,0.8777
2006-01-01,0.9087
2006-04-01,0.8583
2006-07-01,0.8559
2006-10-01,0.8688
2007-01-01,0.8823
2007-04-01,0.8840
2007-07-01,0.8760
2007-10-01,0.8474
2008-01-01,0.8476
2008-04-01,0.8472
2008-07-01,0.8128
2008-10-01,0.7255
2009-01-01,0.6911
2009-04-01,0.8272
2009-07-01,0.9065
2009-10-01,0.9584
2010-01-01,0.9728
2010-04-01,0.8719
2010-07-01,0.9310
2010-10-01,1.1077
2011-01-01,1.1366
2011-04-01,1.1356
2011-07-01,1.0517
2011-10-01,1.1101
2012-01-01,1.1744
2012-04-01,1.1572
2012-07-01,1.1926
2012-10-01,1.1783
2013-01-01,1.2933
2013-04-01,1.2964
2013-07-01,1.2834
2013-10-01,1.3302
2014-01-01,1.3809
2014-04-01,1.3772
2014-07-01,1.3735
2014-10-01,1.4248
2015-01-01,1.3943
2015-04-01,1.3547
2015-07-01,1.2961
2015-10-01,1.3610
2016-01-01,1.4090
2016-04-01,1.3958
2016-07-01,1.3615
2016-10-01,1.3540
2017-01-01,1.3997
2017-04-01,1.3353
2017-07-01,1.3472
2017-10-01,1.3665
2018-01-01,1.3548
2018-04-01,1.3991
2018-07-01,1.4620
2018-10-01,1.3194
2019-01-01,1.4272
2019-04-01,1.3890
2019-07-01,1.3870
2019-10-01,1.4433
2020-01-01,1.2414
2020-04-01,1.4762
2020-07-01,1.5520
2020-10-01,1.6567
2021-01-01,1.7102
2021-04-01,1.7528
2021-07-01,1.6590
2021-10-01,1.7042
2022-01-01,1.6522
2022-04-01,1.4351
2022-07-01,1.3907
2022-10-01,1.4010
2023-01-01,1.4710
2023-04-01,1.5387
2023-07-01,1.5075
2023-10-01,1.6448
2024-01-01,1.7444
2024-04-01,1.7761
2024-07-01,1.8536
2024-10-01,1.8834
2025-01-01,1.8064
2025-04-01,1.9135
2025-07-01,1.9508
2025-10-01,1.9411
2026-01-01,1.8555
2026-04-01,2.1242
