Date,TR
1871-01-01,100.0000
1871-02-01,101.8393
1871-03-01,104.8191
1871-04-01,108.2676
1871-05-01,111.5034
1871-06-01,111.0828
1871-07-01,109.5080
1871-08-01,111.3987
1871-09-01,113.0654
1871-10-01,107.7314
1871-11-01,109.4135
1871-12-01,112.2825
1872-01-01,115.6448
1872-02-01,116.6496
1872-03-01,121.0120
1872-04-01,124.9202
1872-05-01,125.4763
1872-06-01,124.8304
1872-07-01,124.6748
1872-08-01,123.7921
1872-09-01,122.1751
1872-10-01,123.2720
1872-11-01,123.3892
1872-12-01,127.0037
1873-01-01,128.6371
1873-02-01,130.2839
1873-03-01,129.9203
1873-04-01,128.7973
1873-05-01,129.7184
1873-06-01,128.5946
1873-07-01,129.0196
1873-08-01,129.7118
1873-09-01,120.4956
1873-10-01,110.7059
1873-11-01,107.4638
1873-12-01,118.3032
1874-01-01,125.4630
1874-02-01,129.9727
1874-03-01,128.8219
1874-04-01,126.0303
1874-05-01,123.4960
1874-06-01,123.7027
1874-07-01,124.4655
1874-08-01,125.5120
1874-09-01,128.2497
1874-10-01,128.7440
1874-11-01,130.6624
1874-12-01,130.5909
1875-01-01,131.3759
1875-02-01,131.8703
1875-03-01,134.3992
1875-04-01,136.9369
1875-05-01,132.4153
1875-06-01,130.5268
1875-07-01,131.6009
1875-08-01,132.9749
1875-09-01,132.5414
1875-10-01,131.1892
1875-11-01,134.0939
1875-12-01,134.8611
1876-01-01,138.4100
1876-02-01,141.0479
1876-03-01,141.5160
1876-04-01,136.9661
1876-05-01,132.7057
1876-06-01,132.5469
1876-07-01,131.7484
1876-08-01,127.0890
1876-09-01,120.1363
1876-10-01,120.2991
1876-11-01,118.8241
1876-12-01,118.9891
1877-01-01,118.7974
1877-02-01,112.5555
1877-03-01,107.5919
1877-04-01,100.5303
1877-05-01,101.2546
1877-06-01,94.7253
1877-07-01,99.5709
1877-08-01,107.2183
1877-09-01,114.5347
1877-10-01,117.6228
1877-11-01,116.4359
1877-12-01,116.6443
1878-01-01,117.2101
1878-02-01,115.2515
1878-03-01,117.9924
1878-04-01,121.8365
1878-05-01,122.7689
1878-06-01,125.9086
1878-07-01,129.0600
1878-08-01,128.5139
1878-09-01,131.6879
1878-10-01,130.7579
1878-11-01,130.9483
1878-12-01,130.7596
1879-01-01,136.2607
1879-02-01,141.7901
1879-03-01,140.0862
1879-04-01,145.2889
1879-05-01,152.4451
1879-06-01,153.8316
1879-07-01,157.5598
1879-08-01,159.3581
1879-09-01,165.8675
1879-10-01,184.5921
1879-11-01,195.1046
1879-12-01,195.3684
1880-01-01,203.5915
1880-02-01,207.8745
1880-03-01,212.5883
1880-04-01,208.5103
1880-05-01,192.7614
1880-06-01,194.3441
1880-07-01,204.0647
1880-08-01,212.2110
1880-09-01,212.6369
1880-10-01,219.6496
1880-11-01,232.0641
1880-12-01,242.4746
1881-01-01,257.9234
1881-02-01,258.0275
1881-03-01,261.9133
1881-04-01,262.0532
1881-05-01,274.8504
1881-06-01,279.2551
1881-07-01,270.5372
1881-08-01,265.2116
1881-09-01,268.4377
1881-10-01,265.2522
1881-11-01,268.1096
1881-12-01,261.4682
1882-01-01,258.7129
1882-02-01,254.1970
1882-03-01,254.9288
1882-04-01,256.1049
1882-05-01,254.1849
1882-06-01,254.0365
1882-07-01,269.5410
1882-08-01,278.8252
1882-09-01,282.7354
1882-10-01,276.2409
1882-11-01,265.6221
1882-12-01,268.2128
1883-01-01,268.0628
1883-02-01,263.3017
1883-03-01,267.7925
1883-04-01,274.6359
1883-05-01,271.2213
1883-06-01,274.8446
1883-07-01,271.8766
1883-08-01,260.8319
1883-09-01,264.9943
1883-10-01,259.1174
1883-11-01,264.2917
1883-12-01,259.8142
1884-01-01,253.3607
1884-02-01,261.5398
1884-03-01,261.8881
1884-04-01,251.3603
1884-05-01,232.3249
1884-06-01,224.1643
1884-07-01,225.4975
1884-08-01,240.9887
1884-09-01,234.6970
1884-10-01,228.3622
1884-11-01,225.0692
1884-12-01,225.8884
1885-01-01,222.0030
1885-02-01,230.1113
1885-03-01,231.9214
1885-04-01,232.6569
1885-05-01,231.2408
1885-06-01,231.3969
1885-07-01,241.2142
1885-08-01,255.9219
1885-09-01,253.8277
1885-10-01,269.7110
1885-11-01,288.3761
1885-12-01,287.2754
1886-01-01,288.3725
1886-02-01,295.0120
1886-03-01,289.9791
1886-04-01,287.1543
1886-05-01,282.6287
1886-06-01,296.6570
1886-07-01,302.2525
1886-08-01,305.5921
1886-09-01,314.6261
1886-10-01,323.6828
1886-11-01,332.7617
1886-12-01,325.1946
1887-01-01,322.8041
1887-02-01,321.5748
1887-03-01,330.2212
1887-04-01,338.9087
1887-05-01,345.8841
1887-06-01,337.0660
1887-07-01,329.9948
1887-08-01,322.9108
1887-09-01,319.9607
1887-10-01,310.4699
1887-11-01,317.6719
1887-12-01,317.1225
1888-01-01,320.7746
1888-02-01,320.2042
1888-03-01,309.3134
1888-04-01,311.7657
1888-05-01,317.2761
1888-06-01,308.6845
1888-07-01,317.9178
1888-08-01,325.9416
1888-09-01,335.2283
1888-10-01,334.5704
1888-11-01,328.8989
1888-12-01,323.8252
1889-01-01,331.3286
1889-02-01,336.3254
1889-03-01,330.5481
1889-04-01,331.1144
1889-05-01,341.2663
1889-06-01,348.2424
1889-07-01,342.3643
1889-08-01,348.0881
1889-09-01,357.7167
1889-10-01,352.4144
1889-11-01,350.3521
1889-12-01,349.5881
1890-01-01,354.7355
1890-02-01,351.9882
1890-03-01,350.5547
1890-04-01,359.0751
1890-05-01,375.6188
1890-06-01,374.1707
1890-07-01,372.7178
1890-08-01,365.2051
1890-09-01,360.3672
1890-10-01,345.3519
1890-11-01,321.4447
1890-12-01,315.1887
1891-01-01,332.8895
1891-02-01,338.2772
1891-03-01,333.3296
1891-04-01,345.6879
1891-05-01,345.5720
1891-06-01,339.8707
1891-07-01,335.5493
1891-08-01,348.0943
1891-09-01,377.6317
1891-10-01,378.9306
1891-11-01,374.5465
1891-12-01,387.2692
1892-01-01,395.7501
1892-02-01,397.8049
1892-03-01,403.4801
1892-04-01,404.1230
1892-05-01,405.5033
1892-06-01,404.7146
1892-07-01,406.1252
1892-08-01,413.4150
1892-09-01,404.5570
1892-10-01,414.1339
1892-11-01,414.1234
1892-12-01,411.1494
1893-01-01,420.1086
1893-02-01,414.1284
1893-03-01,400.6154
1893-04-01,402.1450
1893-05-01,368.0914
1893-06-01,352.1522
1893-07-01,320.8697
1893-08-01,314.7716
1893-09-01,338.7362
1893-10-01,350.4170
1893-11-01,357.4850
1893-12-01,346.5988
1894-01-01,341.1411
1894-02-01,347.4802
1894-03-01,359.3802
1894-04-01,365.7332
1894-05-01,353.6841
1894-06-01,350.4018
1894-07-01,344.6607
1894-08-01,359.1452
1894-09-01,366.3390
1894-10-01,356.3675
1894-11-01,357.8271
1894-12-01,355.9720
1895-01-01,353.2698
1895-02-01,349.7142
1895-03-01,351.1401
1895-04-01,367.6446
1895-05-01,389.2497
1895-06-01,398.2562
1895-07-01,401.3512
1895-08-01,408.6972
1895-09-01,412.6434
1895-10-01,408.0297
1895-11-01,395.6578
1895-12-01,373.7487
1896-01-01,370.7869
1896-02-01,387.7799
1896-03-01,383.0416
1896-04-01,387.9003
1896-05-01,387.5039
1896-06-01,381.8161
1896-07-01,358.4255
1896-08-01,339.3752
1896-09-01,358.5449
1896-10-01,367.9459
1896-11-01,394.4260
1896-12-01,381.3685
1897-01-01,382.7241
1897-02-01,380.4568
1897-03-01,382.7323
1897-04-01,372.2277
1897-05-01,375.4365
1897-06-01,394.3004
1897-07-01,413.2305
1897-08-01,441.4895
1897-09-01,464.2611
1897-10-01,450.7434
1897-11-01,436.2486
1897-12-01,447.0375
1898-01-01,460.6973
1898-02-01,461.1952
1898-03-01,441.8209
1898-04-01,435.6980
1898-05-01,465.7956
1898-06-01,485.4828
1898-07-01,488.9344
1898-08-01,508.7717
1898-09-01,509.3751
1898-10-01,500.3101
1898-11-01,518.4306
1898-12-01,552.2130
1899-01-01,595.8753
1899-02-01,620.0639
1899-03-01,630.5662
1899-04-01,640.1175
1899-05-01,615.1269
1899-06-01,602.9515
1899-07-01,625.5150
1899-08-01,643.1673
1899-09-01,637.9033
1899-10-01,636.6374
1899-11-01,650.4379
1899-12-01,607.8976
1900-01-01,617.8062
1900-02-01,630.8460
1900-03-01,637.8935
1900-04-01,648.0835
1900-05-01,619.5254
1900-06-01,603.2423
1900-07-01,605.4942
1900-08-01,616.0852
1900-09-01,603.9631
1900-10-01,628.3039
1900-11-01,679.9874
1900-12-01,723.5360
1901-01-01,747.2475
1901-02-01,768.9435
1901-03-01,799.2152
1901-04-01,868.9798
1901-05-01,827.9532
1901-06-01,913.1942
1901-07-01,854.7471
1901-08-01,869.4177
1901-09-01,867.9308
1901-10-01,861.0299
1901-11-01,882.4223
1901-12-01,871.1372
1902-01-01,892.6946
1902-02-01,903.3375
1902-03-01,907.4048
1902-04-01,941.3707
1902-05-01,942.1496
1902-06-01,939.5975
1902-07-01,963.8583
1902-08-01,992.6872
1902-09-01,998.0038
1902-10-01,969.5137
1902-11-01,935.2847
1902-12-01,916.8401
1903-01-01,966.6845
1903-02-01,964.1449
1903-03-01,929.5133
1903-04-01,894.7783
1903-05-01,880.7149
1903-06-01,835.3272
1903-07-01,800.2475
1903-08-01,777.8883
1903-09-01,762.4889
1903-10-01,741.1453
1903-11-01,746.9495
1903-12-01,784.9116
1904-01-01,801.5048
1904-02-01,783.3400
1904-03-01,784.3442
1904-04-01,807.1070
1904-05-01,793.4658
1904-06-01,798.0435
1904-07-01,834.4795
1904-08-01,866.1037
1904-09-01,907.6998
1904-10-01,964.2936
1904-11-01,1019.8006
1904-12-01,1033.0110
1905-01-01,1058.8018
1905-02-01,1108.5528
1905-03-01,1143.3525
1905-04-01,1132.7896
1905-05-01,1080.3981
1905-06-01,1096.4982
1905-07-01,1134.3412
1905-08-01,1179.9887
1905-09-01,1187.3102
1905-10-01,1207.5350
1905-11-01,1204.6140
1905-12-01,1237.9317
1906-01-01,1284.3844
1906-02-01,1278.9808
1906-03-01,1251.4381
1906-04-01,1238.2747
1906-05-01,1209.3772
1906-06-01,1229.1932
1906-07-01,1201.5561
1906-08-01,1294.5762
1906-09-01,1338.7321
1906-10-01,1303.0093
1906-11-01,1334.1918
1906-12-01,1326.5780
1907-01-01,1293.3608
1907-02-01,1257.3593
1907-03-01,1138.4352
1907-04-01,1148.5845
1907-05-01,1113.6376
1907-06-01,1082.7032
1907-07-01,1129.0047
1907-08-01,1049.3305
1907-09-01,1043.1758
1907-10-01,934.8127
1907-11-01,885.0299
1907-12-01,935.5356
1908-01-01,980.5882
1908-02-01,949.9693
1908-03-01,993.9894
1908-04-01,1052.6678
1908-05-01,1114.5011
1908-06-01,1121.0742
1908-07-01,1167.2561
1908-08-01,1222.4416
1908-09-01,1214.1786
1908-10-01,1234.0768
1908-11-01,1322.6570
1908-12-01,1357.6083
1909-01-01,1367.1714
1909-02-01,1333.0512
1909-03-01,1356.4049
1909-04-01,1422.4675
1909-05-01,1475.0813
1909-06-01,1506.4823
1909-07-01,1533.4260
1909-08-01,1575.9359
1909-09-01,1583.0312
1909-10-01,1594.8548
1909-11-01,1592.7332
1909-12-01,1617.2448
1910-01-01,1588.4916
1910-02-01,1537.6037
1910-03-01,1581.4684
1910-04-01,1549.3150
1910-05-01,1529.8224
1910-06-01,1462.2793
1910-07-01,1394.4881
1910-08-01,1434.5689
1910-09-01,1450.5423
1910-10-01,1523.5986
1910-11-01,1528.3326
1910-12-01,1492.0805
1911-01-01,1534.8095
1911-02-01,1567.7850
1911-03-01,1556.0086
1911-04-01,1555.8695
1911-05-01,1595.9678
1911-06-01,1634.5482
1911-07-01,1634.4073
1911-08-01,1562.9833
1911-09-01,1484.4365
1911-10-01,1499.7032
1911-11-01,1566.6337
1911-12-01,1580.3080
1912-01-01,1588.8484
1912-02-01,1581.7593
1912-03-01,1634.1420
1912-04-01,1692.0295
1912-05-01,1697.2374
1912-06-01,1704.2501
1912-07-01,1713.0827
1912-08-01,1759.4779
1912-09-01,1775.5826
1912-10-01,1779.1587
1912-11-01,1766.4900
1912-12-01,1710.2092
1913-01-01,1702.9162
1913-02-01,1649.8145
1913-03-01,1625.9042
1913-04-01,1631.4470
1913-05-01,1594.3265
1913-06-01,1521.6028
1913-07-01,1549.7113
1913-08-01,1598.6693
1913-09-01,1621.3723
1913-10-01,1577.6542
1913-11-01,1545.1843
1913-12-01,1550.9428
1914-01-01,1622.2366
1914-02-01,1651.1475
1914-03-01,1627.5388
1914-04-01,1595.9139
1914-05-01,1613.1932
1914-06-01,1612.6995
1914-07-01,1530.7917
1914-08-01,1538.1002
1914-09-01,1545.3601
1914-10-01,1552.5704
1914-11-01,1559.7302
1914-12-01,1499.8187
1915-01-01,1533.5017
1915-02-01,1520.2048
1915-03-01,1566.5955
1915-04-01,1691.8558
1915-05-01,1659.7127
1915-06-01,1685.8958
1915-07-01,1687.0455
1915-08-01,1766.1447
1915-09-01,1839.2493
1915-10-01,1948.7742
1915-11-01,2024.6286
1915-12-01,2036.5780
1916-01-01,2012.2451
1916-02-01,1992.3257
1916-03-01,1994.1755
1916-04-01,1981.0060
1916-05-01,2033.5016
1916-06-01,2062.2931
1916-07-01,2042.9370
1916-08-01,2067.9610
1916-09-01,2162.2329
1916-10-01,2239.2644
1916-11-01,2301.1395
1916-12-01,2219.2511
1917-01-01,2177.9383
1917-02-01,2066.0772
1917-03-01,2141.4387
1917-04-01,2120.8006
1917-05-01,2060.9425
1917-06-01,2114.9279
1917-07-01,2068.8354
1917-08-01,2020.3253
1917-09-01,1936.1944
1917-10-01,1844.5570
1917-11-01,1704.4379
1917-12-01,1660.2533
1918-01-01,1774.1922
1918-02-01,1842.0676
1918-03-01,1818.5149
1918-04-01,1814.5598
1918-05-01,1885.8670
1918-06-01,1901.7093
1918-07-01,1930.2137
1918-08-01,1961.2702
1918-09-01,1963.8576
1918-10-01,2060.0102
1918-11-01,2125.0954
1918-12-01,2095.4337
1919-01-01,2094.6976
1919-02-01,2115.2288
1919-03-01,2192.1787
1919-04-01,2277.5958
1919-05-01,2447.5627
1919-06-01,2525.5554
1919-07-01,2620.3140
1919-08-01,2456.4480
1919-09-01,2507.6817
1919-10-01,2648.1578
1919-11-01,2582.2871
1919-12-01,2518.8304
1920-01-01,2505.8480
1920-02-01,2311.1387
1920-03-01,2486.2574
1920-04-01,2478.6892
1920-05-01,2335.5809
1920-06-01,2307.5694
1920-07-01,2317.2401
1920-08-01,2239.0393
1920-09-01,2331.2279
1920-10-01,2346.8607
1920-11-01,2240.4305
1920-12-01,2052.4799
1921-01-01,2155.6012
1921-02-01,2153.1177
1921-03-01,2110.8660
1921-04-01,2132.6829
1921-05-01,2210.0788
1921-06-01,2045.6939
1921-07-01,2051.9611
1921-08-01,2039.3052
1921-09-01,2102.3419
1921-10-01,2143.3789
1921-11-01,2270.9206
1921-12-01,2363.6660
1922-01-01,2372.9406
1922-02-01,2437.6358
1922-03-01,2541.9950
1922-04-01,2709.4005
1922-05-01,2828.2269
1922-06-01,2815.1026
1922-07-01,2848.6728
1922-08-01,2969.5517
1922-09-01,3060.8438
1922-10-01,3142.5367
1922-11-01,3000.7323
1922-12-01,3008.4046
1923-01-01,3064.1326
1923-02-01,3209.6875
1923-03-01,3276.4119
1923-04-01,3176.7153
1923-05-01,3041.6845
1923-06-01,2941.1137
1923-07-01,2857.7028
1923-08-01,2887.3464
1923-09-01,2920.7648
1923-10-01,2893.4894
1923-11-01,2995.8335
1923-12-01,3113.2639
1924-01-01,3231.3525
1924-02-01,3262.2540
1924-03-01,3216.1276
1924-04-01,3158.7272
1924-05-01,3164.2487
1924-06-01,3240.8333
1924-07-01,3407.9978
1924-08-01,3542.0816
1924-09-01,3525.1739
1924-10-01,3496.8042
1924-11-01,3709.6349
1924-12-01,3927.3772
1925-01-01,4107.5817
1925-02-01,4160.5862
1925-03-01,4069.6830
1925-04-01,4045.0945
1925-05-01,4193.6639
1925-06-01,4287.7018
1925-07-01,4425.9670
1925-08-01,4505.1592
1925-09-01,4628.8842
1925-10-01,4801.5357
1925-11-01,4971.0029
1925-12-01,5072.3692
1926-01-01,5170.3257
1926-02-01,5199.4471
1926-03-01,4867.8131
1926-04-01,4753.4339
1926-05-01,4808.5559
1926-06-01,5059.6948
1926-07-01,5295.4971
1926-08-01,5528.3815
1926-09-01,5636.0943
1926-10-01,5532.9563
1926-11-01,5629.3687
1926-12-01,5781.9464
1927-01-01,5768.2559
1927-02-01,5905.4062
1927-03-01,6021.7707
1927-04-01,6195.3145
1927-05-01,6435.2248
1927-06-01,6545.0323
1927-07-01,6717.0720
1927-08-01,7101.8876
1927-09-01,7532.7414
1927-10-01,7445.1670
1927-11-01,7643.1729
1927-12-01,7851.1275
1928-01-01,7911.7084
1928-02-01,7846.3906
1928-03-01,8297.5278
1928-04-01,8850.5713
1928-05-01,9154.8401
1928-06-01,8737.1506
1928-07-01,8832.7256
1928-08-01,9150.1728
1928-09-01,9825.1792
1928-10-01,10057.1059
1928-11-01,10769.6123
1928-12-01,10844.7256
1929-01-01,11679.3556
1929-02-01,11774.4912
1929-03-01,12016.3575
1929-04-01,11980.5242
1929-05-01,12196.1547
1929-06-01,12465.0943
1929-07-01,13612.2961
1929-08-01,14423.6329
1929-09-01,15036.1980
1929-10-01,13484.1389
1929-11-01,9952.9228
1929-12-01,10388.5849
1930-01-01,10578.3465
1930-02-01,11280.4714
1930-03-01,11745.4995
1930-04-01,12531.0391
1930-05-01,11822.8746
1930-06-01,10667.8726
1930-07-01,10480.1521
1930-08-01,10386.2943
1930-09-01,10421.9936
1930-10-01,9028.4782
1930-11-01,8414.6223
1930-12-01,7893.9823
1931-01-01,8174.1950
1931-02-01,8838.8939
1931-03-01,9048.7320
1931-04-01,8226.5646
1931-05-01,7472.4326
1931-06-01,7271.6729
1931-07-01,7551.5782
1931-08-01,7363.3289
1931-09-01,6304.7400
1931-10-01,5500.2905
1931-11-01,5612.6798
1931-12-01,4596.2031
1932-01-01,4555.9636
1932-02-01,4552.6107
1932-03-01,4603.3182
1932-04-01,3532.9863
1932-05-01,3131.9952
1932-06-01,2742.6274
1932-07-01,2910.9655
1932-08-01,4404.5397
1932-09-01,4859.8119
1932-10-01,4216.2153
1932-11-01,4200.7549
1932-12-01,4088.5361
1933-01-01,4275.1280
1933-02-01,3793.2465
1933-03-01,3805.6378
1933-04-01,4233.2376
1933-05-01,5474.0759
1933-06-01,6436.3078
1933-07-01,6980.6683
1933-08-01,6656.3956
1933-09-01,6623.9038
1933-10-01,6002.5215
1933-11-01,6170.3931
1933-12-01,6313.4015
1934-01-01,6697.6093
1934-02-01,7216.6475
1934-03-01,6870.3982
1934-04-01,7009.1762
1934-05-01,6320.4648
1934-06-01,6428.1145
1934-07-01,6148.1941
1934-08-01,5932.1471
1934-09-01,5813.0424
1934-10-01,5883.3215
1934-11-01,6072.2670
1934-12-01,6136.6199
1935-01-01,6161.4712
1935-02-01,6000.1152
1935-03-01,5644.3177
1935-04-01,6092.1196
1935-05-01,6595.4907
1935-06-01,6870.5847
1935-07-01,7255.3012
1935-08-01,7770.7796
1935-09-01,7959.8663
1935-10-01,8198.1138
1935-11-01,8994.7706
1935-12-01,9021.7871
1936-01-01,9547.5967
1936-02-01,10124.0838
1936-03-01,10368.7781
1936-04-01,10412.7761
1936-05-01,9891.0487
1936-06-01,10344.4177
1936-07-01,10990.5037
1936-08-01,11244.1941
1936-09-01,11407.7438
1936-10-01,12043.0869
1936-11-01,12418.8144
1936-12-01,12247.1257
1937-01-01,12671.2763
1937-02-01,13090.2905
1937-03-01,13121.0104
1937-04-01,12384.8122
1937-05-01,11880.6098
1937-06-01,11485.8080
1937-07-01,12218.7668
1937-08-01,12392.8758
1937-09-01,10685.8324
1937-10-01,9180.0001
1937-11-01,8421.8527
1937-12-01,8336.6315
1938-01-01,8606.0296
1938-02-01,8450.4633
1938-03-01,7941.4454
1938-04-01,7667.1450
1938-05-01,7785.5848
1938-06-01,8013.1194
1938-07-01,9652.9791
1938-08-01,9753.3119
1938-09-01,9353.1964
1938-10-01,10436.4425
1938-11-01,10481.7256
1938-12-01,10211.0613
1939-01-01,10092.5983
1939-02-01,10046.6210
1939-03-01,10073.6280
1939-04-01,8840.7355
1939-05-01,9203.0905
1939-06-01,9403.1874
1939-07-01,9670.5571
1939-08-01,9568.0156
1939-09-01,10626.5223
1939-10-01,10774.9219
1939-11-01,10624.5741
1939-12-01,10416.3314
1940-01-01,10401.1274
1940-02-01,10377.6380
1940-03-01,10362.7764
1940-04-01,10510.3761
1940-05-01,9108.6595
1940-06-01,8371.8453
1940-07-01,8696.2627
1940-08-01,8927.1861
1940-09-01,9352.3944
1940-10-01,9489.4983
1940-11-01,9759.9741
1940-12-01,9409.6047
1941-01-01,9477.6175
1941-02-01,8935.3621
1941-03-01,9040.7674
1941-04-01,8810.8361
1941-05-01,8671.1992
1941-06-01,9027.5183
1941-07-01,9543.4352
1941-08-01,9550.9282
1941-09-01,9633.5595
1941-10-01,9302.9808
1941-11-01,8923.3746
1941-12-01,8398.7970
1942-01-01,8617.9817
1942-02-01,8403.7921
1942-03-01,8003.0333
1942-04-01,7725.8296
1942-05-01,7869.5392
1942-06-01,8321.0701
1942-07-01,8684.5690
1942-08-01,8687.3610
1942-09-01,8830.6334
1942-10-01,9533.4555
1942-11-01,9738.0361
1942-12-01,9840.0095
1943-01-01,10479.9892
1943-02-01,11154.2468
1943-03-01,11602.0514
1943-04-01,12041.3642
1943-05-01,12566.7705
1943-06-01,12840.6887
1943-07-01,13158.4633
1943-08-01,12561.5083
1943-09-01,12882.5009
1943-10-01,12818.3331
1943-11-01,12279.4404
1943-12-01,12497.1033
1944-01-01,12955.5240
1944-02-01,12924.2437
1944-03-01,13343.3391
1944-04-01,13169.0424
1944-05-01,13459.4727
1944-06-01,14151.9125
1944-07-01,14579.4608
1944-08-01,14425.8781
1944-09-01,14249.4492
1944-10-01,14660.3460
1944-11-01,14618.7081
1944-12-01,14998.8097
1945-01-01,15506.7210
1945-02-01,16085.9400
1945-03-01,16136.9058
1945-04-01,16605.1038
1945-05-01,17296.0142
1945-06-01,17674.3401
1945-07-01,17375.0177
1945-08-01,17498.1267
1945-09-01,18754.7352
1945-10-01,19601.3031
1945-11-01,20308.1380
1945-12-01,20719.3063
1946-01-01,21610.6735
1946-02-01,21737.9284
1946-03-01,21156.4859
1946-04-01,22588.6420
1946-05-01,22705.6607
1946-06-01,22628.7609
1946-07-01,22052.6220
1946-08-01,21694.9202
1946-09-01,18566.3166
1946-10-01,18219.4200
1946-11-01,18217.7044
1946-12-01,18836.7426
1947-01-01,19010.3499
1947-02-01,19822.4109
1947-03-01,19094.7528
1947-04-01,18466.3781
1947-05-01,18216.2247
1947-06-01,18931.8319
1947-07-01,20200.1200
1947-08-01,19886.2944
1947-09-01,19456.4538
1947-10-01,20047.1526
1947-11-01,19902.6198
1947-12-01,19681.0451
1948-01-01,19511.1802
1948-02-01,18643.5782
1948-03-01,19001.6847
1948-04-01,20557.4753
1948-05-01,21653.2066
1948-06-01,22646.4832
1948-07-01,22204.0405
1948-08-01,21652.2450
1948-09-01,21506.2214
1948-10-01,22194.2112
1948-11-01,21064.3947
1948-12-01,21033.3974
1949-01-01,21378.0307
1949-02-01,20668.5998
1949-03-01,20978.7921
1949-04-01,21067.1222
1949-05-01,21030.1792
1949-06-01,19998.5906
1949-07-01,21251.9824
1949-08-01,22139.0810
1949-09-01,22554.1587
1949-10-01,23266.8121
1949-11-01,23723.9815
1949-12-01,24497.1094
1950-01-01,25142.6146
1950-02-01,25778.1310
1950-03-01,26133.8722
1950-04-01,27020.0640
1950-05-01,28079.0061
1950-06-01,28688.0952
1950-07-01,26764.7541
1950-08-01,28546.8471
1950-09-01,29725.3274
1950-10-01,31134.8228
1950-11-01,31258.0002
1950-12-01,31324.9929
1951-01-01,33837.1609
1951-02-01,35297.3396
1951-03-01,34906.9297
1951-04-01,35581.1474
1951-05-01,35806.5961
1951-06-01,35398.4042
1951-07-01,36234.3144
1951-08-01,38031.6182
1951-09-01,39222.3562
1951-10-01,39228.3879
1951-11-01,38339.2937
1951-12-01,39719.4070
1952-01-01,41242.6530
1952-02-01,40693.7555
1952-03-01,40999.3156
1952-04-01,41083.9775
1952-05-01,41274.3413
1952-06-01,42615.0762
1952-07-01,44049.8537
1952-08-01,44437.7195
1952-09-01,43945.0456
1952-10-01,43235.1903
1952-11-01,44818.8366
1952-12-01,46837.7435
1953-01-01,47300.9047
1953-02-01,46935.0364
1953-03-01,47384.2406
1953-04-01,45265.3091
1953-05-01,45719.7131
1953-06-01,44299.4080
1953-07-01,45147.1698
1953-08-01,45552.9801
1953-09-01,43682.1764
1953-10-01,45219.9067
1953-11-01,46446.1453
1953-12-01,47300.8176
1954-01-01,48732.2039
1954-02-01,50037.4922
1954-03-01,51330.7364
1954-04-01,53614.1412
1954-05-01,55984.1640
1954-06-01,56667.8087
1954-07-01,59194.7491
1954-08-01,60613.1130
1954-09-01,62274.8945
1954-10-01,63966.7998
1954-11-01,66722.6382
1954-12-01,70031.5010
1955-01-01,71551.2650
1955-02-01,74203.1723
1955-03-01,73880.4621
1955-04-01,76694.5538
1955-05-01,76634.7496
1955-06-01,81344.5935
1955-07-01,87565.5174
1955-08-01,87306.2686
1955-09-01,91514.1715
1955-10-01,87191.4082
1955-11-01,93353.6332
1955-12-01,94509.7368
1956-01-01,92258.2650
1956-02-01,93139.4029
1956-03-01,99856.3547
1956-04-01,101341.0810
1956-05-01,98468.6379
1956-06-01,98214.7437
1956-07-01,103863.3349
1956-08-01,103569.9764
1956-09-01,100373.2403
1956-10-01,99410.1283
1956-11-01,98695.8921
1956-12-01,100475.2652
1957-01-01,98603.1940
1957-02-01,94662.6348
1957-03-01,96196.0664
1957-04-01,98739.5198
1957-05-01,102847.2738
1957-06-01,104857.0974
1957-07-01,107293.8396
1957-08-01,101710.9179
1957-09-01,97909.3318
1957-10-01,92137.8461
1957-11-01,90480.8245
1957-12-01,90770.4678
1958-01-01,92882.9931
1958-02-01,93533.6616
1958-03-01,95794.9274
1958-04-01,96651.1652
1958-05-01,100087.3207
1958-06-01,102822.3537
1958-07-01,105979.7850
1958-08-01,110276.5223
1958-09-01,113522.7826
1958-10-01,118472.5301
1958-11-01,122414.5088
1958-12-01,125062.9370
1959-01-01,130385.2760
1959-02-01,128737.1615
1959-03-01,132351.0630
1959-04-01,134915.2608
1959-05-01,137298.3955
1959-06-01,136467.3249
1959-07-01,142237.9084
1959-08-01,141786.1888
1959-09-01,136536.8376
1959-10-01,136779.4907
1959-11-01,137696.0192
1959-12-01,142465.9364
1960-01-01,140356.5814
1960-02-01,135298.1593
1960-03-01,133846.8613
1960-04-01,135968.0353
1960-05-01,135119.5403
1960-06-01,140508.9063
1960-07-01,137423.1580
1960-08-01,139471.9541
1960-09-01,135677.2606
1960-10-01,133406.0713
1960-11-01,138129.7834
1960-12-01,141846.3636
1961-01-01,149543.5828
1961-02-01,156084.0967
1961-03-01,161385.6503
1961-04-01,166096.5071
1961-05-01,168194.8958
1961-06-01,166378.0537
1961-07-01,166332.9793
1961-08-01,172719.8645
1961-09-01,171785.6468
1961-10-01,174097.0653
1961-11-01,182409.3468
1961-12-01,184535.0606
1962-01-01,178101.5139
1962-02-01,181503.7871
1962-03-01,182124.1361
1962-04-01,176762.1254
1962-05-01,164063.0741
1962-06-01,145340.4187
1962-07-01,149291.2915
1962-08-01,153805.8724
1962-09-01,152894.7417
1962-10-01,148531.2378
1962-11-01,159230.4340
1962-12-01,166596.5654
1963-01-01,173506.3224
1963-02-01,176276.1587
1963-03-01,176086.7438
1963-04-01,184856.3727
1963-05-01,189055.5486
1963-06-01,189468.8436
1963-07-01,187154.4938
1963-08-01,192828.1693
1963-09-01,198408.6314
1963-10-01,199405.7426
1963-11-01,198799.7322
1963-12-01,203563.0416
1964-01-01,210345.8851
1964-02-01,213462.6291
1964-03-01,217887.3563
1964-04-01,221580.2590
1964-05-01,224288.1842
1964-06-01,223505.5466
1964-07-01,232363.3188
1964-08-01,229519.9720
1964-09-01,234035.7308
1964-10-01,238651.3498
1964-11-01,240892.0755
1964-12-01,237306.7007
1965-01-01,244004.5452
1965-02-01,246387.6719
1965-03-01,247218.4315
1965-04-01,251073.9533
1965-05-01,255428.8130
1965-06-01,243920.4976
1965-07-01,244175.4586
1965-08-01,249352.5118
1965-09-01,258323.5131
1965-10-01,264778.2290
1965-11-01,267632.0047
1965-12-01,267070.5051
1966-01-01,272364.5550
1966-02-01,271197.1116
1966-03-01,260727.4421
1966-04-01,269390.1637
1966-05-01,255904.3161
1966-06-01,254476.5639
1966-07-01,254528.3108
1966-08-01,239848.3569
1966-09-01,232118.5881
1966-10-01,230806.8317
1966-11-01,243075.0018
1966-12-01,244813.2526
1967-01-01,254927.2638
1967-02-01,264438.6116
1967-03-01,271405.7537
1967-04-01,276813.4319
1967-05-01,282509.3694
1967-06-01,279707.3630
1967-07-01,285281.9999
1967-08-01,290566.1351
1967-09-01,295373.5404
1967-10-01,295661.2786
1967-11-01,287141.1072
1967-12-01,296076.1766
1968-01-01,296026.9859
1968-02-01,283427.7734
1968-03-01,279011.0889
1968-04-01,300391.6381
1968-05-01,308078.2222
1968-06-01,317141.3524
1968-07-01,317300.0098
1968-08-01,311167.1959
1968-09-01,322085.4823
1968-10-01,330840.6459
1968-11-01,336752.1833
1968-12-01,341084.0603
1969-01-01,327494.0757
1969-02-01,326715.4746
1969-03-01,320465.4988
1969-04-01,327756.3847
1969-05-01,339274.7729
1969-06-01,322411.0436
1969-07-01,308854.3947
1969-08-01,307980.2503
1969-09-01,309917.7985
1969-10-01,314091.4987
1969-11-01,317225.3632
1969-12-01,301277.8178
1970-01-01,299504.1140
1970-02-01,289932.6150
1970-03-01,295767.7473
1970-04-01,287641.8718
1970-05-01,255429.7387
1970-06-01,254741.2941
1970-07-01,256073.3950
1970-08-01,264411.5256
1970-09-01,281126.7092
1970-10-01,288120.6439
1970-11-01,288711.6236
1970-12-01,309373.8481
1971-01-01,322088.3517
1971-02-01,335455.5867
1971-03-01,344952.2742
1971-04-01,357624.3840
1971-05-01,353661.3879
1971-06-01,348016.4973
1971-07-01,346404.3414
1971-08-01,341148.0142
1971-09-01,349629.3523
1971-10-01,343111.4176
1971-11-01,328110.2619
1971-12-01,351612.8068
1972-01-01,367163.0253
1972-02-01,374825.5837
1972-03-01,384644.5651
1972-04-01,389486.8485
1972-05-01,386464.8649
1972-06-01,388459.3872
1972-07-01,386503.1015
1972-08-01,401128.1668
1972-09-01,396273.6727
1972-10-01,397934.8738
1972-11-01,418850.2576
1972-12-01,428539.1265
1973-01-01,432780.9557
1973-02-01,418392.4906
1973-03-01,412765.6856
1973-04-01,406029.0699
1973-05-01,395600.2120
1973-06-01,387733.7215
1973-07-01,392431.3763
1973-08-01,386018.6131
1973-09-01,393725.9693
1973-10-01,410412.9253
1973-11-01,382299.3066
1973-12-01,356294.2084
1974-01-01,362359.0039
1974-02-01,353404.6534
1974-03-01,369577.9428
1974-04-01,351783.0279
1974-05-01,342271.2653
1974-06-01,343842.6009
1974-07-01,304836.8829
1974-08-01,293370.1065
1974-09-01,264002.8701
1974-10-01,270279.1165
1974-11-01,280397.9342
1974-12-01,263317.6586
1975-01-01,286056.9038
1975-02-01,316980.2589
1975-03-01,332753.4235
1975-04-01,337705.9771
1975-05-01,360379.3772
1975-06-01,370815.4466
1975-07-01,372417.3640
1975-08-01,346362.1073
1975-09-01,343408.7416
1975-10-01,360477.1065
1975-11-01,367833.5745
1975-12-01,363491.0664
1976-01-01,398188.4572
1976-02-01,414826.4635
1976-03-01,418156.2087
1976-04-01,422744.9423
1976-05-01,421132.7414
1976-06-01,424933.4783
1976-07-01,436269.9076
1976-08-01,433834.5558
1976-09-01,444421.4349
1976-10-01,430631.2659
1976-11-01,429075.8552
1976-12-01,445346.3947
1977-01-01,442970.3171
1977-02-01,432494.6986
1977-03-01,432277.0239
1977-04-01,427137.3496
1977-05-01,427433.2229
1977-06-01,431299.5690
1977-07-01,436847.6153
1977-08-01,427784.1645
1977-09-01,422773.2911
1977-10-01,413502.0767
1977-11-01,417579.9472
1977-12-01,417266.2160
1978-01-01,403135.4591
1978-02-01,399233.1488
1978-03-01,400309.9746
1978-04-01,419658.6919
1978-05-01,442771.8813
1978-06-01,445768.0877
1978-07-01,445504.3629
1978-08-01,478165.5648
1978-09-01,480090.8064
1978-10-01,466781.9060
1978-11-01,441406.3741
1978-12-01,449900.3358
1979-01-01,468746.9555
1979-02-01,463809.4931
1979-03-01,474685.0694
1979-04-01,486242.6432
1979-05-01,477056.4711
1979-06-01,488608.5756
1979-07-01,495573.6380
1979-08-01,520446.1467
1979-09-01,528486.2482
1979-10-01,510787.5836
1979-11-01,509159.6335
1979-12-01,531602.1004
1980-01-01,549231.7619
1980-02-01,573395.8134
1980-03-01,523084.8480
1980-04-01,517025.7693
1980-05-01,543083.4205
1980-06-01,580373.1317
1980-07-01,609232.8229
1980-08-01,630602.8720
1980-09-01,648503.9940
1980-10-01,670078.0728
1980-11-01,701013.0008
1980-12-01,692299.8448
1981-01-01,692386.2743
1981-02-01,671146.1540
1981-03-01,698971.1905
1981-04-01,708030.4720
1981-05-01,696595.8018
1981-06-01,702585.8910
1981-07-01,688439.1719
1981-08-01,693983.6002
1981-09-01,636383.6753
1981-10-01,647392.0326
1981-11-01,667113.4105
1981-12-01,674997.7248
1982-01-01,642583.6580
1982-02-01,630298.9704
1982-03-01,613013.9157
1982-04-01,646555.4036
1982-05-01,650252.3885
1982-06-01,615994.0313
1982-07-01,617502.3510
1982-08-01,622411.4524
1982-09-01,697706.9734
1982-10-01,759676.2873
1982-11-01,793864.2630
1982-12-01,804628.2806
1983-01-01,836222.4132
1983-02-01,854040.5134
1983-03-01,887060.8923
1983-04-01,924299.1518
1983-05-01,965195.1400
1983-06-01,982124.7764
1983-07-01,989089.3632
1983-08-01,965290.0173
1983-09-01,997288.0341
1983-10-01,1003764.6405
1983-11-01,992322.4020
1983-12-01,991065.9808
1984-01-01,1006699.5845
1984-02-01,955250.4196
1984-03-01,959491.2537
1984-04-01,964379.8078
1984-05-01,961966.1403
1984-06-01,944208.2618
1984-07-01,935642.6143
1984-08-01,1021795.1486
1984-09-01,1036183.5657
1984-10-01,1031936.3152
1984-11-01,1045232.0966
1984-12-01,1037862.6761
1985-01-01,1086639.7665
1985-02-01,1149550.3990
1985-03-01,1144074.8365
1985-04-01,1155812.4820
1985-05-01,1187445.5049
1985-06-01,1217276.1397
1985-07-01,1244648.9200
1985-08-01,1221699.2480
1985-09-01,1198688.3081
1985-10-01,1216626.3107
1985-11-01,1294750.8824
1985-12-01,1363312.5853
1986-01-01,1373582.9173
1986-02-01,1451861.3097
1986-03-01,1541648.6306
1986-04-01,1583926.5414
1986-05-01,1591731.5558
1986-06-01,1641619.1590
1986-07-01,1612029.9329
1986-08-01,1648822.2175
1986-09-01,1608347.5579
1986-10-01,1606911.4682
1986-11-01,1663692.2388
1986-12-01,1692133.1629
1987-01-01,1805066.8290
1987-02-01,1921719.4150
1987-03-01,2005833.1216
1987-04-01,1988689.2488
1987-05-01,1992160.6905
1987-06-01,2081811.3670
1987-07-01,2146834.3978
1987-08-01,2285418.2523
1987-09-01,2216187.3321
1987-10-01,1953511.9959
1987-11-01,1713192.3724
1987-12-01,1690355.6346
1988-01-01,1762164.5781
1988-02-01,1820846.7279
1988-03-01,1879725.0049
1988-04-01,1863125.2067
1988-05-01,1822410.2391
1988-06-01,1931777.3875
1988-07-01,1925893.9645
1988-08-01,1892843.4782
1988-09-01,1929367.6290
1988-10-01,2002768.7887
1988-11-01,1962362.0500
1988-12-01,2008072.0516
1989-01-01,2078647.0874
1989-02-01,2147289.9464
1989-03-01,2143887.6361
1989-04-01,2220359.7370
1989-05-01,2311799.4956
1989-06-01,2390338.5689
1989-07-01,2457305.0325
1989-08-01,2572647.2708
1989-09-01,2584480.0133
1989-10-01,2591919.6023
1989-11-01,2544992.5398
1989-12-01,2614726.7318
1990-01-01,2556959.2226
1990-02-01,2492396.5726
1990-03-01,2559926.4782
1990-04-01,2565017.1236
1990-05-01,2663867.7092
1990-06-01,2748378.8014
1990-07-01,2753085.8357
1990-08-01,2536695.5805
1990-09-01,2426605.9323
1990-10-01,2370473.3438
1990-11-01,2441259.5766
1990-12-01,2553280.0115
1991-01-01,2535796.4833
1991-02-01,2830124.9583
1991-03-01,2916289.3702
1991-04-01,2982176.4010
1991-05-01,2976848.4678
1991-06-01,2987185.0207
1991-07-01,3010528.0711
1991-08-01,3091206.7476
1991-09-01,3081865.9157
1991-10-01,3087446.2924
1991-11-01,3087916.2698
1991-12-01,3116774.8018
1992-01-01,3346134.6422
1992-02-01,3326056.3332
1992-03-01,3292410.9440
1992-04-01,3301112.9008
1992-05-01,3369391.4851
1992-06-01,3324608.1424
1992-07-01,3388194.8934
1992-08-01,3420118.1166
1992-09-01,3433075.2793
1992-10-01,3392485.3251
1992-11-01,3486010.5257
1992-12-01,3600049.5016
1993-01-01,3605209.7737
1993-02-01,3667395.5626
1993-03-01,3746273.2123
1993-04-01,3696016.9965
1993-05-01,3722812.2439
1993-06-01,3755030.6302
1993-07-01,3757321.3391
1993-08-01,3823542.8432
1993-09-01,3875350.7696
1993-10-01,3923493.0833
1993-11-01,3923803.1963
1993-12-01,3958628.5144
1994-01-01,4027376.2148
1994-02-01,4024358.2441
1994-03-01,3967089.4934
1994-04-01,3834366.5675
1994-05-01,3874974.4468
1994-06-01,3917943.7798
1994-07-01,3897636.0770
1994-08-01,4017785.8466
1994-09-01,4050644.2681
1994-10-01,4032726.5835
1994-11-01,4017870.6075
1994-12-01,3976712.2943
1995-01-01,4074195.7218
1995-02-01,4229793.0730
1995-03-01,4337991.0604
1995-04-01,4477535.1974
1995-05-01,4627478.9101
1995-06-01,4774598.9513
1995-07-01,4944035.9104
1995-08-01,4969456.6954
1995-09-01,5154256.2646
1995-10-01,5201344.2788
1995-11-01,5324064.0716
1995-12-01,5504556.0987
1996-01-01,5513582.4977
1996-02-01,5839203.4313
1996-03-01,5827561.7026
1996-04-01,5839087.0034
1996-05-01,5976629.8766
1996-06-01,6053089.3660
1996-07-01,5842747.9061
1996-08-01,6022554.6545
1996-09-01,6144533.1676
1996-10-01,6397717.7730
1996-11-01,6720996.5152
1996-12-01,6801590.2473
1997-01-01,7023195.4222
1997-02-01,7329529.2589
1997-03-01,7283856.8330
1997-04-01,7035849.0753
1997-05-01,7684427.3746
1997-06-01,8094557.4396
1997-07-01,8558898.7942
1997-08-01,8588709.3455
1997-09-01,8691131.2143
1997-10-01,8834176.8068
1997-11-01,8732447.0727
1997-12-01,8962557.5130
1998-01-01,8983845.4924
1998-02-01,9559044.3692
1998-03-01,10066935.3247
1998-04-01,10409868.1507
1998-05-01,10386851.0667
1998-06-01,10399025.3785
1998-07-01,10863671.2813
1998-08-01,10106416.1055
1998-09-01,9611402.7876
1998-10-01,9735493.1790
1998-11-01,10803916.6524
1998-12-01,11247333.8689
1999-01-01,11815129.7195
1999-02-01,11807313.5405
1999-03-01,12152567.2891
1999-04-01,12669054.0854
1999-05-01,12656533.0375
1999-06-01,12579104.5262
1999-07-01,13148030.5509
1999-08-01,12651823.4161
1999-09-01,12576213.7072
1999-10-01,12416198.2633
1999-11-01,13298500.3208
1999-12-01,13672032.6641
2000-01-01,13655790.7642
2000-02-01,13317408.3386
2000-03-01,13842259.8662
2000-04-01,14039449.7546
2000-05-01,13640882.6854
2000-06-01,14072393.2749
2000-07-01,14191963.2272
2000-08-01,14325233.0093
2000-09-01,14170476.7879
2000-10-01,13431574.1198
2000-11-01,13327785.1324
2000-12-01,12885271.3431
2001-01-01,12943819.6352
2001-02-01,12667225.5194
2001-03-01,11516972.8877
2001-04-01,11568573.2729
2001-05-01,12364338.3279
2001-06-01,12068921.5760
2001-07-01,11747874.3770
2001-08-01,11507545.2962
2001-09-01,10213267.8675
2001-10-01,10538461.5336
2001-11-01,11070985.4021
2001-12-01,11233291.5152
2002-01-01,11199848.4905
2002-02-01,10824340.6774
2002-03-01,11359630.8946
2002-04-01,10960489.1554
2002-05-01,10651447.5367
2002-06-01,10020864.7357
2002-07-01,8942704.2037
2002-08-01,9044476.9194
2002-09-01,8614099.0376
2002-10-01,8496415.0716
2002-11-01,9059426.1363
2002-12-01,8965730.1932
2003-01-01,8945821.4156
2003-02-01,8372003.2527
2003-03-01,8481542.2046
2003-04-01,8929850.6388
2003-05-01,9404209.2741
2003-06-01,9940628.8034
2003-07-01,9999982.4735
2003-08-01,9983467.6349
2003-09-01,10299180.8128
2003-10-01,10508255.0948
2003-11-01,10635691.3926
2003-12-01,10961773.9175
2004-01-01,11502910.7431
2004-02-01,11628086.2713
2004-03-01,11446261.8220
2004-04-01,11557241.3925
2004-05-01,11261048.7286
2004-06-01,11583017.6312
2004-07-01,11323858.4564
2004-08-01,11166891.2654
2004-09-01,11477783.4360
2004-10-01,11489638.9764
2004-11-01,12038222.3900
2004-12-01,12366638.6578
2005-01-01,12200011.5996
2005-02-01,12405345.6285
2005-03-01,12373865.9726
2005-04-01,12075990.9893
2005-05-01,12237512.2531
2005-06-01,12504577.3222
2005-07-01,12730789.9538
2005-08-01,12770413.9612
2005-09-01,12806288.0592
2005-10-01,12470440.5642
2005-11-01,12964680.3074
2005-12-01,13242878.3160
2006-01-01,13437284.1330
2006-02-01,13435211.6618
2006-03-01,13635041.1197
2006-04-01,13744087.1610
2006-05-01,13636164.7767
2006-06-01,13267392.1818
2006-07-01,13363116.8940
2006-08-01,13669561.7602
2006-09-01,14015756.7886
2006-10-01,14522784.8261
2006-11-01,14813709.9227
2006-12-01,15132178.7989
2007-01-01,15237199.5703
2007-02-01,15480573.8854
2007-03-01,15097782.9092
2007-04-01,15729112.1679
2007-05-01,16262807.8135
2007-06-01,16319101.7619
2007-07-01,16413117.0205
2007-08-01,15723827.1224
2007-09-01,16207537.6841
2007-10-01,16692633.2392
2007-11-01,15890559.4001
2007-12-01,16087545.8423
2008-01-01,15020277.6208
2008-02-01,14785538.1215
2008-03-01,14397348.6764
2008-04-01,15008468.2351
2008-05-01,15393200.6008
2008-06-01,14739640.6396
2008-07-01,13843738.5099
2008-08-01,14135958.2657
2008-09-01,13450755.4692
2008-10-01,10734424.4922
2008-11-01,9810548.3329
2008-12-01,9775950.0332
2009-01-01,9668499.2957
2009-02-01,9020116.8915
2009-03-01,8506751.8608
2009-04-01,9554411.3648
2009-05-01,10190195.5556
2009-06-01,10482014.2729
2009-07-01,10615405.5845
2009-08-01,11476923.0885
2009-09-01,11895336.5922
2009-10-01,12180723.0641
2009-11-01,12435354.8801
2009-12-01,12711675.1468
2010-01-01,12884006.3156
2010-02-01,12510404.3803
2010-03-01,13253739.4454
2010-04-01,13795587.8040
2010-05-01,12984121.4224
2010-06-01,12524065.6385
2010-07-01,12504242.7784
2010-08-01,12612330.5842
2010-09-01,13037611.6250
2010-10-01,13634522.6709
2010-11-01,13974269.8094
2010-12-01,14493360.3521
2011-01-01,14995375.4724
2011-02-01,15468086.6803
2011-03-01,15296237.9140
2011-04-01,15636261.1475
2011-05-01,15739637.6715
2011-06-01,15163454.9618
2011-07-01,15634060.1076
2011-08-01,14008291.9890
2011-09-01,13898008.0030
2011-10-01,14317986.8850
2011-11-01,14571415.0605
2011-12-01,14798376.8323
2012-01-01,15506421.9559
2012-02-01,16152198.3084
2012-03-01,16618306.6270
2012-04-01,16612279.0292
2012-05-01,16099124.2712
2012-06-01,15913919.5865
2012-07-01,16379203.1865
2012-08-01,16934506.5197
2012-09-01,17446551.7627
2012-10-01,17409226.5759
2012-11-01,16915799.1411
2012-12-01,17284367.6422
2013-01-01,18022486.3677
2013-02-01,18443245.7385
2013-03-01,18945645.9591
2013-04-01,19221469.7741
2013-05-01,20101105.9787
2013-06-01,19876815.8122
2013-07-01,20524087.6669
2013-08-01,20576302.8629
2013-09-01,20822055.2801
2013-10-01,21263174.9531
2013-11-01,22084134.8409
2013-12-01,22420383.5850
2014-01-01,22637796.9606
2014-02-01,22608787.5748
2014-03-01,23224688.2398
2014-04-01,23271936.1221
2014-05-01,23628869.0405
2014-06-01,24384522.2155
2014-07-01,24749657.3996
2014-08-01,24644375.2930
2014-09-01,25082948.0044
2014-10-01,24419438.8743
2014-11-01,25813059.7661
2014-12-01,25977018.7417
2015-01-01,25689143.2203
2015-02-01,26415959.5762
2015-03-01,26431067.1572
2015-04-01,26663568.4795
2015-05-01,26924908.0057
2015-06-01,26807979.3613
2015-07-01,26786905.2778
2015-08-01,26137757.8094
2015-09-01,24959978.1698
2015-10-01,26037844.0007
2015-11-01,26801710.2880
2015-12-01,26506410.3901
2016-01-01,24804974.7422
2016-02-01,24668745.9083
2016-03-01,26238527.3049
2016-04-01,26981617.3706
2016-05-01,26899704.1485
2016-06-01,27186796.6798
2016-07-01,28083471.2602
2016-08-01,28420471.1728
2016-09-01,28296006.0172
2016-10-01,28153077.6885
2016-11-01,28491485.8512
2016-12-01,29615994.5003
2017-01-01,30042013.3265
2017-02-01,30816278.7857
2017-03-01,31355584.4960
2017-04-01,31307604.7277
2017-05-01,31837755.9110
2017-06-01,32403640.8372
2017-07-01,32724102.5646
2017-08-01,32805546.4937
2017-09-01,33348260.9264
2017-10-01,34260551.2929
2017-11-01,34805429.2368
2017-12-01,35809322.3231
2018-01-01,37550734.6140
2018-02-01,36467162.7182
2018-03-01,36491113.2396
2018-04-01,35884282.6570
2018-05-01,36588568.2009
2018-06-01,37362046.0370
2018-07-01,37953152.2603
2018-08-01,38883819.4429
2018-09-01,39537479.7477
2018-10-01,38016221.3327
2018-11-01,37227497.9510
2018-12-01,35157249.2711
2019-01-01,35767903.9533
2019-02-01,37853233.6719
2019-03-01,38591077.1774
2019-04-01,40028342.5175
2019-05-01,39415628.4285
2019-06-01,39969755.3286
2019-07-01,41499974.2677
2019-08-01,40199632.9270
2019-09-01,41440323.4260
2019-10-01,41444779.4405
2019-11-01,43282707.7614
2019-12-01,44351891.2348
2020-01-01,45836601.7233
2020-02-01,45893078.2720
2020-03-01,37211680.7757
2020-04-01,38818748.4947
2020-05-01,41104188.8491
2020-06-01,43779400.0758
2020-07-01,45301037.3053
2020-08-01,47970530.5261
2020-09-01,47669427.9496
2020-10-01,48491978.2087
2020-11-01,50409182.5221
2020-12-01,52556428.9062
2021-01-01,54025283.6368
2021-02-01,55371083.6809
2021-03-01,55825622.6784
2021-04-01,59187246.6581
2021-05-01,59637298.7317
2021-06-01,60717078.0584
2021-07-01,62580553.2279
2021-08-01,63948593.1110
2021-09-01,63895111.4101
2021-10-01,64184486.0050
2021-11-01,67230332.2928
2021-12-01,67409221.2279
2022-01-01,66026645.7708
2022-02-01,64110806.9584
2022-03-01,63539195.8414
2022-04-01,63615187.8384
2022-05-01,58607760.6212
2022-06-01,56633865.6253
2022-07-01,56897558.7384
2022-08-01,60566493.0105
2022-09-01,56159349.7858
2022-10-01,54424014.8299
2022-11-01,57301025.1385
2022-12-01,57307885.8884
2023-01-01,58097228.7774
2023-02-01,59926057.7154
2023-03-01,58377239.5564
2023-04-01,60710327.5334
2023-05-01,61158389.3221
2023-06-01,64181155.9773
2023-07-01,66584273.9703
2023-08-01,65835186.7831
2023-09-01,66697921.7333
