Date,Close
2010-03-11,0.6605
2010-03-12,0.6442
2010-03-15,0.6238
2010-03-16,0.6745
2010-03-17,0.6988
2010-03-18,0.6818
2010-03-19,0.6508
2010-03-22,0.6978
2010-03-23,0.7428
2010-03-24,0.7017
2010-03-25,0.6982
2010-03-26,0.6872
2010-03-29,0.7057
2010-03-30,0.7192
2010-03-31,0.7080
2010-04-01,0.7103
2010-04-05,0.7705
2010-04-06,0.7588
2010-04-07,0.7663
2010-04-08,0.7392
2010-04-09,0.7588
2010-04-12,0.7778
2010-04-13,0.7928
2010-04-14,0.8948
2010-04-15,0.9025
2010-04-16,0.8692
2010-04-19,0.8398
2010-04-20,0.8805
2010-04-21,0.8530
2010-04-22,0.9012
2010-04-23,0.9052
2010-04-26,0.9132
2010-04-27,0.8187
2010-04-28,0.8350
2010-04-29,0.8637
2010-04-30,0.7472
2010-05-03,0.8022
2010-05-04,0.6960
2010-05-05,0.6737
2010-05-06,0.6163
2010-05-07,0.5788
2010-05-10,0.6800
2010-05-11,0.6670
2010-05-12,0.7212
2010-05-13,0.6647
2010-05-14,0.6040
2010-05-17,0.6290
2010-05-18,0.5777
2010-05-19,0.5868
2010-05-20,0.5390
2010-05-21,0.5742
2010-05-24,0.5403
2010-05-25,0.5525
2010-05-26,0.5497
2010-05-27,0.6333
2010-05-28,0.6028
2010-06-01,0.5618
2010-06-02,0.6218
2010-06-03,0.6457
2010-06-04,0.5617
2010-06-07,0.4990
2010-06-08,0.4935
2010-06-09,0.4837
2010-06-10,0.5368
2010-06-11,0.5598
2010-06-14,0.5705
2010-06-15,0.6655
2010-06-16,0.6747
2010-06-17,0.6703
2010-06-18,0.6658
2010-06-21,0.6482
2010-06-22,0.6140
2010-06-23,0.6193
2010-06-24,0.5653
2010-06-25,0.5672
2010-06-28,0.5738
2010-06-29,0.4957
2010-06-30,0.4717
2010-07-01,0.4735
2010-07-02,0.4677
2010-07-06,0.4668
2010-07-07,0.5402
2010-07-08,0.5362
2010-07-09,0.5547
2010-07-12,0.5758
2010-07-13,0.6128
2010-07-14,0.6072
2010-07-15,0.5993
2010-07-16,0.5423
2010-07-19,0.5833
2010-07-20,0.5850
2010-07-21,0.5495
2010-07-22,0.5998
2010-07-23,0.6113
2010-07-26,0.6333
2010-07-27,0.6203
2010-07-28,0.5882
2010-07-29,0.5525
2010-07-30,0.5352
2010-08-02,0.5635
2010-08-03,0.5465
2010-08-04,0.5625
2010-08-05,0.5490
2010-08-06,0.5497
2010-08-09,0.5587
2010-08-10,0.5158
2010-08-11,0.4537
2010-08-12,0.4355
2010-08-13,0.4223
2010-08-16,0.4267
2010-08-17,0.4430
2010-08-18,0.4578
2010-08-19,0.4348
2010-08-20,0.4398
2010-08-23,0.4243
2010-08-24,0.4028
2010-08-25,0.4150
2010-08-26,0.3913
2010-08-27,0.4147
2010-08-30,0.3847
2010-08-31,0.3602
2010-09-01,0.3937
2010-09-02,0.4198
2010-09-03,0.4380
2010-09-07,0.4143
2010-09-08,0.4075
2010-09-09,0.4092
2010-09-10,0.3932
2010-09-13,0.4322
2010-09-14,0.4533
2010-09-15,0.4498
2010-09-16,0.4593
2010-09-17,0.4597
2010-09-20,0.4652
2010-09-21,0.4620
2010-09-22,0.4428
2010-09-23,0.4513
2010-09-24,0.5050
2010-09-27,0.4963
2010-09-28,0.5195
2010-09-29,0.5310
2010-09-30,0.5195
2010-10-01,0.5140
2010-10-04,0.4930
2010-10-05,0.5238
2010-10-06,0.5058
2010-10-07,0.5060
2010-10-08,0.5225
2010-10-11,0.5320
2010-10-12,0.5433
2010-10-13,0.5458
2010-10-14,0.5413
2010-10-15,0.5537
2010-10-18,0.5408
2010-10-19,0.5182
2010-10-20,0.5268
2010-10-21,0.5190
2010-10-22,0.5498
2010-10-25,0.5678
2010-10-26,0.5607
2010-10-27,0.6122
2010-10-28,0.6137
2010-10-29,0.6252
2010-11-01,0.6188
2010-11-02,0.6308
2010-11-03,0.6517
2010-11-04,0.7115
2010-11-05,0.7263
2010-11-08,0.7273
2010-11-09,0.6997
2010-11-10,0.7005
2010-11-11,0.6760
2010-11-12,0.6743
2010-11-15,0.6593
2010-11-16,0.6313
2010-11-17,0.6295
2010-11-18,0.6647
2010-11-19,0.6970
2010-11-22,0.7228
2010-11-23,0.7035
2010-11-24,0.7598
2010-11-26,0.7472
2010-11-29,0.7420
2010-11-30,0.7145
2010-12-01,0.7830
2010-12-02,0.8270
2010-12-03,0.8390
2010-12-06,0.8347
2010-12-07,0.8330
2010-12-08,0.8558
2010-12-09,0.8620
2010-12-10,0.8643
2010-12-13,0.8482
2010-12-14,0.8265
2010-12-15,0.8008
2010-12-16,0.8150
2010-12-17,0.8317
2010-12-20,0.8222
2010-12-21,0.8395
2010-12-22,0.8403
2010-12-23,0.8333
2010-12-27,0.8358
2010-12-28,0.8252
2010-12-29,0.8285
2010-12-30,0.8358
2010-12-31,0.8332
2011-01-03,0.8518
2011-01-04,0.8547
2011-01-05,0.8630
2011-01-06,0.9108
2011-01-07,0.9168
2011-01-10,0.9457
2011-01-11,0.9562
2011-01-12,1.0098
2011-01-13,1.0095
2011-01-14,1.0920
2011-01-18,1.0792
2011-01-19,1.0040
2011-01-20,0.9675
2011-01-21,0.9508
2011-01-24,1.0195
2011-01-25,0.9982
2011-01-26,1.0258
2011-01-27,1.0825
2011-01-28,0.9948
2011-01-31,1.0062
2011-02-01,1.0790
2011-02-02,1.0973
2011-02-03,1.0985
2011-02-04,1.1635
2011-02-07,1.1515
2011-02-08,1.1488
2011-02-09,1.1270
2011-02-10,1.1367
2011-02-11,1.1627
2011-02-14,1.1892
2011-02-15,1.1552
2011-02-16,1.1917
2011-02-17,1.2442
2011-02-18,1.2298
2011-02-22,1.0833
2011-02-23,1.0252
2011-02-24,1.0758
2011-02-25,1.1572
2011-02-28,1.1222
2011-03-01,1.0552
2011-03-02,1.1002
2011-03-03,1.1640
2011-03-04,1.1273
2011-03-07,1.0340
2011-03-08,1.0395
2011-03-09,0.9468
2011-03-10,0.8752
2011-03-11,0.8985
2011-03-14,0.8948
2011-03-15,0.8623
2011-03-16,0.8067
2011-03-17,0.8362
2011-03-18,0.8445
2011-03-21,0.8882
2011-03-22,0.8673
2011-03-23,0.8908
2011-03-24,0.9565
2011-03-25,0.9485
2011-03-28,0.9530
2011-03-29,0.9792
2011-03-30,0.9823
2011-03-31,0.9573
2011-04-01,0.9238
2011-04-04,0.9000
2011-04-05,0.9587
2011-04-06,1.0057
2011-04-07,0.9910
2011-04-08,0.9667
2011-04-11,0.9407
2011-04-12,0.8830
2011-04-13,0.8905
2011-04-14,0.8923
2011-04-15,0.9100
2011-04-18,0.8613
2011-04-19,0.8717
2011-04-20,0.9833
2011-04-21,0.9807
2011-04-25,0.9835
2011-04-26,1.0308
2011-04-27,1.0307
2011-04-28,1.0102
2011-04-29,1.0250
2011-05-02,0.9930
2011-05-03,0.9563
2011-05-04,0.9580
2011-05-05,0.9638
2011-05-06,0.9850
2011-05-09,0.9765
2011-05-10,0.9892
2011-05-11,0.9665
2011-05-12,1.0062
2011-05-13,0.9672
2011-05-16,0.9262
2011-05-17,0.8927
2011-05-18,0.9430
2011-05-19,0.9195
2011-05-20,0.9110
2011-05-23,0.8550
2011-05-24,0.8357
2011-05-25,0.8577
2011-05-26,0.8818
2011-05-27,0.9132
2011-05-31,0.9542
2011-06-01,0.8677
2011-06-02,0.8680
2011-06-03,0.8218
2011-06-06,0.8018
2011-06-07,0.8137
2011-06-08,0.7648
2011-06-09,0.7673
2011-06-10,0.7302
2011-06-13,0.7088
2011-06-14,0.7485
2011-06-15,0.7045
2011-06-16,0.6807
2011-06-17,0.6510
2011-06-20,0.6530
2011-06-21,0.7022
2011-06-22,0.6918
2011-06-23,0.7230
2011-06-24,0.6713
2011-06-27,0.6828
2011-06-28,0.7088
2011-06-29,0.7118
2011-06-30,0.7633
2011-07-01,0.8132
2011-07-05,0.7910
2011-07-06,0.7727
2011-07-07,0.8183
2011-07-08,0.7817
2011-07-11,0.7415
2011-07-12,0.6782
2011-07-13,0.6710
2011-07-14,0.6408
2011-07-15,0.6510
2011-07-18,0.6230
2011-07-19,0.6847
2011-07-20,0.6758
2011-07-21,0.6943
2011-07-22,0.7413
2011-07-25,0.7130
2011-07-26,0.7308
2011-07-27,0.6508
2011-07-28,0.6460
2011-07-29,0.6305
2011-08-01,0.6290
2011-08-02,0.5732
2011-08-03,0.5913
2011-08-04,0.4943
2011-08-05,0.4583
2011-08-08,0.3867
2011-08-09,0.4387
2011-08-10,0.4123
2011-08-11,0.4737
2011-08-12,0.4690
2011-08-15,0.4967
2011-08-16,0.4687
2011-08-17,0.4585
2011-08-18,0.3792
2011-08-19,0.3570
2011-08-22,0.3670
2011-08-23,0.4232
2011-08-24,0.4225
2011-08-25,0.3890
2011-08-26,0.4198
2011-08-29,0.4667
2011-08-30,0.4667
2011-08-31,0.4567
2011-09-01,0.4338
2011-09-02,0.4040
2011-09-06,0.3960
2011-09-07,0.4470
2011-09-08,0.4403
2011-09-09,0.4260
2011-09-12,0.4648
2011-09-13,0.4930
2011-09-14,0.5300
2011-09-15,0.5540
2011-09-16,0.5558
2011-09-19,0.5372
2011-09-20,0.5195
2011-09-21,0.4870
2011-09-22,0.4382
2011-09-23,0.4622
2011-09-26,0.4613
2011-09-27,0.4865
2011-09-28,0.4445
2011-09-29,0.4263
2011-09-30,0.3835
2011-10-03,0.3408
2011-10-04,0.3838
2011-10-05,0.4200
2011-10-06,0.4345
2011-10-07,0.4413
2011-10-10,0.4765
2011-10-11,0.4733
2011-10-12,0.4858
2011-10-13,0.5163
2011-10-14,0.5347
2011-10-17,0.4907
2011-10-18,0.5223
2011-10-19,0.4882
2011-10-20,0.4647
2011-10-21,0.4930
2011-10-24,0.5442
2011-10-25,0.5148
2011-10-26,0.5220
2011-10-27,0.5885
2011-10-28,0.5932
2011-10-31,0.5480
2011-11-01,0.4955
2011-11-02,0.5030
2011-11-03,0.5482
2011-11-04,0.5673
2011-11-07,0.5648
2011-11-08,0.5738
2011-11-09,0.4960
2011-11-10,0.5092
2011-11-11,0.5612
2011-11-14,0.5418
2011-11-15,0.5638
2011-11-16,0.5547
2011-11-17,0.4917
2011-11-18,0.4770
2011-11-21,0.4497
2011-11-22,0.4335
2011-11-23,0.3927
2011-11-25,0.3763
2011-11-28,0.4148
2011-11-29,0.4055
2011-11-30,0.4748
2011-12-01,0.4830
2011-12-02,0.4798
2011-12-05,0.4947
2011-12-06,0.4917
2011-12-07,0.5090
2011-12-08,0.4657
2011-12-09,0.4825
2011-12-12,0.4438
2011-12-13,0.4120
2011-12-14,0.3922
2011-12-15,0.3912
2011-12-16,0.4003
2011-12-19,0.3667
2011-12-20,0.4150
2011-12-21,0.4028
2011-12-22,0.4425
2011-12-23,0.4488
2011-12-27,0.4477
2011-12-28,0.4258
2011-12-29,0.4382
2011-12-30,0.4327
2012-01-03,0.4485
2012-01-04,0.4482
2012-01-05,0.4675
2012-01-06,0.4717
2012-01-09,0.4978
2012-01-10,0.5132
2012-01-11,0.5195
2012-01-12,0.5370
2012-01-13,0.5020
2012-01-17,0.5085
2012-01-18,0.5833
2012-01-19,0.6192
2012-01-20,0.6282
2012-01-23,0.6233
2012-01-24,0.6277
2012-01-25,0.6358
2012-01-26,0.6162
2012-01-27,0.6247
2012-01-30,0.6028
2012-01-31,0.6053
2012-02-01,0.6452
2012-02-02,0.6577
2012-02-03,0.6855
2012-02-06,0.6637
2012-02-07,0.6643
2012-02-08,0.6895
2012-02-09,0.6955
2012-02-10,0.6525
2012-02-13,0.6593
2012-02-14,0.6688
2012-02-15,0.6778
2012-02-16,0.7280
2012-02-17,0.7110
2012-02-21,0.6825
2012-02-22,0.6722
2012-02-23,0.6762
2012-02-24,0.6712
2012-02-27,0.6718
2012-02-28,0.7058
2012-02-29,0.6732
2012-03-01,0.6738
2012-03-02,0.6532
2012-03-05,0.6043
2012-03-06,0.5860
2012-03-07,0.6142
2012-03-08,0.6403
2012-03-09,0.6610
2012-03-12,0.6430
2012-03-13,0.6847
2012-03-14,0.6785
2012-03-15,0.7168
2012-03-16,0.7183
2012-03-19,0.7357
2012-03-20,0.7213
2012-03-21,0.7283
2012-03-22,0.7158
2012-03-23,0.7213
2012-03-26,0.7518
2012-03-27,0.7500
2012-03-28,0.7230
2012-03-29,0.7253
2012-03-30,0.7337
2012-04-02,0.7330
2012-04-03,0.6992
2012-04-04,0.6515
2012-04-05,0.6577
2012-04-09,0.6303
2012-04-10,0.5973
2012-04-11,0.6252
2012-04-12,0.6595
2012-04-13,0.6242
2012-04-16,0.6252
2012-04-17,0.6542
2012-04-18,0.6378
2012-04-19,0.6170
2012-04-20,0.5742
2012-04-23,0.5532
2012-04-24,0.5398
2012-04-25,0.5758
2012-04-26,0.6147
2012-04-27,0.6152
2012-04-30,0.6052
2012-05-01,0.6123
2012-05-02,0.6208
2012-05-03,0.5763
2012-05-04,0.5392
2012-05-07,0.5358
2012-05-08,0.5265
2012-05-09,0.5220
2012-05-10,0.5153
2012-05-11,0.5263
2012-05-14,0.5108
2012-05-15,0.4947
2012-05-16,0.4718
2012-05-17,0.4377
2012-05-18,0.4135
2012-05-21,0.4448
2012-05-22,0.4362
2012-05-23,0.4413
2012-05-24,0.4240
2012-05-25,0.4393
2012-05-29,0.4652
2012-05-30,0.4400
2012-05-31,0.4253
2012-06-01,0.3755
2012-06-04,0.3703
2012-06-05,0.3953
2012-06-06,0.4353
2012-06-07,0.4177
2012-06-08,0.4360
2012-06-11,0.4112
2012-06-12,0.4392
2012-06-13,0.4242
2012-06-14,0.4228
2012-06-15,0.4418
2012-06-18,0.4625
2012-06-19,0.4767
2012-06-20,0.4928
2012-06-21,0.4312
2012-06-22,0.4490
2012-06-25,0.4057
2012-06-26,0.4093
2012-06-27,0.4262
2012-06-28,0.4177
2012-06-29,0.4700
2012-07-02,0.4682
2012-07-03,0.4895
2012-07-05,0.4762
2012-07-06,0.4413
2012-07-09,0.4260
2012-07-10,0.3962
2012-07-11,0.3838
2012-07-12,0.3665
2012-07-13,0.3758
2012-07-16,0.3633
2012-07-17,0.3583
2012-07-18,0.3947
2012-07-19,0.4198
2012-07-20,0.3988
2012-07-23,0.3870
2012-07-24,0.3833
2012-07-25,0.4037
2012-07-26,0.4320
2012-07-27,0.4620
2012-07-30,0.4498
2012-07-31,0.4605
2012-08-01,0.4597
2012-08-02,0.4553
2012-08-03,0.4833
2012-08-06,0.4918
2012-08-07,0.5215
2012-08-08,0.5285
2012-08-09,0.5382
2012-08-10,0.5452
2012-08-13,0.5347
2012-08-14,0.5200
2012-08-15,0.5288
2012-08-16,0.5563
2012-08-17,0.5452
2012-08-20,0.5308
2012-08-21,0.5320
2012-08-22,0.5208
2012-08-23,0.5103
2012-08-24,0.5187
2012-08-27,0.5140
2012-08-28,0.5127
2012-08-29,0.5137
2012-08-30,0.4882
2012-08-31,0.5073
2012-09-04,0.4957
2012-09-05,0.4847
2012-09-06,0.5363
2012-09-07,0.5263
2012-09-10,0.4988
2012-09-11,0.5073
2012-09-12,0.5105
2012-09-13,0.5247
2012-09-14,0.5448
2012-09-17,0.5298
2012-09-18,0.5225
2012-09-19,0.5125
2012-09-20,0.4992
2012-09-21,0.4997
2012-09-24,0.4772
2012-09-25,0.4407
2012-09-26,0.4330
2012-09-27,0.4620
2012-09-28,0.4493
2012-10-01,0.4455
2012-10-02,0.4535
2012-10-03,0.4460
2012-10-04,0.4563
2012-10-05,0.4545
2012-10-08,0.4393
2012-10-09,0.4187
2012-10-10,0.4013
2012-10-11,0.4038
2012-10-12,0.3970
2012-10-15,0.4143
2012-10-16,0.4410
2012-10-17,0.4380
2012-10-18,0.4270
2012-10-19,0.3903
2012-10-22,0.3897
2012-10-23,0.3933
2012-10-24,0.3752
2012-10-25,0.3903
2012-10-26,0.3958
2012-10-31,0.3953
2012-11-01,0.4357
2012-11-02,0.4113
2012-11-05,0.4318
2012-11-06,0.4490
2012-11-07,0.4152
2012-11-08,0.4000
2012-11-09,0.4028
2012-11-12,0.4032
2012-11-13,0.3945
2012-11-14,0.3752
2012-11-15,0.3598
2012-11-16,0.3603
2012-11-19,0.3808
2012-11-20,0.3783
2012-11-21,0.3802
2012-11-23,0.3997
2012-11-26,0.4063
2012-11-27,0.4015
2012-11-28,0.4155
2012-11-29,0.4190
2012-11-30,0.4173
2012-12-03,0.4118
2012-12-04,0.4188
2012-12-05,0.4162
2012-12-06,0.4310
2012-12-07,0.4338
2012-12-10,0.4418
2012-12-11,0.4685
2012-12-12,0.4630
2012-12-13,0.4500
2012-12-14,0.4407
2012-12-17,0.4458
2012-12-18,0.4665
2012-12-19,0.4702
2012-12-20,0.4693
2012-12-21,0.4545
2012-12-24,0.4505
2012-12-26,0.4403
2012-12-27,0.4333
2012-12-28,0.4258
2012-12-31,0.4482
2013-01-02,0.5052
2013-01-03,0.4962
2013-01-04,0.4945
2013-01-07,0.4895
2013-01-08,0.4733
2013-01-09,0.4873
2013-01-10,0.5070
2013-01-11,0.5158
2013-01-14,0.5115
2013-01-15,0.5038
2013-01-16,0.5202
2013-01-17,0.5532
2013-01-18,0.5443
2013-01-22,0.5395
2013-01-23,0.5572
2013-01-24,0.5423
2013-01-25,0.5625
2013-01-28,0.5663
2013-01-29,0.5558
2013-01-30,0.5587
2013-01-31,0.5537
2013-02-01,0.5832
2013-02-04,0.5578
2013-02-05,0.5842
2013-02-06,0.5873
2013-02-07,0.5797
2013-02-08,0.6022
2013-02-11,0.6048
2013-02-12,0.6087
2013-02-13,0.6135
2013-02-14,0.6310
2013-02-15,0.6188
2013-02-19,0.6412
2013-02-20,0.5982
2013-02-21,0.5655
2013-02-22,0.6008
2013-02-25,0.5665
2013-02-26,0.5807
2013-02-27,0.6067
2013-02-28,0.6222
2013-03-01,0.6002
2013-03-04,0.5977
2013-03-05,0.6317
2013-03-06,0.6345
2013-03-07,0.6427
2013-03-08,0.6442
2013-03-11,0.6472
2013-03-12,0.6568
2013-03-13,0.6627
2013-03-14,0.6718
2013-03-15,0.6392
2013-03-18,0.6133
2013-03-19,0.6062
2013-03-20,0.6300
2013-03-21,0.6002
2013-03-22,0.6190
2013-03-25,0.6158
2013-03-26,0.6328
2013-03-27,0.6355
2013-03-28,0.6470
2013-04-01,0.6105
2013-04-02,0.5930
2013-04-03,0.5573
2013-04-04,0.5787
2013-04-05,0.5703
2013-04-08,0.5913
2013-04-09,0.6075
2013-04-10,0.6465
2013-04-11,0.6402
2013-04-12,0.6307
2013-04-15,0.5857
2013-04-16,0.6208
2013-04-17,0.5597
2013-04-18,0.5445
2013-04-19,0.5575
2013-04-22,0.5745
2013-04-23,0.6115
2013-04-24,0.6335
2013-04-25,0.6520
2013-04-26,0.6342
2013-04-29,0.6558
2013-04-30,0.6753
2013-05-01,0.6563
2013-05-02,0.6835
2013-05-03,0.7033
2013-05-06,0.7175
2013-05-07,0.7165
2013-05-08,0.7447
2013-05-09,0.7565
2013-05-10,0.7772
2013-05-13,0.7538
2013-05-14,0.7653
2013-05-15,0.7857
2013-05-16,0.7707
2013-05-17,0.7997
2013-05-20,0.7952
2013-05-21,0.7935
2013-05-22,0.7572
2013-05-23,0.7563
2013-05-24,0.7562
2013-05-28,0.7763
2013-05-29,0.7858
2013-05-30,0.8220
2013-05-31,0.7980
2013-06-03,0.8000
2013-06-04,0.8107
2013-06-05,0.7730
2013-06-06,0.7670
2013-06-07,0.8037
2013-06-10,0.8163
2013-06-11,0.7642
2013-06-12,0.7362
2013-06-13,0.7807
2013-06-14,0.7722
2013-06-17,0.8053
2013-06-18,0.8445
2013-06-19,0.8170
2013-06-20,0.7408
2013-06-21,0.7465
2013-06-24,0.7002
2013-06-25,0.7520
2013-06-26,0.7617
2013-06-27,0.7717
2013-06-28,0.7820
2013-07-01,0.7762
2013-07-02,0.7782
2013-07-03,0.7905
2013-07-05,0.8213
2013-07-08,0.7725
2013-07-09,0.7963
2013-07-10,0.8237
2013-07-11,0.8762
2013-07-12,0.8912
2013-07-15,0.8910
2013-07-16,0.8983
2013-07-17,0.9007
2013-07-18,0.8783
2013-07-19,0.8730
2013-07-22,0.8667
2013-07-23,0.8572
2013-07-24,0.8102
2013-07-25,0.8247
2013-07-26,0.8023
2013-07-29,0.7892
2013-07-30,0.8155
2013-07-31,0.8272
2013-08-01,0.8720
2013-08-02,0.8555
2013-08-05,0.8515
2013-08-06,0.8342
2013-08-07,0.8082
2013-08-08,0.8107
2013-08-09,0.7987
2013-08-12,0.8075
2013-08-13,0.8345
2013-08-14,0.7973
2013-08-15,0.7427
2013-08-16,0.7500
2013-08-19,0.7348
2013-08-20,0.7495
2013-08-21,0.7330
2013-08-22,0.7578
2013-08-23,0.7583
2013-08-26,0.7532
2013-08-27,0.6970
2013-08-28,0.7200
2013-08-29,0.7475
2013-08-30,0.7270
2013-09-03,0.7448
2013-09-04,0.8020
2013-09-05,0.8208
2013-09-06,0.8108
2013-09-09,0.8433
2013-09-10,0.8902
2013-09-11,0.8825
2013-09-12,0.8672
2013-09-13,0.8787
2013-09-16,0.8892
2013-09-17,0.9072
2013-09-18,0.9305
2013-09-19,0.9208
2013-09-20,0.9060
2013-09-23,0.8943
2013-09-24,0.9123
2013-09-25,0.9147
2013-09-26,0.9133
2013-09-27,0.8923
2013-09-30,0.8940
2013-10-01,0.9172
2013-10-02,0.9155
2013-10-03,0.9082
2013-10-04,0.9285
2013-10-07,0.9147
2013-10-08,0.8712
2013-10-09,0.8600
2013-10-10,0.9185
2013-10-11,0.9270
2013-10-14,0.9452
2013-10-15,0.9210
2013-10-16,0.9472
2013-10-17,0.9672
2013-10-18,0.9737
2013-10-21,0.9852
2013-10-22,0.9787
2013-10-23,0.8820
2013-10-24,0.9035
2013-10-25,0.9135
2013-10-28,0.9323
2013-10-29,0.9733
2013-10-30,0.9590
2013-10-31,0.9753
2013-11-01,0.9647
2013-11-04,0.9628
2013-11-05,0.9542
2013-11-06,0.9648
2013-11-07,0.9093
2013-11-08,0.9395
2013-11-11,0.9388
2013-11-12,0.9545
2013-11-13,0.9815
2013-11-14,0.9678
2013-11-15,0.9862
2013-11-18,0.9595
2013-11-19,0.9260
2013-11-20,0.9122
2013-11-21,0.9608
2013-11-22,0.9625
2013-11-25,0.9592
2013-11-26,0.9838
2013-11-27,0.9967
2013-11-29,0.9965
2013-12-02,0.9912
2013-12-03,1.0013
2013-12-04,0.9887
2013-12-05,0.9952
2013-12-06,1.0295
2013-12-09,1.0375
2013-12-10,1.0287
2013-12-11,0.9983
2013-12-12,0.9732
2013-12-13,0.9680
2013-12-16,1.0070
2013-12-17,1.0383
2013-12-18,1.0590
2013-12-19,1.0400
2013-12-20,1.0665
2013-12-23,1.0930
2013-12-24,1.1060
2013-12-26,1.1162
2013-12-27,1.1132
2013-12-30,1.1217
2013-12-31,1.1503
2014-01-02,1.0987
2014-01-03,1.0947
2014-01-06,1.0740
2014-01-07,1.0990
2014-01-08,1.1475
2014-01-09,1.1232
2014-01-10,1.1368
2014-01-13,1.0963
2014-01-14,1.1717
2014-01-15,1.2013
2014-01-16,1.1813
2014-01-17,1.1610
2014-01-21,1.1838
2014-01-22,1.2243
2014-01-23,1.1827
2014-01-24,1.0997
2014-01-27,1.0787
2014-01-28,1.0918
2014-01-29,1.0765
2014-01-30,1.1183
2014-01-31,1.1010
2014-02-03,1.0315
2014-02-04,1.0332
2014-02-05,1.0373
2014-02-06,1.0867
2014-02-07,1.1392
2014-02-10,1.1567
2014-02-11,1.2008
2014-02-12,1.2347
2014-02-13,1.2790
2014-02-14,1.3002
2014-02-18,1.3107
2014-02-19,1.3077
2014-02-20,1.3385
2014-02-21,1.3182
2014-02-24,1.3333
2014-02-25,1.3138
2014-02-26,1.3393
2014-02-27,1.3375
2014-02-28,1.3333
2014-03-03,1.3115
2014-03-04,1.3795
2014-03-05,1.3882
2014-03-06,1.4198
2014-03-07,1.4132
2014-03-10,1.4042
2014-03-11,1.3818
2014-03-12,1.4167
2014-03-13,1.3458
2014-03-14,1.3245
2014-03-17,1.3720
2014-03-18,1.4305
2014-03-19,1.4273
2014-03-20,1.5077
2014-03-21,1.4680
2014-03-24,1.4498
2014-03-25,1.4798
2014-03-26,1.4350
2014-03-27,1.3995
2014-03-28,1.4297
2014-03-31,1.4985
2014-04-01,1.5685
2014-04-02,1.5587
2014-04-03,1.5680
2014-04-04,1.4362
2014-04-07,1.3965
2014-04-08,1.4488
2014-04-09,1.4955
2014-04-10,1.3577
2014-04-11,1.2928
2014-04-14,1.3232
2014-04-15,1.3505
2014-04-16,1.3427
2014-04-17,1.4202
2014-04-21,1.4577
2014-04-22,1.4993
2014-04-23,1.4932
2014-04-24,1.5163
2014-04-25,1.3697
2014-04-28,1.3447
2014-04-29,1.3692
2014-04-30,1.3968
2014-05-01,1.3830
2014-05-02,1.3913
2014-05-05,1.3980
2014-05-06,1.3813
2014-05-07,1.3840
2014-05-08,1.4123
2014-05-09,1.4008
2014-05-12,1.4767
2014-05-13,1.4440
2014-05-14,1.4072
2014-05-15,1.3578
2014-05-16,1.3980
2014-05-19,1.4428
2014-05-20,1.4225
2014-05-21,1.4430
2014-05-22,1.4642
2014-05-23,1.5035
2014-05-27,1.5610
2014-05-28,1.5660
2014-05-29,1.5757
2014-05-30,1.5822
2014-06-02,1.6078
2014-06-03,1.6532
2014-06-04,1.6757
2014-06-05,1.6988
2014-06-06,1.7242
2014-06-09,1.7365
2014-06-10,1.7538
2014-06-11,1.7793
2014-06-12,1.7608
2014-06-13,1.8108
2014-06-16,1.8447
2014-06-17,1.8862
2014-06-18,1.8635
2014-06-19,1.8687
2014-06-20,1.8850
2014-06-23,1.8642
2014-06-24,1.8227
2014-06-25,1.8423
2014-06-26,1.8188
2014-06-27,1.8275
2014-06-30,1.8847
2014-07-01,1.9623
2014-07-02,1.9772
2014-07-03,2.0170
2014-07-07,1.9748
2014-07-08,1.9450
2014-07-09,1.9788
2014-07-10,1.9503
2014-07-11,1.9542
2014-07-14,1.9805
2014-07-15,1.9648
2014-07-16,2.0328
2014-07-17,1.8758
2014-07-18,1.9493
2014-07-21,1.9653
2014-07-22,2.0028
2014-07-23,1.8645
2014-07-24,1.8173
2014-07-25,1.7080
2014-07-28,1.7025
2014-07-29,1.6947
2014-07-30,1.7447
2014-07-31,1.6263
2014-08-01,1.6507
2014-08-04,1.6713
2014-08-05,1.6215
2014-08-06,1.6360
2014-08-07,1.5718
2014-08-08,1.6245
2014-08-11,1.6735
2014-08-12,1.6672
2014-08-13,1.7152
2014-08-14,1.7243
2014-08-15,1.7763
2014-08-18,1.7998
2014-08-19,1.8383
2014-08-20,1.8835
2014-08-21,1.9085
2014-08-22,1.9127
2014-08-25,1.8895
2014-08-26,1.8912
2014-08-27,1.9015
2014-08-28,1.9422
2014-08-29,1.9637
2014-09-02,1.9372
2014-09-03,1.9542
2014-09-04,1.9692
2014-09-05,2.0187
2014-09-08,2.0312
2014-09-09,1.9773
2014-09-10,1.9753
2014-09-11,1.9903
2014-09-12,1.9133
2014-09-15,1.8435
2014-09-16,1.9392
2014-09-17,1.9850
2014-09-18,2.0703
2014-09-19,1.9963
2014-09-22,1.9233
2014-09-23,1.9083
2014-09-24,1.9768
2014-09-25,1.8698
2014-09-26,1.9348
2014-09-29,1.9430
2014-09-30,1.8945
2014-10-01,1.7563
2014-10-02,1.7272
2014-10-03,1.7533
2014-10-06,1.7110
2014-10-07,1.6148
2014-10-08,1.7213
2014-10-09,1.5835
2014-10-10,1.2553
2014-10-13,1.1742
2014-10-14,1.2405
2014-10-15,1.2568
2014-10-16,1.3113
2014-10-17,1.3433
2014-10-20,1.4068
2014-10-21,1.5598
2014-10-22,1.4950
2014-10-23,1.5597
2014-10-24,1.6100
2014-10-27,1.6265
2014-10-28,1.6973
2014-10-29,1.7075
2014-10-30,1.6498
2014-10-31,1.8417
2014-11-03,1.8758
2014-11-04,1.8602
2014-11-05,1.9150
2014-11-06,1.8662
2014-11-07,1.8113
2014-11-10,1.8523
2014-11-11,1.8362
2014-11-12,1.8328
2014-11-13,1.8360
2014-11-14,1.8812
2014-11-17,1.8568
2014-11-18,1.9642
2014-11-19,1.9263
2014-11-20,1.9800
2014-11-21,2.0395
2014-11-24,2.1025
2014-11-25,2.1017
2014-11-26,2.2372
2014-11-28,2.2500
2014-12-01,2.1715
2014-12-02,2.2128
2014-12-03,2.3503
2014-12-04,2.3605
2014-12-05,2.4330
2014-12-08,2.3282
2014-12-09,2.3218
2014-12-10,2.1918
2014-12-11,2.2230
2014-12-12,2.1130
2014-12-15,2.0530
2014-12-16,2.0180
2014-12-17,2.1482
2014-12-18,2.2667
2014-12-19,2.2490
2014-12-22,2.3488
2014-12-23,2.3355
2014-12-24,2.3437
2014-12-26,2.3528
2014-12-29,2.3318
2014-12-30,2.2917
2014-12-31,2.2470
2015-01-02,2.2472
2015-01-05,2.1200
2015-01-06,1.9757
2015-01-07,2.0355
2015-01-08,2.2187
2015-01-09,2.2242
2015-01-12,2.0905
2015-01-13,2.0282
2015-01-14,1.9957
2015-01-15,1.9470
2015-01-16,2.0135
2015-01-20,2.0772
2015-01-21,2.1453
2015-01-22,2.1857
2015-01-23,2.1665
2015-01-26,2.1892
2015-01-27,2.0633
2015-01-28,2.0325
2015-01-29,2.0383
2015-01-30,1.9130
2015-02-02,1.9305
2015-02-03,2.0347
2015-02-04,2.0590
2015-02-05,2.1153
2015-02-06,2.0833
2015-02-09,2.0152
2015-02-10,2.2193
2015-02-11,2.2417
2015-02-12,2.3498
2015-02-13,2.3998
2015-02-17,2.4238
2015-02-18,2.4000
2015-02-19,2.4220
2015-02-20,2.4652
2015-02-23,2.4162
2015-02-24,2.5140
2015-02-25,2.4718
2015-02-26,2.5220
2015-02-27,2.5038
2015-03-02,2.7118
2015-03-03,2.5552
2015-03-04,2.5510
2015-03-05,2.5533
2015-03-06,2.4763
2015-03-09,2.4980
2015-03-10,2.3570
2015-03-11,2.3768
2015-03-12,2.3738
2015-03-13,2.4228
2015-03-16,2.5295
2015-03-17,2.4757
2015-03-18,2.5300
2015-03-19,2.5485
2015-03-20,2.6603
2015-03-23,2.5858
2015-03-24,2.5197
2015-03-25,2.1745
2015-03-26,2.0848
2015-03-27,2.2560
2015-03-30,2.3500
2015-03-31,2.2673
2015-04-01,2.2247
2015-04-02,2.2023
2015-04-06,2.2338
2015-04-07,2.2395
2015-04-08,2.2798
2015-04-09,2.3683
2015-04-10,2.3948
2015-04-13,2.3483
2015-04-14,2.2798
2015-04-15,2.3950
2015-04-16,2.3648
2015-04-17,2.2635
2015-04-20,2.3188
2015-04-21,2.3695
2015-04-22,2.4677
2015-04-23,2.3518
2015-04-24,2.2368
2015-04-27,2.2602
2015-04-28,2.2630
2015-04-29,2.2250
2015-04-30,2.1742
2015-05-01,2.3437
2015-05-04,2.3283
2015-05-05,2.1812
2015-05-06,2.1730
2015-05-07,2.2462
2015-05-08,2.3105
2015-05-11,2.3112
2015-05-12,2.2558
2015-05-13,2.2927
2015-05-14,2.3773
2015-05-15,2.3890
2015-05-18,2.4530
2015-05-19,2.4307
2015-05-20,2.4433
2015-05-21,2.4800
2015-05-22,2.4980
2015-05-26,2.4440
2015-05-27,2.7293
2015-05-28,2.7367
2015-05-29,2.7607
2015-06-01,2.7733
2015-06-02,2.6753
2015-06-03,2.6220
2015-06-04,2.5533
2015-06-05,2.5573
2015-06-08,2.4167
2015-06-09,2.4040
2015-06-10,2.4940
2015-06-11,2.4927
2015-06-12,2.4247
2015-06-15,2.4067
2015-06-16,2.4320
2015-06-17,2.4373
2015-06-18,2.5407
2015-06-19,2.5180
2015-06-22,2.5653
2015-06-23,2.5213
2015-06-24,2.4467
2015-06-25,2.4413
2015-06-26,2.2633
2015-06-29,2.0700
2015-06-30,2.0947
2015-07-01,2.1100
2015-07-02,2.1360
2015-07-06,2.0507
2015-07-07,2.0233
2015-07-08,1.8753
2015-07-09,1.7860
2015-07-10,1.8873
2015-07-13,1.9327
2015-07-14,1.9993
2015-07-15,1.9587
2015-07-16,1.9713
2015-07-17,1.9547
2015-07-20,1.9147
2015-07-21,1.9200
2015-07-22,1.7780
2015-07-23,1.8560
2015-07-24,1.7440
2015-07-27,1.7027
2015-07-28,1.8087
2015-07-29,1.8180
2015-07-30,1.8387
2015-07-31,1.7740
2015-08-03,1.7567
2015-08-04,1.6980
2015-08-05,1.7613
2015-08-06,1.6693
2015-08-07,1.6967
2015-08-10,1.8240
2015-08-11,1.7000
2015-08-12,1.7287
2015-08-13,1.6760
2015-08-14,1.6467
2015-08-17,1.6960
2015-08-18,1.5913
2015-08-19,1.5467
2015-08-20,1.3747
2015-08-21,1.2773
2015-08-24,1.1793
2015-08-25,1.1407
2015-08-26,1.3100
2015-08-27,1.4573
2015-08-28,1.4853
2015-08-31,1.4673
2015-09-01,1.3160
2015-09-02,1.4087
2015-09-03,1.4413
2015-09-04,1.3647
2015-09-08,1.5433
2015-09-09,1.4620
2015-09-10,1.4827
2015-09-11,1.4820
2015-09-14,1.4967
2015-09-15,1.5480
2015-09-16,1.5607
2015-09-17,1.5187
2015-09-18,1.4427
2015-09-21,1.4280
2015-09-22,1.3347
2015-09-23,1.3040
2015-09-24,1.2987
2015-09-25,1.3187
2015-09-28,1.2087
2015-09-29,1.2353
2015-09-30,1.3733
2015-10-01,1.3280
2015-10-02,1.4133
2015-10-05,1.4920
2015-10-06,1.5073
2015-10-07,1.5753
2015-10-08,1.6047
2015-10-09,1.5620
2015-10-12,1.5687
2015-10-13,1.5053
2015-10-14,1.6753
2015-10-15,1.7253
2015-10-16,1.7320
2015-10-19,1.7313
2015-10-20,1.7233
2015-10-21,1.7327
2015-10-22,1.9087
2015-10-23,1.9833
2015-10-26,1.8647
2015-10-27,1.8260
2015-10-28,1.9207
2015-10-29,1.7520
2015-10-30,1.7967
2015-11-02,1.8420
2015-11-03,1.8693
2015-11-04,1.8893
2015-11-05,1.7713
2015-11-06,1.9047
2015-11-09,1.8507
2015-11-10,1.7500
2015-11-11,1.7540
2015-11-12,1.6893
2015-11-13,1.6420
2015-11-16,1.7033
2015-11-17,1.7367
2015-11-18,1.7880
2015-11-19,1.8007
2015-11-20,1.8193
2015-11-23,1.7467
2015-11-24,1.8140
2015-11-25,1.8187
2015-11-27,1.8593
2015-11-30,1.9160
2015-12-01,1.9907
2015-12-02,1.9627
2015-12-03,1.9260
2015-12-04,2.0327
2015-12-07,1.9747
2015-12-08,1.9267
2015-12-09,1.8500
2015-12-10,1.8820
2015-12-11,1.7713
2015-12-14,1.7373
2015-12-15,1.8173
2015-12-16,1.8593
2015-12-17,1.7773
2015-12-18,1.7147
2015-12-21,1.8100
2015-12-22,1.8167
2015-12-23,1.8560
2015-12-24,1.8753
2015-12-28,1.8533
2015-12-29,1.9207
2015-12-30,1.8613
2015-12-31,1.7847
2016-01-04,1.7240
2016-01-05,1.6707
2016-01-06,1.5360
2016-01-07,1.3787
2016-01-08,1.3107
2016-01-11,1.3307
2016-01-12,1.3640
2016-01-13,1.2347
2016-01-14,1.3107
2016-01-15,1.1340
2016-01-19,1.1380
2016-01-20,1.1600
2016-01-21,1.2080
2016-01-22,1.2787
2016-01-25,1.2240
2016-01-26,1.2600
2016-01-27,1.2153
2016-01-28,1.2047
2016-01-29,1.3673
2016-02-01,1.3880
2016-02-02,1.2507
2016-02-03,1.2607
2016-02-04,1.3227
2016-02-05,1.1887
2016-02-08,1.0967
2016-02-09,1.0753
2016-02-10,1.0520
2016-02-11,1.0280
2016-02-12,1.0960
2016-02-16,1.2120
2016-02-17,1.2987
2016-02-18,1.2780
2016-02-19,1.2953
2016-02-22,1.3567
2016-02-23,1.2907
2016-02-24,1.3447
2016-02-25,1.3967
2016-02-26,1.4180
2016-02-29,1.4107
2016-03-01,1.5280
2016-03-02,1.5540
2016-03-03,1.5573
2016-03-04,1.6067
2016-03-07,1.6247
2016-03-08,1.5140
2016-03-09,1.5513
2016-03-10,1.5720
2016-03-11,1.6653
2016-03-14,1.6460
2016-03-15,1.6367
2016-03-16,1.6820
2016-03-17,1.7187
2016-03-18,1.7873
2016-03-21,1.7960
2016-03-22,1.7913
2016-03-23,1.7193
2016-03-24,1.7153
2016-03-28,1.7133
2016-03-29,1.7787
2016-03-30,1.8320
2016-03-31,1.8007
2016-04-01,1.8360
2016-04-04,1.7853
2016-04-05,1.7533
2016-04-06,1.8067
2016-04-07,1.7220
2016-04-08,1.7480
2016-04-11,1.7453
2016-04-12,1.7400
2016-04-13,1.8587
2016-04-14,1.8133
2016-04-15,1.7647
2016-04-18,1.7673
2016-04-19,1.7000
2016-04-20,1.7500
2016-04-21,1.7193
2016-04-22,1.7287
2016-04-25,1.6973
2016-04-26,1.7653
2016-04-27,1.8220
2016-04-28,1.6753
2016-04-29,1.5467
2016-05-02,1.5787
2016-05-03,1.5260
2016-05-04,1.4713
2016-05-05,1.4827
2016-05-06,1.4887
2016-05-09,1.4820
2016-05-10,1.5373
2016-05-11,1.5233
2016-05-12,1.4427
2016-05-13,1.4600
2016-05-16,1.5280
2016-05-17,1.4980
2016-05-18,1.5707
2016-05-19,1.5400
2016-05-20,1.6833
2016-05-23,1.7200
2016-05-24,1.8447
2016-05-25,1.8773
2016-05-26,1.8960
2016-05-27,1.9307
2016-05-31,1.9620
2016-06-01,1.9960
2016-06-02,1.9947
2016-06-03,2.0133
2016-06-06,1.9980
2016-06-07,2.0567
2016-06-08,2.0513
2016-06-09,2.0593
2016-06-10,1.9560
2016-06-13,1.9293
2016-06-14,1.9240
2016-06-15,1.9247
2016-06-16,1.9227
2016-06-17,1.8747
2016-06-20,1.9380
2016-06-21,1.9580
2016-06-22,1.9493
2016-06-23,2.1013
2016-06-24,1.7467
2016-06-27,1.5387
2016-06-28,1.6620
2016-06-29,1.7620
2016-06-30,1.8580
2016-07-01,1.7980
2016-07-05,1.7073
2016-07-06,1.7147
2016-07-07,1.7773
2016-07-08,1.9267
2016-07-11,1.9900
2016-07-12,2.0713
2016-07-13,2.0767
2016-07-14,2.1220
2016-07-15,2.1173
2016-07-18,2.2127
2016-07-19,2.1867
2016-07-20,2.2920
2016-07-21,2.2440
2016-07-22,2.2793
2016-07-25,2.3160
2016-07-26,2.5987
2016-07-27,2.5827
2016-07-28,2.5420
2016-07-29,2.5033
2016-08-01,2.5167
2016-08-02,2.3960
2016-08-03,2.4127
2016-08-04,2.4753
2016-08-05,2.5700
2016-08-08,2.5593
2016-08-09,2.6253
2016-08-10,2.5647
2016-08-11,2.6013
2016-08-12,2.6347
2016-08-15,2.7440
2016-08-16,2.6853
2016-08-17,2.6840
2016-08-18,2.7433
2016-08-19,2.8147
2016-08-22,2.8180
2016-08-23,2.8633
2016-08-24,2.7893
2016-08-25,2.8233
2016-08-26,2.8627
2016-08-29,2.8920
2016-08-30,2.8667
2016-08-31,2.8687
2016-09-01,2.9440
2016-09-02,2.9280
2016-09-06,2.9033
2016-09-07,2.8393
2016-09-08,2.8267
2016-09-09,2.5153
2016-09-12,2.6660
2016-09-13,2.5887
2016-09-14,2.6627
2016-09-15,2.8467
2016-09-16,2.8480
2016-09-19,2.8620
2016-09-20,2.8260
2016-09-21,2.9367
2016-09-22,2.9707
2016-09-23,2.8760
2016-09-26,2.7867
2016-09-27,2.9367
2016-09-28,2.9560
2016-09-29,3.0647
2016-09-30,3.2073
2016-10-03,3.1407
2016-10-04,3.1167
2016-10-05,3.1893
2016-10-06,3.2447
2016-10-07,3.2260
2016-10-10,3.1780
2016-10-11,2.9793
2016-10-12,2.9460
2016-10-13,2.8393
2016-10-14,2.9087
2016-10-17,2.8593
2016-10-18,2.9640
2016-10-19,2.9200
2016-10-20,2.9827
2016-10-21,2.9587
2016-10-24,3.1233
2016-10-25,3.1160
2016-10-26,3.0980
2016-10-27,3.0567
2016-10-28,3.0040
2016-10-31,3.0513
2016-11-01,2.9653
2016-11-02,2.9060
2016-11-03,2.8867
2016-11-04,2.8360
2016-11-07,3.0813
2016-11-08,3.1013
2016-11-09,3.0520
2016-11-10,2.8607
2016-11-11,3.1833
2016-11-14,3.1300
2016-11-15,3.3107
2016-11-16,3.4253
2016-11-17,3.5373
2016-11-18,3.6100
2016-11-21,3.6580
2016-11-22,3.8047
2016-11-23,3.8200
2016-11-25,3.8360
2016-11-28,3.8040
2016-11-29,3.7820
2016-11-30,3.7140
2016-12-01,3.1647
2016-12-02,3.2873
2016-12-05,3.4073
2016-12-06,3.5487
2016-12-07,3.7733
2016-12-08,3.8700
2016-12-09,3.8213
2016-12-12,3.7347
2016-12-13,3.8607
2016-12-14,3.8520
2016-12-15,4.0547
2016-12-16,3.9227
2016-12-19,4.0447
2016-12-20,3.9687
2016-12-21,3.9687
2016-12-22,4.0327
2016-12-23,4.0927
2016-12-27,4.2420
2016-12-28,3.9953
2016-12-29,3.9947
2016-12-30,3.8067
2017-01-03,3.8127
2017-01-04,3.8473
2017-01-05,3.7413
2017-01-06,3.8313
2017-01-09,3.9547
2017-01-10,4.0147
2017-01-11,4.0527
2017-01-12,3.9480
2017-01-13,4.0227
2017-01-17,3.8293
2017-01-18,3.9893
2017-01-19,3.9347
2017-01-20,4.0873
2017-01-23,4.0067
2017-01-24,4.2447
2017-01-25,4.4313
2017-01-26,4.3540
2017-01-27,4.5193
2017-01-30,4.4473
2017-01-31,4.2740
2017-02-01,4.4773
2017-02-02,4.4660
2017-02-03,4.5433
2017-02-06,4.5907
2017-02-07,4.6413
2017-02-08,4.6640
2017-02-09,4.5420
2017-02-10,4.5313
2017-02-13,4.5633
2017-02-14,4.5153
2017-02-15,4.6280
2017-02-16,4.6453
2017-02-17,4.7200
2017-02-21,4.9227
2017-02-22,4.9233
2017-02-23,4.6787
2017-02-24,4.6707
2017-02-27,4.8053
2017-02-28,4.6193
2017-03-01,4.8360
2017-03-02,4.6860
2017-03-03,4.6773
2017-03-06,4.6847
2017-03-07,4.7173
2017-03-08,4.7520
2017-03-09,4.7747
2017-03-10,4.9393
2017-03-13,5.0540
2017-03-14,5.0073
2017-03-15,5.1287
2017-03-16,5.1087
2017-03-17,5.1367
2017-03-20,5.2513
2017-03-21,4.8860
2017-03-22,5.0420
2017-03-23,5.0033
2017-03-24,5.1087
2017-03-27,5.1353
2017-03-28,5.1867
2017-03-29,5.1433
2017-03-30,5.2313
2017-03-31,5.2213
2017-04-03,5.1307
2017-04-04,5.0520
2017-04-05,4.9427
2017-04-06,4.9613
2017-04-07,5.0273
2017-04-10,4.9107
2017-04-11,4.7913
2017-04-12,4.5387
2017-04-13,4.4513
2017-04-17,4.6253
2017-04-18,4.6807
2017-04-19,4.7573
2017-04-20,4.9853
2017-04-21,4.9153
2017-04-24,5.1267
2017-04-25,5.2867
2017-04-26,5.1507
2017-04-27,5.3700
2017-04-28,5.0960
2017-05-01,5.2447
2017-05-02,5.0760
2017-05-03,5.1320
2017-05-04,5.1193
2017-05-05,5.1740
2017-05-08,5.1167
2017-05-09,5.2720
2017-05-10,5.6060
2017-05-11,5.6627
2017-05-12,5.7140
2017-05-15,5.9760
2017-05-16,6.2427
2017-05-17,5.4233
2017-05-18,5.7340
2017-05-19,5.9227
2017-05-22,6.1120
2017-05-23,6.0413
2017-05-24,6.1540
2017-05-25,6.2573
2017-05-26,6.3327
2017-05-30,6.4593
2017-05-31,6.4573
2017-06-01,6.4733
2017-06-02,6.6660
2017-06-05,6.7240
2017-06-06,6.7907
2017-06-07,6.9500
2017-06-08,7.3140
2017-06-09,6.3920
2017-06-12,6.2847
2017-06-13,6.4060
2017-06-14,6.1993
2017-06-15,6.0500
2017-06-16,5.9800
2017-06-19,6.3207
2017-06-20,6.1107
2017-06-21,6.3187
2017-06-22,6.2713
2017-06-23,6.3293
2017-06-26,6.1720
2017-06-27,5.6733
2017-06-28,5.9633
2017-06-29,5.5160
2017-06-30,5.4333
2017-07-03,5.2000
2017-07-05,5.5300
2017-07-06,5.4567
2017-07-07,5.7247
2017-07-10,5.9300
2017-07-11,6.0693
2017-07-12,6.3587
2017-07-13,6.3053
2017-07-14,6.5573
2017-07-17,6.4733
2017-07-18,6.5340
2017-07-19,6.7093
2017-07-20,6.7673
2017-07-21,6.5940
2017-07-24,6.5293
2017-07-25,6.5253
2017-07-26,6.7200
2017-07-27,6.4167
2017-07-28,6.3540
2017-07-31,6.2113
2017-08-01,6.3153
2017-08-02,6.1807
2017-08-03,6.1073
2017-08-04,6.1140
2017-08-07,6.4320
2017-08-08,6.3647
2017-08-09,6.3020
2017-08-10,5.7760
2017-08-11,5.8713
2017-08-14,6.3260
2017-08-15,6.3727
2017-08-16,6.4013
2017-08-17,5.8913
2017-08-18,5.9453
2017-08-21,5.8180
2017-08-22,6.0940
2017-08-23,6.1747
2017-08-24,6.1673
2017-08-25,6.0753
2017-08-28,6.1227
2017-08-29,6.1660
2017-08-30,6.4800
2017-08-31,6.6700
2017-09-01,6.7573
2017-09-05,6.4713
2017-09-06,6.5100
2017-09-07,6.5400
2017-09-08,6.2980
2017-09-11,6.6673
2017-09-12,6.7567
2017-09-13,6.7840
2017-09-14,6.8787
2017-09-15,7.2273
2017-09-18,7.5140
2017-09-19,7.5920
2017-09-20,7.2720
2017-09-21,7.1833
2017-09-22,7.2860
2017-09-25,6.8620
2017-09-26,6.8500
2017-09-27,7.3300
2017-09-28,7.4947
2017-09-29,7.6840
2017-10-02,7.8173
2017-10-03,7.8947
2017-10-04,7.9467
2017-10-05,7.9633
2017-10-06,8.0667
2017-10-09,8.2353
2017-10-10,8.3953
2017-10-11,8.5600
2017-10-12,8.4733
2017-10-13,8.6400
2017-10-16,8.7640
2017-10-17,8.7447
2017-10-18,8.8307
2017-10-19,8.7533
2017-10-20,8.8793
2017-10-23,9.0220
2017-10-24,9.2060
2017-10-25,8.8467
2017-10-26,9.0053
2017-10-27,9.5573
2017-10-30,9.6473
2017-10-31,9.8640
2017-11-01,9.7720
2017-11-02,9.9013
2017-11-03,10.4293
2017-11-06,10.8733
2017-11-07,10.8433
2017-11-08,10.9527
2017-11-09,10.2860
2017-11-10,10.4813
2017-11-13,10.5667
2017-11-14,10.5373
2017-11-15,10.2580
2017-11-16,10.7200
2017-11-17,10.5780
2017-11-20,10.9513
2017-11-21,11.3440
2017-11-22,11.1227
2017-11-24,11.4200
2017-11-27,10.9900
2017-11-28,10.9800
2017-11-29,9.5367
2017-11-30,9.7133
2017-12-01,9.3807
2017-12-04,8.7000
2017-12-05,8.7113
2017-12-06,8.7993
2017-12-07,9.0567
2017-12-08,8.9167
2017-12-11,9.0720
2017-12-12,8.8000
2017-12-13,8.7987
2017-12-14,8.7787
2017-12-15,9.1693
2017-12-18,9.7873
2017-12-19,9.7440
2017-12-20,9.9480
2017-12-21,9.6260
2017-12-22,9.6007
2017-12-26,9.3233
2017-12-27,9.4173
2017-12-28,9.4773
2017-12-29,9.1933
2018-01-02,9.9513
2018-01-03,10.4467
2018-01-04,10.6300
2018-01-05,10.8220
2018-01-08,11.0653
2018-01-09,10.7473
2018-01-10,10.3500
2018-01-11,10.5333
2018-01-12,10.6967
2018-01-16,10.8113
2018-01-17,11.7413
2018-01-18,11.9087
2018-01-19,11.9407
2018-01-22,12.2173
2018-01-23,12.4947
2018-01-24,11.6347
2018-01-25,11.0293
2018-01-26,12.0753
2018-01-29,12.0367
2018-01-30,11.3040
2018-01-31,11.5940
2018-02-01,11.4227
2018-02-02,10.4687
2018-02-05,9.0680
2018-02-06,10.0000
2018-02-07,9.3347
2018-02-08,8.1533
2018-02-09,8.8960
2018-02-12,9.3653
2018-02-13,9.3513
2018-02-14,9.9793
2018-02-15,10.3480
2018-02-16,10.2307
2018-02-20,10.7607
2018-02-21,10.3960
2018-02-22,10.3187
2018-02-23,10.9887
2018-02-26,11.6880
2018-02-27,11.5800
2018-02-28,11.2613
2018-03-01,10.7180
2018-03-02,11.2720
2018-03-05,11.5793
2018-03-06,12.1027
2018-03-07,12.1980
2018-03-08,12.2500
2018-03-09,13.0133
2018-03-12,13.4187
2018-03-13,12.7920
2018-03-14,12.7867
2018-03-15,12.7493
2018-03-16,12.7393
2018-03-19,12.0013
2018-03-20,12.2820
2018-03-21,12.3653
2018-03-22,11.3500
2018-03-23,10.2147
2018-03-26,11.4993
2018-03-27,10.2173
2018-03-28,9.5693
2018-03-29,10.1880
2018-04-02,9.0080
2018-04-03,9.5240
2018-04-04,9.8873
2018-04-05,9.5833
2018-04-06,8.7087
2018-04-09,8.8680
2018-04-10,9.7207
2018-04-11,9.7247
2018-04-12,10.2787
2018-04-13,10.0373
2018-04-16,10.1020
2018-04-17,10.6713
2018-04-18,10.3407
2018-04-19,9.0053
2018-04-20,8.6820
2018-04-23,8.3327
2018-04-24,8.1300
2018-04-25,8.1013
2018-04-26,8.5960
2018-04-27,8.4060
2018-04-30,8.1273
2018-05-01,8.5293
2018-05-02,8.4120
2018-05-03,8.5640
2018-05-04,9.1813
2018-05-07,9.4327
2018-05-08,9.6333
2018-05-09,10.0493
2018-05-10,10.5860
2018-05-11,10.3333
2018-05-14,10.7400
2018-05-15,10.3600
2018-05-16,10.7780
2018-05-17,10.6520
2018-05-18,10.2040
2018-05-21,10.5227
2018-05-22,10.7000
2018-05-23,10.8713
2018-05-24,10.9840
2018-05-25,11.2547
2018-05-29,11.0393
2018-05-30,11.2580
2018-05-31,11.0140
2018-06-01,11.7520
2018-06-04,12.0393
2018-06-05,12.1993
2018-06-06,12.4347
2018-06-07,12.1047
2018-06-08,11.7853
2018-06-11,11.6980
2018-06-12,11.8773
2018-06-13,11.8367
2018-06-14,12.0393
2018-06-15,12.0160
2018-06-18,11.6467
2018-06-19,11.2393
2018-06-20,11.4160
2018-06-21,10.9880
2018-06-22,10.7333
2018-06-25,9.7853
2018-06-26,9.8880
2018-06-27,9.1607
2018-06-28,9.3920
2018-06-29,9.4333
2018-07-02,9.6073
2018-07-03,9.0640
2018-07-05,9.7973
2018-07-06,10.1673
2018-07-09,10.3573
2018-07-10,10.6813
2018-07-11,9.8520
2018-07-12,10.0633
2018-07-13,9.9347
2018-07-16,9.8940
2018-07-17,10.3327
2018-07-18,10.5560
2018-07-19,10.4787
2018-07-20,10.3253
2018-07-23,10.3687
2018-07-24,10.0340
2018-07-25,10.1913
2018-07-26,10.7453
2018-07-27,10.5907
2018-07-30,10.2893
2018-07-31,10.4813
2018-08-01,10.4240
2018-08-02,10.7473
2018-08-03,10.8000
2018-08-06,10.9947
2018-08-07,11.2640
2018-08-08,11.3500
2018-08-09,10.9987
2018-08-10,10.1700
2018-08-13,10.2100
2018-08-14,10.1793
2018-08-15,9.7600
2018-08-16,9.6920
2018-08-17,9.4707
2018-08-20,9.4487
2018-08-21,10.0080
2018-08-22,10.1393
2018-08-23,10.1740
2018-08-24,10.6113
2018-08-27,11.1087
2018-08-28,11.2373
2018-08-29,11.3307
2018-08-30,11.0120
2018-08-31,11.2000
2018-09-04,11.4573
2018-09-05,11.2927
2018-09-06,10.3867
2018-09-07,10.2607
2018-09-10,10.5953
2018-09-11,10.2787
2018-09-12,9.9260
2018-09-13,10.2753
2018-09-14,10.6087
2018-09-17,10.1333
2018-09-18,10.4180
2018-09-19,10.4773
2018-09-20,10.8380
2018-09-21,10.7407
2018-09-24,10.8547
2018-09-25,10.2847
2018-09-26,9.9947
2018-09-27,10.1240
2018-09-28,10.3073
2018-10-01,10.3933
2018-10-02,10.4100
2018-10-03,10.4273
2018-10-04,9.8667
2018-10-05,9.1700
2018-10-08,8.8447
2018-10-09,8.8373
2018-10-10,7.6647
2018-10-11,7.4207
2018-10-12,7.8340
2018-10-15,7.6247
2018-10-16,8.3713
2018-10-17,8.2653
2018-10-18,7.6467
2018-10-19,7.2860
2018-10-22,7.4280
2018-10-23,7.3087
2018-10-24,5.8633
2018-10-25,6.2620
2018-10-26,5.9287
2018-10-29,5.7540
2018-10-30,6.4700
2018-10-31,6.7027
2018-11-01,7.6253
2018-11-02,7.2833
2018-11-05,7.0960
2018-11-06,7.3533
2018-11-07,7.6173
2018-11-08,7.5173
2018-11-09,7.0980
2018-11-12,6.1680
2018-11-13,6.3960
2018-11-14,6.4707
2018-11-15,7.1253
2018-11-16,6.8707
2018-11-19,6.0713
2018-11-20,6.1000
2018-11-21,6.1727
2018-11-23,6.1700
2018-11-26,6.5187
2018-11-27,6.5607
2018-11-28,7.0113
2018-11-29,6.8447
2018-11-30,7.1260
2018-12-03,7.7020
2018-12-04,6.5787
2018-12-06,6.4707
2018-12-07,5.7460
2018-12-10,5.9893
2018-12-11,6.0953
2018-12-12,6.3653
2018-12-13,6.2947
2018-12-14,6.0260
2018-12-17,5.8000
2018-12-18,6.0293
2018-12-19,5.2673
2018-12-20,5.1327
2018-12-21,4.8973
2018-12-24,4.4720
2018-12-26,5.2407
2018-12-27,5.3387
2018-12-28,5.4513
2018-12-31,5.5547
2019-01-02,5.7020
2019-01-03,4.6887
2019-01-04,5.2947
2019-01-07,5.6053
2019-01-08,5.5193
2019-01-09,5.9460
2019-01-10,6.1133
2019-01-11,6.2840
2019-01-14,5.9867
2019-01-15,6.0260
2019-01-16,5.8787
2019-01-17,6.0820
2019-01-18,6.4993
2019-01-22,5.9527
2019-01-23,5.8287
2019-01-24,6.8253
2019-01-25,7.2613
2019-01-28,6.8187
2019-01-29,6.5240
2019-01-30,7.0900
2019-01-31,7.0953
2019-02-01,7.3433
2019-02-04,7.4540
2019-02-05,7.5580
2019-02-06,8.1653
2019-02-07,7.6200
2019-02-08,7.5887
2019-02-11,7.6973
2019-02-12,8.1827
2019-02-13,8.2540
2019-02-14,8.3187
2019-02-15,8.4533
2019-02-19,8.3987
2019-02-20,8.6300
2019-02-21,8.4400
2019-02-22,8.7033
2019-02-25,8.9220
2019-02-26,8.7373
2019-02-27,8.4287
2019-02-28,8.4493
2019-03-01,8.6700
2019-03-04,8.6740
2019-03-05,8.5500
2019-03-06,8.1320
2019-03-07,7.8553
2019-03-08,7.8427
2019-03-11,8.4020
2019-03-12,8.5000
2019-03-13,8.6040
2019-03-14,8.4573
2019-03-15,9.1860
2019-03-18,9.1260
2019-03-19,9.4787
2019-03-20,9.2087
2019-03-21,10.1633
2019-03-22,9.2987
2019-03-25,8.9440
2019-03-26,9.2160
2019-03-27,8.8120
2019-03-28,8.7660
2019-03-29,9.1693
2019-04-01,9.8447
2019-04-02,9.8760
2019-04-03,10.5487
2019-04-04,10.5887
2019-04-05,10.8307
2019-04-08,10.9087
2019-04-09,10.5407
2019-04-10,10.8113
2019-04-11,10.7847
2019-04-12,11.2333
2019-04-15,10.9940
2019-04-16,12.0413
2019-04-17,12.5893
2019-04-18,12.6133
2019-04-22,12.6187
2019-04-23,12.9973
2019-04-24,13.3740
2019-04-25,12.6460
2019-04-26,12.3293
2019-04-29,12.2647
2019-04-30,12.5367
2019-05-01,12.2293
2019-05-02,12.6367
2019-05-03,12.8900
2019-05-06,12.2567
2019-05-07,11.3620
2019-05-08,11.0893
2019-05-09,10.6947
2019-05-10,10.7260
2019-05-13,9.2120
2019-05-14,9.8713
2019-05-15,10.1133
2019-05-16,9.6000
2019-05-17,9.0327
2019-05-20,7.9500
2019-05-21,8.4500
2019-05-22,7.9213
2019-05-23,7.5207
2019-05-24,7.3253
2019-05-28,7.1260
2019-05-29,7.2227
2019-05-30,7.3873
2019-05-31,7.0667
2019-06-03,7.1347
2019-06-04,8.0400
2019-06-05,7.8800
2019-06-06,8.2073
2019-06-07,8.4647
2019-06-10,9.1247
2019-06-11,9.1933
2019-06-12,8.5447
2019-06-13,8.7067
2019-06-14,8.0167
2019-06-17,7.8553
2019-06-18,8.8800
2019-06-19,8.8973
2019-06-20,9.1440
2019-06-21,8.9553
2019-06-24,9.0147
2019-06-25,8.6193
2019-06-26,9.4293
2019-06-27,9.8453
2019-06-28,9.8860
2019-07-01,10.6860
2019-07-02,10.2380
2019-07-03,10.0787
2019-07-05,9.9180
2019-07-08,9.6780
2019-07-09,9.9013
2019-07-10,10.1093
2019-07-11,10.1860
2019-07-12,10.7680
2019-07-15,11.0187
2019-07-16,10.6620
2019-07-17,10.7513
2019-07-18,11.2440
2019-07-19,11.1693
2019-07-22,11.8233
2019-07-23,12.2733
2019-07-24,13.3920
2019-07-25,12.7127
2019-07-26,12.7033
2019-07-29,12.8013
2019-07-30,12.7147
2019-07-31,11.4867
2019-08-01,10.7973
2019-08-02,10.2913
2019-08-05,8.9467
2019-08-06,9.3060
2019-08-07,9.5020
2019-08-08,10.2787
2019-08-09,9.7040
2019-08-12,9.3560
2019-08-13,10.1820
2019-08-14,9.2273
2019-08-15,9.1513
2019-08-16,9.9000
2019-08-19,10.4687
2019-08-20,10.3027
2019-08-21,10.5947
2019-08-22,10.5833
2019-08-23,9.2120
2019-08-26,9.4400
2019-08-27,9.3413
2019-08-28,9.5127
2019-08-29,10.1567
2019-08-30,10.3300
2019-09-03,9.7927
2019-09-04,10.5933
2019-09-05,11.5827
2019-09-06,11.6293
2019-09-09,11.7927
2019-09-10,11.9480
2019-09-11,12.4833
2019-09-12,12.5933
2019-09-13,12.4793
2019-09-16,12.2253
2019-09-17,12.3367
2019-09-18,12.3607
2019-09-19,12.1727
2019-09-20,11.4940
2019-09-23,11.8453
2019-09-24,11.2520
2019-09-25,11.8273
2019-09-26,11.8647
2019-09-27,11.0000
2019-09-30,11.3480
2019-10-01,11.0373
2019-10-02,10.5167
2019-10-03,11.0547
2019-10-04,11.6540
2019-10-07,11.3887
2019-10-08,10.3413
2019-10-09,10.8627
2019-10-10,11.1787
2019-10-11,11.9293
2019-10-14,11.9273
2019-10-15,12.7093
2019-10-16,12.1567
2019-10-17,12.2840
2019-10-18,11.8740
2019-10-21,12.5493
2019-10-22,12.2560
2019-10-23,11.5433
2019-10-24,12.3807
2019-10-25,13.1427
2019-10-28,13.8320
2019-10-29,13.4693
2019-10-30,13.4713
2019-10-31,13.2180
2019-11-01,14.1293
2019-11-04,15.0547
2019-11-05,15.1413
2019-11-06,14.8000
2019-11-07,15.0907
2019-11-08,15.3313
2019-11-11,15.0820
2019-11-12,15.2153
2019-11-13,15.2067
2019-11-14,15.0813
2019-11-15,15.4733
2019-11-18,15.3793
2019-11-19,15.1413
2019-11-20,14.6207
2019-11-21,14.1213
2019-11-22,14.1140
2019-11-25,15.1407
2019-11-26,14.9360
2019-11-27,15.2560
2019-11-29,14.7627
2019-12-02,14.1133
2019-12-03,13.4680
2019-12-04,14.1007
2019-12-05,14.2700
2019-12-06,14.9333
2019-12-09,14.6813
2019-12-10,14.8447
2019-12-11,15.8180
2019-12-12,17.1013
2019-12-13,16.8200
2019-12-16,17.2973
2019-12-17,17.5247
2019-12-18,17.4993
2019-12-19,17.9107
2019-12-20,18.4860
2019-12-23,18.5913
2019-12-24,18.7293
2019-12-26,18.8000
2019-12-27,18.5907
2019-12-30,18.1993
2019-12-31,18.3213
2020-01-02,19.4640
2020-01-03,18.4127
2020-01-06,17.8287
2020-01-07,18.7480
2020-01-08,18.7893
2020-01-09,19.1140
2020-01-10,18.7233
2020-01-13,19.4573
2020-01-14,19.5827
2020-01-15,18.8767
2020-01-16,19.8227
2020-01-17,20.2073
2020-01-21,20.1700
2020-01-22,20.6513
2020-01-23,21.1227
2020-01-24,20.4087
2020-01-27,18.0413
2020-01-28,19.3327
2020-01-29,18.2667
2020-01-30,18.1987
2020-01-31,16.2407
2020-02-03,16.8607
2020-02-04,18.4333
2020-02-05,19.6400
2020-02-06,19.6527
2020-02-07,18.2660
2020-02-10,19.0933
2020-02-11,20.2393
2020-02-12,21.1287
2020-02-13,21.1753
2020-02-14,21.0393
2020-02-18,20.1653
2020-02-19,21.7320
2020-02-20,20.7607
2020-02-21,18.8967
2020-02-24,16.2007
2020-02-25,14.7127
2020-02-26,14.8360
2020-02-27,12.7420
2020-02-28,13.6667
2020-03-02,15.0200
2020-03-03,13.4993
2020-03-04,15.4753
2020-03-05,14.0873
2020-03-06,13.2407
2020-03-09,9.8860
2020-03-10,11.7733
2020-03-11,9.7760
2020-03-12,6.8027
2020-03-13,8.6613
2020-03-16,5.3187
2020-03-17,5.8473
2020-03-18,4.3333
2020-03-19,4.6620
2020-03-20,4.2633
2020-03-23,4.6600
2020-03-24,6.2493
2020-03-25,6.0047
2020-03-26,7.2053
2020-03-27,6.0960
2020-03-30,6.7520
2020-03-31,6.3160
2020-04-01,5.2940
2020-04-02,5.7787
2020-04-03,5.4353
2020-04-06,7.1027
2020-04-07,7.0133
2020-04-08,7.7160
2020-04-09,7.2100
2020-04-13,7.4700
2020-04-14,8.4620
2020-04-15,7.7753
2020-04-16,8.3473
2020-04-17,8.5640
2020-04-20,8.0113
2020-04-21,6.8860
2020-04-22,8.0393
2020-04-23,7.8353
2020-04-24,8.3340
2020-04-27,8.6707
2020-04-28,8.5353
2020-04-29,9.7600
2020-04-30,8.7340
2020-05-01,7.4067
2020-05-04,7.6147
2020-05-05,8.0007
2020-05-06,8.2780
2020-05-07,8.5207
2020-05-08,9.2653
2020-05-11,9.2400
2020-05-12,8.4567
2020-05-13,8.0013
2020-05-14,8.6407
2020-05-15,8.0993
2020-05-18,9.2327
2020-05-19,9.1220
2020-05-20,10.1593
2020-05-21,9.3700
2020-05-22,9.5060
2020-05-26,9.8007
2020-05-27,10.2193
2020-05-28,9.5487
2020-05-29,10.2740
2020-06-01,10.1467
2020-06-02,10.8000
2020-06-03,11.7467
2020-06-04,12.0560
2020-06-05,12.9340
2020-06-08,12.8553
2020-06-09,12.8773
2020-06-10,12.9960
2020-06-11,10.5160
2020-06-12,10.9520
2020-06-15,11.4327
2020-06-16,12.0387
2020-06-17,12.3720
2020-06-18,12.3147
2020-06-19,12.0667
2020-06-22,12.3893
2020-06-23,12.4913
2020-06-24,11.6520
2020-06-25,11.9387
2020-06-26,11.2240
2020-06-29,11.6100
2020-06-30,12.5473
2020-07-01,12.0227
2020-07-02,12.4700
2020-07-06,13.4700
2020-07-07,12.9720
2020-07-08,13.5087
2020-07-09,14.0460
2020-07-10,13.9060
2020-07-13,13.2120
2020-07-14,13.9120
2020-07-15,13.7727
2020-07-16,13.6047
2020-07-17,13.8567
2020-07-20,14.7107
2020-07-21,14.3993
2020-07-22,14.5720
2020-07-23,13.8933
2020-07-24,13.2313
2020-07-27,14.4847
2020-07-28,13.6280
2020-07-29,14.5107
2020-07-30,15.3600
2020-07-31,15.1007
2020-08-03,15.9993
2020-08-04,16.6867
2020-08-05,16.6540
2020-08-06,16.5933
2020-08-07,16.0293
2020-08-10,16.0393
2020-08-11,15.5080
2020-08-12,17.0700
2020-08-13,16.5113
2020-08-14,16.4533
2020-08-17,17.0760
2020-08-18,16.7940
2020-08-19,16.4680
2020-08-20,16.0393
2020-08-21,16.3927
2020-08-24,16.8460
2020-08-25,17.3887
2020-08-26,17.5847
2020-08-27,16.8993
2020-08-28,17.8567
2020-08-31,17.8067
2020-09-01,18.8093
2020-09-02,20.4967
2020-09-03,16.9987
2020-09-04,16.5273
2020-09-08,14.1740
2020-09-09,15.3460
2020-09-10,14.7087
2020-09-11,14.6573
2020-09-14,15.5840
2020-09-15,16.3853
2020-09-16,15.8920
2020-09-17,15.8193
2020-09-18,15.0820
2020-09-21,15.0093
2020-09-22,15.5533
2020-09-23,14.3953
2020-09-24,14.8160
2020-09-25,15.4553
2020-09-28,16.7173
2020-09-29,16.8567
2020-09-30,16.8793
2020-10-01,17.9273
2020-10-02,16.3293
2020-10-05,17.9233
2020-10-06,17.6173
2020-10-07,18.6800
2020-10-08,19.3287
2020-10-09,20.3427
2020-10-12,21.2260
2020-10-13,21.2007
2020-10-14,20.8647
2020-10-15,20.7000
2020-10-16,20.4047
2020-10-19,20.0760
2020-10-20,20.0120
2020-10-21,19.5893
2020-10-22,19.6580
2020-10-23,19.3700
2020-10-26,18.1327
2020-10-27,17.9453
2020-10-28,16.1593
2020-10-29,17.4460
2020-10-30,16.5967
2020-11-02,16.8640
2020-11-03,17.8673
2020-11-04,19.7400
2020-11-05,22.3433
2020-11-06,23.4927
2020-11-09,22.5953
2020-11-10,20.5633
2020-11-11,22.8040
2020-11-12,21.9213
2020-11-13,22.7347
2020-11-16,24.4113
2020-11-17,23.8167
2020-11-18,23.3113
2020-11-19,24.3933
2020-11-20,23.9973
2020-11-23,25.0833
2020-11-24,25.4887
2020-11-25,25.2160
2020-11-27,26.0840
2020-11-30,27.0647
2020-12-01,28.5007
2020-12-02,28.7173
2020-12-03,28.7607
2020-12-04,31.1547
2020-12-07,31.5620
2020-12-08,31.9600
2020-12-09,29.2267
2020-12-10,29.1700
2020-12-11,28.1633
2020-12-14,29.2240
2020-12-15,30.4427
2020-12-16,30.3753
2020-12-17,30.5380
2020-12-18,30.1393
2020-12-21,29.5460
2020-12-22,29.4333
2020-12-23,28.8220
2020-12-24,29.6540
2020-12-28,29.4853
2020-12-29,29.2587
2020-12-30,30.7713
2020-12-31,31.0987
2021-01-04,30.6693
2021-01-05,32.4460
2021-01-06,32.2073
2021-01-07,35.7567
2021-01-08,35.7867
2021-01-11,37.0900
2021-01-12,37.8187
2021-01-13,37.9193
2021-01-14,40.3867
2021-01-15,37.8240
2021-01-19,41.6667
2021-01-20,41.3193
2021-01-21,43.1587
2021-01-22,40.7900
2021-01-25,40.9653
2021-01-26,39.0553
2021-01-27,33.1440
2021-01-28,35.1340
2021-01-29,33.4007
2021-02-01,37.3480
2021-02-02,39.0480
2021-02-03,36.6327
2021-02-04,37.5380
2021-02-05,36.7227
2021-02-08,40.1333
2021-02-09,39.6220
2021-02-10,39.9967
2021-02-11,44.1647
2021-02-12,45.7720
2021-02-16,46.5820
2021-02-17,44.0107
2021-02-18,42.6853
2021-02-19,45.7987
2021-02-22,40.8067
2021-02-23,39.9787
2021-02-24,43.7453
2021-02-25,36.2187
2021-02-26,38.7107
2021-03-01,42.5580
2021-03-02,38.5500
2021-03-03,35.0100
2021-03-04,29.9800
2021-03-05,32.7500
2021-03-08,27.5200
2021-03-09,32.4500
2021-03-10,30.7200
2021-03-11,34.4700
2021-03-12,33.4200
2021-03-15,35.5700
2021-03-16,36.9800
2021-03-17,38.4200
2021-03-18,33.7100
2021-03-19,34.7500
2021-03-22,37.0000
2021-03-23,34.0300
2021-03-24,32.5900
2021-03-25,32.8100
2021-03-26,37.6900
2021-03-29,35.7900
2021-03-30,35.5200
2021-03-31,38.2100
2021-04-01,42.4100
2021-04-05,45.0000
2021-04-06,43.3800
2021-04-07,43.3800
2021-04-08,44.7900
2021-04-09,44.4800
2021-04-12,43.0900
2021-04-13,42.6900
2021-04-14,41.2700
2021-04-15,43.4700
2021-04-16,42.7500
2021-04-19,39.6000
2021-04-20,37.7100
2021-04-21,40.7500
2021-04-22,37.9800
2021-04-23,40.1500
2021-04-26,42.2100
2021-04-27,41.3400
2021-04-28,39.4200
2021-04-29,40.3100
2021-04-30,36.9000
2021-05-03,35.6100
2021-05-04,33.9700
2021-05-05,34.5500
2021-05-06,35.4000
2021-05-07,36.9300
2021-05-10,31.9300
2021-05-11,32.1100
2021-05-12,28.1300
2021-05-13,29.3300
2021-05-14,31.9300
2021-05-17,31.1000
2021-05-18,30.2900
2021-05-19,32.0500
2021-05-20,34.6400
2021-05-21,34.1400
2021-05-24,36.5300
2021-05-25,36.9400
2021-05-26,37.1800
2021-05-27,37.8600
2021-05-28,38.7800
2021-06-01,38.3400
2021-06-02,39.1900
2021-06-03,37.1200
2021-06-04,39.7400
2021-06-07,38.9100
2021-06-08,38.1700
2021-06-09,37.7000
2021-06-10,39.0400
2021-06-11,39.4900
2021-06-14,41.1700
2021-06-15,40.0400
2021-06-16,39.1800
2021-06-17,40.3100
2021-06-18,37.3200
2021-06-21,38.1200
2021-06-22,38.6000
2021-06-23,39.0500
2021-06-24,41.0800
2021-06-25,40.6600
2021-06-28,43.6500
2021-06-29,44.6400
2021-06-30,44.5400
2021-07-01,42.5700
2021-07-02,43.3200
2021-07-06,43.0400
2021-07-07,41.2400
2021-07-08,39.7800
2021-07-09,41.7700
2021-07-12,43.3300
2021-07-13,42.6200
2021-07-14,42.1600
2021-07-15,39.4200
2021-07-16,36.7600
2021-07-19,36.8400
2021-07-20,38.3400
2021-07-21,41.8500
2021-07-22,40.7400
2021-07-23,41.5500
2021-07-26,41.4500
2021-07-27,39.1500
2021-07-28,41.1800
2021-07-29,43.4500
2021-07-30,44.3900
2021-08-02,45.2100
2021-08-03,45.9700
2021-08-04,47.6100
2021-08-05,47.1700
2021-08-06,46.6300
2021-08-09,46.1500
2021-08-10,44.4500
2021-08-11,44.1700
2021-08-12,42.6200
2021-08-13,43.4800
2021-08-16,43.0100
2021-08-17,40.4600
2021-08-18,38.6600
2021-08-19,39.6300
2021-08-20,40.4300
2021-08-23,43.6900
2021-08-24,43.7300
2021-08-25,44.7800
2021-08-26,44.6800
2021-08-27,47.3000
2021-08-30,47.7400
2021-08-31,46.5500
2021-09-01,45.9600
2021-09-02,46.3000
2021-09-03,47.2400
2021-09-07,46.7700
2021-09-08,44.9500
2021-09-09,45.5500
2021-09-10,46.5900
2021-09-13,47.8700
2021-09-14,47.8700
2021-09-15,48.5900
2021-09-16,49.0700
2021-09-17,46.7500
2021-09-20,43.3000
2021-09-21,43.6000
2021-09-22,46.2600
2021-09-23,48.1000
2021-09-24,47.9500
2021-09-27,47.6900
2021-09-28,42.2300
2021-09-29,40.1200
2021-09-30,40.0400
2021-10-01,40.0700
2021-10-04,37.0200
2021-10-05,38.6500
2021-10-06,39.0600
2021-10-07,40.3900
2021-10-08,39.3300
2021-10-11,38.3800
2021-10-12,37.0500
2021-10-13,37.6500
2021-10-14,41.0500
2021-10-15,41.8400
2021-10-18,42.8600
2021-10-19,44.4300
2021-10-20,44.2000
2021-10-21,45.5900
2021-10-22,44.0500
2021-10-25,45.0600
2021-10-26,44.9600
2021-10-27,44.0900
2021-10-28,47.0000
2021-10-29,47.6500
2021-11-01,49.9600
2021-11-02,51.8200
2021-11-03,53.6700
2021-11-04,59.0800
2021-11-05,60.9100
2021-11-08,63.5400
2021-11-09,63.4000
2021-11-10,57.9500
2021-11-11,61.6400
2021-11-12,63.3500
2021-11-15,63.2000
2021-11-16,66.1500
2021-11-17,64.5200
2021-11-18,67.9800
2021-11-19,68.6100
2021-11-22,65.4300
2021-11-23,64.7400
2021-11-24,66.8800
2021-11-26,61.3700
2021-11-29,68.4100
2021-11-30,64.6700
2021-12-01,63.1600
2021-12-02,63.2500
2021-12-03,62.9300
2021-12-06,62.6000
2021-12-07,71.9900
2021-12-08,70.6900
2021-12-09,65.9000
2021-12-10,67.6000
2021-12-13,62.3400
2021-12-14,61.5200
2021-12-15,68.1200
2021-12-16,59.2300
2021-12-17,58.9600
2021-12-20,57.5500
2021-12-21,63.5000
2021-12-22,65.3800
2021-12-23,67.4100
2021-12-27,72.9900
2021-12-28,70.5200
2021-12-29,71.0000
2021-12-30,68.3600
2021-12-31,68.0100
2022-01-03,72.1000
2022-01-04,71.0700
2022-01-05,64.0100
2022-01-06,65.5400
2022-01-07,59.7400
2022-01-10,60.0000
2022-01-11,63.2900
2022-01-12,64.5800
2022-01-13,60.2000
2022-01-14,64.4800
2022-01-18,55.9800
2022-01-19,50.8200
2022-01-20,45.9900
2022-01-21,43.7100
2022-01-24,45.4500
2022-01-25,40.1900
2022-01-26,42.1200
2022-01-27,36.3600
2022-01-28,38.4100
2022-01-31,44.5800
2022-02-01,45.9100
2022-02-02,49.3400
2022-02-03,42.6300
2022-02-04,43.4600
2022-02-07,43.4100
2022-02-08,46.6000
2022-02-09,51.0200
2022-02-10,46.4200
2022-02-11,39.5400
2022-02-14,39.5900
2022-02-15,46.0100
2022-02-16,46.1000
2022-02-17,40.8700
2022-02-18,39.6300
2022-02-22,38.6100
2022-02-23,35.9100
2022-02-24,39.9400
2022-02-25,41.7800
2022-02-28,41.0100
2022-03-01,36.5800
2022-03-02,40.1200
2022-03-03,37.5500
2022-03-04,34.7700
2022-03-07,29.5800
2022-03-08,31.1600
2022-03-09,34.9300
2022-03-10,32.7500
2022-03-11,30.6900
2022-03-14,27.9100
2022-03-15,31.5100
2022-03-16,36.3000
2022-03-17,36.9500
2022-03-18,39.1700
2022-03-21,39.0000
2022-03-22,39.5900
2022-03-23,36.6900
2022-03-24,42.0900
2022-03-25,42.0100
2022-03-28,42.7100
2022-03-29,45.5800
2022-03-30,41.3500
2022-03-31,38.7800
2022-04-01,36.2900
2022-04-04,37.9600
2022-04-05,32.8800
2022-04-06,30.5100
2022-04-07,30.5100
2022-04-08,28.2900
2022-04-11,26.4900
2022-04-12,26.2400
2022-04-13,28.0300
2022-04-14,25.6100
2022-04-18,26.9800
2022-04-19,28.7500
2022-04-20,28.5000
2022-04-21,26.2100
2022-04-22,24.4500
2022-04-25,25.6700
2022-04-26,22.4300
2022-04-27,21.9500
2022-04-28,25.5800
2022-04-29,22.2400
2022-05-02,24.5000
2022-05-03,25.1100
2022-05-04,28.0200
2022-05-05,23.9900
2022-05-06,23.3500
2022-05-09,19.7200
2022-05-10,21.0900
2022-05-11,19.1500
2022-05-12,19.4100
2022-05-13,22.4900
2022-05-16,21.3700
2022-05-17,24.5800
2022-05-18,20.8500
2022-05-19,20.5100
2022-05-20,20.3600
2022-05-23,20.6300
2022-05-24,19.1000
2022-05-25,20.1900
2022-05-26,22.5400
2022-05-27,25.2600
2022-05-31,24.8600
2022-06-01,23.7100
2022-06-02,26.2000
2022-06-03,23.9300
2022-06-06,23.9100
2022-06-07,24.6000
2022-06-08,22.9100
2022-06-09,21.0900
2022-06-10,18.8100
2022-06-13,15.5500
2022-06-14,15.7600
2022-06-15,16.6100
2022-06-16,13.5700
2022-06-17,13.7000
2022-06-21,14.8000
2022-06-22,14.2900
2022-06-23,14.0100
2022-06-24,15.8100
2022-06-27,15.8000
2022-06-28,14.5600
2022-06-29,13.5500
2022-06-30,13.1000
2022-07-01,11.6000
2022-07-05,11.8500
2022-07-06,12.0900
2022-07-07,13.7100
2022-07-08,13.9100
2022-07-11,12.9100
2022-07-12,12.9700
2022-07-13,13.2900
2022-07-14,14.0700
2022-07-15,15.1100
2022-07-18,14.9200
2022-07-19,16.9500
2022-07-20,18.2000
2022-07-21,19.1000
2022-07-22,17.6500
2022-07-25,17.3000
2022-07-26,16.4300
2022-07-27,18.7300
2022-07-28,19.3700
2022-07-29,19.8300
2022-08-01,20.0100
2022-08-02,19.9200
2022-08-03,21.5500
2022-08-04,22.0700
2022-08-05,21.5600
2022-08-08,20.5400
2022-08-09,17.6900
2022-08-10,19.9100
2022-08-11,19.7800
2022-08-12,21.6000
2022-08-15,21.7800
2022-08-16,21.1400
2022-08-17,19.5500
2022-08-18,20.8900
2022-08-19,19.1700
2022-08-22,17.0400
2022-08-23,17.3300
2022-08-24,17.4100
2022-08-25,19.3200
2022-08-26,15.9800
2022-08-29,15.0500
2022-08-30,14.4700
2022-08-31,14.0400
2022-09-01,13.2200
2022-09-02,12.8600
2022-09-06,12.4200
2022-09-07,12.9900
2022-09-08,13.6500
2022-09-09,14.6500
2022-09-12,14.7800
2022-09-13,12.0900
2022-09-14,12.4600
2022-09-15,11.9100
2022-09-16,12.0600
2022-09-19,12.2600
2022-09-20,11.7000
2022-09-21,11.4000
2022-09-22,10.5100
2022-09-23,10.0300
2022-09-26,9.5500
2022-09-27,9.8100
2022-09-28,10.1700
2022-09-29,9.2900
2022-09-30,8.8600
2022-10-03,9.7000
2022-10-04,11.0400
2022-10-05,11.4200
2022-10-06,11.1900
2022-10-07,9.2100
2022-10-10,8.2800
2022-10-11,7.5700
2022-10-12,7.3400
2022-10-13,8.0000
2022-10-14,6.9300
2022-10-17,7.3300
2022-10-18,7.4000
2022-10-19,7.5700
2022-10-20,7.7000
2022-10-21,8.5800
2022-10-24,8.6800
2022-10-25,9.2600
2022-10-26,9.0100
2022-10-27,8.5200
2022-10-28,9.5000
2022-10-31,8.9200
2022-11-01,9.1000
2022-11-02,8.2400
2022-11-03,7.8900
2022-11-04,8.9900
2022-11-07,9.5900
2022-11-08,10.1700
2022-11-09,9.2400
2022-11-10,12.0800
2022-11-11,13.2200
2022-11-14,12.7700
2022-11-15,13.8700
2022-11-16,12.1300
2022-11-17,12.3700
2022-11-18,12.4900
2022-11-21,11.8900
2022-11-22,12.9000
2022-11-23,13.3200
2022-11-25,12.8600
2022-11-28,11.8400
2022-11-29,11.7300
2022-11-30,13.8200
2022-12-01,13.5000
2022-12-02,13.0300
2022-12-05,12.5900
2022-12-06,11.7200
2022-12-07,11.7000
2022-12-08,12.6200
2022-12-09,12.3200
2022-12-12,12.9800
2022-12-13,13.6300
2022-12-14,13.0000
2022-12-15,11.4000
2022-12-16,11.1100
2022-12-19,10.6900
2022-12-20,10.4100
2022-12-21,11.1400
2022-12-22,9.7800
2022-12-23,9.7700
2022-12-27,9.2700
2022-12-28,8.8600
2022-12-29,9.6700
2022-12-30,9.6700
2023-01-03,9.3600
2023-01-04,10.0700
2023-01-05,9.5700
2023-01-06,10.8700
2023-01-09,11.5300
2023-01-10,11.9700
2023-01-11,12.4000
2023-01-12,12.8200
2023-01-13,12.9500
2023-01-17,13.0600
2023-01-18,12.8200
2023-01-19,11.7700
2023-01-20,12.7900
2023-01-23,14.7400
2023-01-24,14.4400
2023-01-25,14.5300
2023-01-26,15.2400
2023-01-27,14.9800
2023-01-30,13.8000
2023-01-31,14.5200
2023-02-01,16.8000
2023-02-02,17.9200
2023-02-03,16.9300
2023-02-06,16.1000
2023-02-07,17.5900
2023-02-08,16.4900
2023-02-09,16.5800
2023-02-10,15.8000
2023-02-13,16.4200
2023-02-14,17.3300
2023-02-15,17.5400
2023-02-16,16.2800
2023-02-17,15.5000
2023-02-21,14.0100
2023-02-22,13.8300
2023-02-23,15.0800
2023-02-24,14.3100
2023-02-27,14.5000
2023-02-28,14.6500
2023-03-01,14.6800
2023-03-02,15.0100
2023-03-03,15.6800
2023-03-06,15.1700
2023-03-07,14.6500
2023-03-08,15.8100
2023-03-09,14.9100
2023-03-10,14.0500
2023-03-13,14.0200
2023-03-14,15.2200
2023-03-15,14.6900
2023-03-16,16.4200
2023-03-17,16.1300
2023-03-20,16.6100
2023-03-21,16.6700
2023-03-22,16.2400
2023-03-23,17.4900
2023-03-24,16.5700
2023-03-27,15.9700
2023-03-28,15.6300
2023-03-29,17.0800
2023-03-30,17.9500
2023-03-31,18.3000
2023-04-03,17.8100
2023-04-04,16.7900
2023-04-05,15.9200
2023-04-06,15.6600
2023-04-10,16.3900
2023-04-11,16.2100
2023-04-12,15.3300
2023-04-13,15.6700
2023-04-14,15.5800
2023-04-17,15.5800
2023-04-18,15.7800
2023-04-19,15.2600
2023-04-20,15.2000
2023-04-21,14.8600
2023-04-24,14.6300
2023-04-25,13.2000
2023-04-26,13.3700
2023-04-27,13.5400
2023-04-28,14.2300
2023-05-01,14.6600
2023-05-02,14.3500
2023-05-03,13.8400
2023-05-04,13.6000
2023-05-05,14.4700
2023-05-08,14.6500
2023-05-09,13.9400
2023-05-10,14.3100
2023-05-11,14.0700
2023-05-12,14.0200
2023-05-15,15.1100
2023-05-16,15.0500
2023-05-17,16.1400
2023-05-18,17.6700
2023-05-19,17.3900
2023-05-22,17.5300
2023-05-23,16.9200
2023-05-24,16.0300
2023-05-25,19.1500
2023-05-26,22.8800
2023-05-30,22.8700
2023-05-31,21.1500
2023-06-01,22.1600
2023-06-02,22.0200
2023-06-05,20.9700
2023-06-06,21.7300
2023-06-07,21.6400
2023-06-08,22.2800
2023-06-09,22.4000
2023-06-12,24.6000
2023-06-13,25.5600
2023-06-14,26.6400
2023-06-15,25.9500
2023-06-16,25.2400
2023-06-20,24.6500
2023-06-21,22.7800
2023-06-22,23.1000
2023-06-23,21.8900
2023-06-26,22.0900
2023-06-27,24.3700
2023-06-28,23.7200
2023-06-29,23.8100
2023-06-30,24.8300
2023-07-03,25.4900
2023-07-05,23.8500
2023-07-06,22.9800
2023-07-07,22.9600
2023-07-10,24.3200
2023-07-11,24.3400
2023-07-12,25.6900
2023-07-13,27.2800
2023-07-14,26.2300
2023-07-17,28.0600
2023-07-18,28.2600
2023-07-19,27.2900
2023-07-20,24.2900
2023-07-21,24.9200
2023-07-24,24.9000
2023-07-25,26.1300
2023-07-26,25.0600
2023-07-27,26.4600
2023-07-28,28.1500
2023-07-31,28.4100
2023-08-01,28.5300
2023-08-02,25.2800
2023-08-03,25.1500
2023-08-04,24.8800
2023-08-07,25.6600
2023-08-08,24.4600
2023-08-09,23.0900
2023-08-10,22.8100
2023-08-11,21.1400
2023-08-14,22.9300
2023-08-15,21.8000
2023-08-16,20.5300
2023-08-17,19.9100
2023-08-18,20.1500
2023-08-21,21.8800
2023-08-22,21.3500
2023-08-23,22.6000
2023-08-24,20.4100
2023-08-25,20.6600
2023-08-28,21.4200
2023-08-29,23.0700
2023-08-30,23.4000
2023-08-31,23.8600
2023-09-01,24.0200
2023-09-05,24.0200
2023-09-06,23.4400
2023-09-07,21.8700
2023-09-08,21.5000
2023-09-11,21.4500
2023-09-12,20.9400
2023-09-13,21.2300
2023-09-14,21.6500
2023-09-15,19.7900
2023-09-18,19.9300
2023-09-19,19.4300
2023-09-20,18.4800
2023-09-21,17.4200
2023-09-22,17.8400
2023-09-25,18.2200
2023-09-26,17.2400
2023-09-27,17.6800
2023-09-28,18.6400
2023-09-29,18.8700
2023-10-02,19.0800
2023-10-03,17.8900
2023-10-04,18.6400
2023-10-05,18.4000
2023-10-06,19.4700
2023-10-09,19.3800
2023-10-10,20.0500
2023-10-11,20.5100
2023-10-12,20.6800
2023-10-13,18.9800
2023-10-16,19.8100
2023-10-17,19.3000
2023-10-18,18.2800
2023-10-19,17.4300
2023-10-20,16.6400
2023-10-23,16.3900
2023-10-24,17.0400
2023-10-25,14.9700
2023-10-26,14.7300
2023-10-27,15.1000
2023-10-30,14.5300
2023-10-31,14.9000
2023-11-01,15.9500
2023-11-02,17.0800
2023-11-03,18.3800
2023-11-06,18.2500
2023-11-07,18.6000
2023-11-08,18.6700
2023-11-09,18.3900
2023-11-10,20.6000
2023-11-13,20.0200
2023-11-14,22.1400
2023-11-15,22.6300
2023-11-16,22.7200
2023-11-17,23.1300
2023-11-20,24.1800
2023-11-21,22.8400
2023-11-22,23.0000
2023-11-24,23.0900
2023-11-27,22.9700
2023-11-28,22.5400
2023-11-29,23.2200
2023-11-30,22.8100
2023-12-01,23.0700
2023-12-04,22.3100
2023-12-05,21.9300
2023-12-06,21.4700
2023-12-07,23.1800
2023-12-08,23.7000
2023-12-11,26.1100
2023-12-12,26.6500
2023-12-13,27.9200
2023-12-14,30.1900
2023-12-15,30.5700
2023-12-18,30.2900
2023-12-19,30.7500
2023-12-20,28.1000
2023-12-21,30.2600
2023-12-22,30.5100
2023-12-26,32.1600
2023-12-27,32.3500
2023-12-28,32.2200
2023-12-29,31.4000
2024-01-02,28.0400
2024-01-03,26.2500
2024-01-04,25.5800
2024-01-05,25.9300
2024-01-08,28.4300
2024-01-09,28.4200
2024-01-10,28.1700
2024-01-11,28.4600
2024-01-12,28.1000
2024-01-16,29.1900
2024-01-17,28.4300
2024-01-18,31.1900
2024-01-19,34.8600
2024-01-22,35.2600
2024-01-23,35.9200
2024-01-24,37.4200
2024-01-25,37.1200
2024-01-26,34.0100
2024-01-29,35.0400
2024-01-30,33.5300
2024-01-31,32.1000
2024-02-01,32.4500
2024-02-02,33.6500
2024-02-05,35.1000
2024-02-06,33.8300
2024-02-07,35.3600
2024-02-08,37.1500
2024-02-09,39.3200
2024-02-12,39.1500
2024-02-13,36.8400
2024-02-14,39.1200
2024-02-15,39.1100
2024-02-16,38.3300
2024-02-20,36.4200
2024-02-21,36.1400
2024-02-22,41.4200
2024-02-23,40.1700
2024-02-26,41.2100
2024-02-27,41.1100
2024-02-28,39.8000
2024-02-29,42.8400
2024-03-01,48.3300
2024-03-04,49.7700
2024-03-05,46.8400
2024-03-06,50.2200
2024-03-07,55.3200
2024-03-08,48.9500
2024-03-11,46.7700
2024-03-12,49.5800
2024-03-13,46.0800
2024-03-14,43.5300
2024-03-15,42.7400
2024-03-18,42.5400
2024-03-19,41.4200
2024-03-20,43.4000
2024-03-21,46.3100
2024-03-22,46.4300
2024-03-25,45.8900
2024-03-26,45.0300
2024-03-27,46.5000
2024-03-28,46.5300
2024-04-01,47.9900
2024-04-02,45.8800
2024-04-03,46.1900
2024-04-04,42.3700
2024-04-05,43.6200
2024-04-08,44.0000
2024-04-09,45.3900
2024-04-10,43.0900
2024-04-11,45.8000
2024-04-12,41.5100
2024-04-15,39.7800
2024-04-16,40.5400
2024-04-17,37.0600
2024-04-18,34.9100
2024-04-19,30.7900
2024-04-22,32.0700
2024-04-23,34.1100
2024-04-24,35.4900
2024-04-25,37.4100
2024-04-26,39.8000
2024-04-29,40.6100
2024-04-30,38.1800
2024-05-01,34.3700
2024-05-02,36.4500
2024-05-03,38.9700
2024-05-06,41.3000
2024-05-07,40.3600
2024-05-08,40.4100
2024-05-09,39.9600
2024-05-10,41.0300
2024-05-13,41.2700
2024-05-14,43.2100
2024-05-15,47.0000
2024-05-16,46.2600
2024-05-17,45.4000
2024-05-20,48.2500
2024-05-21,47.9800
2024-05-22,49.3800
2024-05-23,48.8100
2024-05-24,51.4400
2024-05-28,54.0400
2024-05-29,50.9800
2024-05-30,50.0000
2024-05-31,48.5900
2024-06-03,48.5900
2024-06-04,47.5900
2024-06-05,53.5200
2024-06-06,52.5100
2024-06-07,51.8700
2024-06-10,53.9500
2024-06-11,54.1700
2024-06-12,58.7200
2024-06-13,60.8600
2024-06-14,60.1000
2024-06-17,62.6700
2024-06-18,65.2400
2024-06-20,60.0200
2024-06-21,58.2000
2024-06-24,53.2200
2024-06-25,55.3000
2024-06-26,54.7800
2024-06-27,53.8000
2024-06-28,55.3600
2024-07-01,55.3600
2024-07-02,57.6000
2024-07-03,60.3900
2024-07-05,60.8100
2024-07-08,64.3100
2024-07-09,64.2500
2024-07-10,68.5900
2024-07-11,61.9900
2024-07-12,63.9400
2024-07-15,64.1400
2024-07-16,65.3000
2024-07-17,51.5500
2024-07-18,51.6600
2024-07-19,47.0000
2024-07-22,52.9300
2024-07-23,50.5300
2024-07-24,42.9000
2024-07-25,39.7800
2024-07-26,41.9200
2024-07-29,41.8100
2024-07-30,37.2400
2024-07-31,44.3900
2024-08-01,35.0000
2024-08-02,29.3400
2024-08-05,27.8900
2024-08-06,28.5800
2024-08-07,26.2200
2024-08-08,31.4600
2024-08-09,31.0100
2024-08-12,31.4100
2024-08-13,35.2800
2024-08-14,35.0500
2024-08-15,39.9200
2024-08-16,39.7300
2024-08-19,41.6000
2024-08-20,40.0900
2024-08-21,41.7300
2024-08-22,37.5100
2024-08-23,40.4000
2024-08-26,37.3700
2024-08-27,38.4900
2024-08-28,36.6000
2024-08-29,36.1900
2024-08-30,38.7900
2024-09-03,30.0700
2024-09-04,30.3000
2024-09-05,29.7500
2024-09-06,25.9600
2024-09-09,27.4300
2024-09-10,28.3500
2024-09-11,32.2200
2024-09-12,31.8100
2024-09-13,33.4300
2024-09-16,32.1600
2024-09-17,32.1600
2024-09-18,31.1400
2024-09-19,35.1200
2024-09-20,33.5500
2024-09-23,33.9200
2024-09-24,35.0700
2024-09-25,35.7400
2024-09-26,39.6500
2024-09-27,37.6600
2024-09-30,36.6800
2024-10-01,33.8300
2024-10-02,34.9600
2024-10-03,35.2100
2024-10-04,36.6800
2024-10-07,36.4100
2024-10-08,37.4600
2024-10-09,38.6100
2024-10-10,37.8300
2024-10-11,38.6700
2024-10-14,40.8200
2024-10-15,34.4700
2024-10-16,34.4600
2024-10-17,35.2100
2024-10-18,35.2700
2024-10-21,35.0900
2024-10-22,34.6900
2024-10-23,33.8000
2024-10-24,34.2900
2024-10-25,35.2800
2024-10-28,35.3500
2024-10-29,37.9800
2024-10-30,34.0100
2024-10-31,30.0900
2024-11-01,30.8300
2024-11-04,30.3500
2024-11-05,31.3800
2024-11-06,34.1200
2024-11-07,36.2100
2024-11-08,35.4100
2024-11-11,32.7700
2024-11-12,31.6700
2024-11-13,29.6900
2024-11-14,29.6000
2024-11-15,26.6600
2024-11-18,27.6700
2024-11-19,27.8500
2024-11-20,27.1300
2024-11-21,28.4900
2024-11-22,28.4900
2024-11-25,29.3300
2024-11-26,28.1300
2024-11-27,26.9800
2024-11-29,28.0600
2024-12-02,30.2000
2024-12-03,29.7300
2024-12-04,30.8800
2024-12-05,29.1200
2024-12-06,29.6100
2024-12-09,29.2300
2024-12-10,27.0600
2024-12-11,29.1200
2024-12-12,28.4600
2024-12-13,30.7000
2024-12-16,32.5100
2024-12-17,31.1300
2024-12-18,27.8300
2024-12-19,26.3000
2024-12-20,27.3000
2024-12-23,29.5900
2024-12-24,30.4800
2024-12-26,30.5700
2024-12-27,29.6900
2024-12-30,27.9400
2024-12-31,27.3100
2025-01-02,27.6700
2025-01-03,29.8200
2025-01-06,32.4900
2025-01-07,31.1500
2025-01-08,30.1800
2025-01-10,28.0600
2025-01-13,27.8500
2025-01-14,28.1200
2025-01-15,29.9400
2025-01-16,29.9900
2025-01-17,32.4900
2025-01-21,33.6900
2025-01-22,35.1500
2025-01-23,34.9200
2025-01-24,32.6500
2025-01-27,25.0600
2025-01-28,25.3700
2025-01-29,25.6800
2025-01-30,27.1500
2025-01-31,27.0200
2025-02-03,25.6100
2025-02-04,26.2500
2025-02-05,27.7000
2025-02-06,27.6900
2025-02-07,26.3300
2025-02-10,27.3500
2025-02-11,27.4000
2025-02-12,27.5400
2025-02-13,28.4700
2025-02-14,28.5500
2025-02-18,29.9900
2025-02-19,31.4700
2025-02-20,31.7000
2025-02-21,28.8100
2025-02-24,26.7600
2025-02-25,25.0700
2025-02-26,26.2900
2025-02-27,21.7500
2025-02-28,22.7300
2025-03-03,20.5100
2025-03-04,20.6500
2025-03-05,21.9500
2025-03-06,19.2300
2025-03-07,20.8800
2025-03-10,17.9900
2025-03-11,17.4100
2025-03-12,18.3000
2025-03-13,18.0900
2025-03-14,19.8000
2025-03-17,20.7900
2025-03-18,19.9300
2025-03-19,20.3800
2025-03-20,19.9300
2025-03-21,19.2800
2025-03-24,21.0000
2025-03-25,20.5500
2025-03-26,18.7900
2025-03-27,17.7600
2025-03-28,16.0300
2025-03-31,15.9500
2025-04-01,15.9500
2025-04-02,16.2600
2025-04-03,11.4100
2025-04-04,8.7300
2025-04-07,9.1500
2025-04-08,8.2500
2025-04-09,12.7700
2025-04-10,9.6300
2025-04-11,10.2300
2025-04-14,10.4700
2025-04-15,10.6000
2025-04-16,9.3400
2025-04-17,9.2000
2025-04-21,8.7100
2025-04-22,9.1800
2025-04-23,10.2900
2025-04-24,12.0000
2025-04-25,12.3400
2025-04-28,12.2900
2025-04-29,11.8600
2025-04-30,12.1600
2025-05-01,12.1000
2025-05-02,13.2900
2025-05-05,13.0500
2025-05-06,12.6400
2025-05-07,13.2800
2025-05-08,13.6600
2025-05-09,14.1100
2025-05-12,17.1300
2025-05-13,18.6000
2025-05-14,18.8400
2025-05-15,18.4700
2025-05-16,18.3900
2025-05-19,18.0600
2025-05-20,17.9700
2025-05-21,17.0000
2025-05-22,16.5100
2025-05-23,15.7300
2025-05-27,17.2900
2025-05-28,17.0400
2025-05-29,17.2000
2025-05-30,16.1700
2025-06-02,16.9000
2025-06-03,18.3000
2025-06-04,19.0900
2025-06-05,18.8100
2025-06-06,19.1800
2025-06-09,20.5800
2025-06-10,21.8900
2025-06-11,21.6400
2025-06-12,21.6900
2025-06-13,20.0400
2025-06-16,21.9000
2025-06-17,21.4200
2025-06-18,21.6100
2025-06-20,21.2100
2025-06-23,21.5800
2025-06-24,23.9500
2025-06-25,24.5800
2025-06-26,25.2000
2025-06-27,25.1100
2025-06-30,25.1100
2025-07-01,24.7100
2025-07-02,26.0500
2025-07-03,26.4300
2025-07-07,24.9700
2025-07-08,26.3700
2025-07-09,26.6500
2025-07-10,27.3700
2025-07-11,27.2900
2025-07-14,26.5000
2025-07-15,27.2900
2025-07-16,27.0300
2025-07-17,27.3200
2025-07-18,27.3300
2025-07-21,27.5000
2025-07-22,26.3200
2025-07-23,25.7800
2025-07-24,25.6200
2025-07-25,25.6000
2025-07-28,26.8800
2025-07-29,27.0300
2025-07-30,27.6100
2025-07-31,24.9800
2025-08-01,24.0800
2025-08-04,25.0000
2025-08-05,24.5200
2025-08-06,23.9900
2025-08-07,25.0000
2025-08-08,25.7100
2025-08-11,25.6100
2025-08-12,28.0000
2025-08-13,29.2700
2025-08-14,29.4200
2025-08-15,27.3700
2025-08-18,27.5300
2025-08-19,26.2400
2025-08-20,25.8000
2025-08-21,25.3500
2025-08-22,27.4500
2025-08-25,27.3000
2025-08-26,27.9400
2025-08-27,28.1800
2025-08-28,28.5300
2025-08-29,26.0400
2025-09-02,25.2500
2025-09-03,24.9100
2025-09-04,25.6500
2025-09-05,26.4500
2025-09-08,27.0800
2025-09-09,27.1800
2025-09-10,28.6000
2025-09-11,29.1700
2025-09-12,29.3000
2025-09-15,30.0000
2025-09-16,30.4800
2025-09-17,30.4700
2025-09-18,33.6400
2025-09-19,33.0200
2025-09-22,34.4300
2025-09-23,34.3000
2025-09-24,34.2000
2025-09-25,33.8500
2025-09-26,34.0200
2025-09-29,34.0200
2025-09-30,34.8400
2025-10-01,36.8600
2025-10-02,39.0800
2025-10-03,38.2300
2025-10-06,41.7100
2025-10-07,38.8300
2025-10-08,42.7800
2025-10-09,42.2400
2025-10-10,34.2100
2025-10-13,39.1400
2025-10-14,36.6300
2025-10-15,39.9800
2025-10-16,40.5700
2025-10-17,40.2900
2025-10-20,42.2400
2025-10-21,41.5100
2025-10-22,38.3900
2025-10-23,41.1700
2025-10-24,43.1400
2025-10-27,46.8400
2025-10-28,46.9600
2025-10-29,49.3800
2025-10-30,47.3900
2025-10-31,47.7800
2025-11-03,48.5800
2025-11-04,42.8000
2025-11-05,46.8300
2025-11-06,43.0100
2025-11-07,41.7400
2025-11-10,44.9600
2025-11-11,41.8100
2025-11-12,43.7100
2025-11-13,39.2200
2025-11-14,38.8600
2025-11-17,36.8400
2025-11-18,34.3500
2025-11-19,35.9600
2025-11-20,30.8100
2025-11-21,31.7300
2025-11-24,35.8600
2025-11-25,36.1700
2025-11-26,39.1900
2025-11-28,41.2600
2025-12-01,41.3100
2025-12-02,43.8000
2025-12-03,46.5800
2025-12-04,45.1600
2025-12-05,46.5000
2025-12-08,47.9900
2025-12-09,47.7900
2025-12-10,49.6500
2025-12-11,48.7900
2025-12-12,41.7100
2025-12-15,41.1800
2025-12-16,40.4900
2025-12-17,36.0100
2025-12-18,38.5800
2025-12-19,41.7200
2025-12-22,43.2600
2025-12-23,43.7000
2025-12-24,44.2100
2025-12-26,44.2100
2025-12-29,43.8200
2025-12-30,43.6700
2025-12-31,42.0300
2026-01-02,47.2400
2026-01-05,49.2200
2026-01-06,54.0100
2026-01-07,52.2900
2026-01-08,49.6500
2026-01-09,53.9500
2026-01-12,54.6500
2026-01-13,56.0700
2026-01-14,55.3800
2026-01-15,58.0800
2026-01-16,60.7500
2026-01-20,57.9400
2026-01-21,63.4800
2026-01-22,63.7200
2026-01-23,61.6000
2026-01-26,60.7000
2026-01-27,64.9600
2026-01-28,70.0900
2026-01-29,70.4700
2026-01-30,61.7900
2026-02-02,65.2000
2026-02-03,61.2000
2026-02-04,53.1900
2026-02-05,53.2500
2026-02-06,61.7500
2026-02-09,64.0300
2026-02-10,63.3400
2026-02-11,68.0500
2026-02-12,63.1000
2026-02-13,64.5900
2026-02-17,64.3500
2026-02-18,66.2900
2026-02-19,65.2300
2026-02-20,67.1100
2026-02-23,65.8600
2026-02-24,68.5300
2026-02-25,71.8600
2026-02-26,65.3400
2026-02-27,62.7700
2026-03-02,62.7600
2026-03-03,53.4200
2026-03-04,56.6200
2026-03-05,54.8000
2026-03-06,47.8900
2026-03-09,53.3200
2026-03-10,54.5900
2026-03-11,56.0900
2026-03-12,50.2800
2026-03-13,50.7200
2026-03-16,53.6900
2026-03-17,54.9500
2026-03-18,54.0200
2026-03-19,54.8500
2026-03-20,51.1400
2026-03-23,53.0300
2026-03-24,54.9600
2026-03-25,57.0400
2026-03-26,48.9700
2026-03-27,46.6100
2026-03-30,40.6200
2026-03-31,47.9100
2026-04-01,52.2600
2026-04-02,52.7500
2026-04-06,54.8100
2026-04-07,56.5500
2026-04-08,67.5000
2026-04-09,71.9800
2026-04-10,76.3900
2026-04-13,80.5600
2026-04-14,85.3100
2026-04-15,85.9600
2026-04-16,88.3700
2026-04-17,94.6800
2026-04-20,95.9400
2026-04-21,98.0900
2026-04-22,105.6400
2026-04-23,112.7700
2026-04-24,128.3200
2026-04-27,123.3900
2026-04-28,109.5600
2026-04-29,117.9700
2026-04-30,126.9800
2026-05-01,130.4000
2026-05-04,127.5500
2026-05-05,144.1600
2026-05-06,165.8500
2026-05-07,152.1000
2026-05-08,176.9400
2026-05-11,190.4200
2026-05-12,172.5200
2026-05-13,184.2400
2026-05-14,186.1900
2026-05-15,164.1800
2026-05-18,151.7500
2026-05-19,151.8900
2026-05-20,173.2000
2026-05-21,178.3900
2026-05-22,190.5600
2026-05-26,225.7900
2026-05-27,217.9800
2026-05-28,224.6300
2026-05-29,224.3400
2026-06-01,227.0300
2026-06-02,266.3200
2026-06-03,280.5400
2026-06-04,262.7000
2026-06-05,182.5400
2026-06-08,211.4400
2026-06-09,201.6800
2026-06-10,180.6500
2026-06-11,223.9900
2026-06-12,234.6800
2026-06-15,272.5000
2026-06-16,226.1900
2026-06-17,233.8600
2026-06-18,279.2900
2026-06-22,300.7700
2026-06-23,231.4200
2026-06-24,229.5700
2026-06-25,252.6100
2026-06-26,215.6000
2026-06-29,236.5200
2026-06-30,266.7100
2026-07-01,217.5500
2026-07-02,181.4700
2026-07-06,194.6500
2026-07-07,165.2800
2026-07-08,174.8200
2026-07-09,192.4500
2026-07-10,192.2600
2026-07-13,165.3700
2026-07-14,176.6600
2026-07-15,165.5500
2026-07-16,142.4800
2026-07-17,135.4700
2026-07-20,136.8100
2026-07-21,158.5400
2026-07-22,160.9900
2026-07-23,157.5000
2026-07-24,136.8100
2026-07-27,128.1500
2026-07-28,109.5400
2026-07-29,91.9900
2026-07-30,114.7200
2026-07-31,114.7200
2026-08-03,116.7100
2026-08-04,139.9000
2026-08-05,132.0700
2026-08-06,132.3300
2026-08-07,140.2500
2026-08-10,130.0000
2026-08-11,133.0000
2026-08-12,142.1600
2026-08-13,145.3600
2026-08-14,144.9500
2026-08-17,151.5300
2026-08-18,129.1000
2026-08-19,120.7400
2026-08-20,122.2100
2026-08-21,120.6000
2026-08-24,111.1600
2026-08-25,115.6700
2026-08-26,116.6000
2026-08-27,123.0500
2026-08-28,111.3400
2026-08-31,112.7900
2026-09-01,105.9100
2026-09-02,106.3500
2026-09-03,106.7400
2026-09-04,117.2800
