Date,PE,RealTRPrice
1871-01-01,11.1000,109.0500
1871-02-01,11.2500,107.7653
1871-03-01,11.5250,109.2988
1871-04-01,11.8500,117.1712
1871-05-01,12.1500,123.4793
1871-06-01,12.0500,124.9511
1871-07-01,11.8250,123.1797
1871-08-01,11.9750,127.3109
1871-09-01,12.1000,126.1874
1871-10-01,11.4750,118.3850
1871-11-01,11.6000,120.2334
1871-12-01,11.8500,120.6024
1872-01-01,12.0745,124.2139
1872-02-01,12.0494,125.2931
1872-03-01,12.3681,128.0536
1872-04-01,12.6341,129.3150
1872-05-01,12.5576,129.8906
1872-06-01,12.3614,130.1654
1872-07-01,12.2156,131.9296
1872-08-01,12.0000,130.0321
1872-09-01,11.7160,127.3967
1872-10-01,11.6941,131.4188
1872-11-01,11.5789,127.7301
1872-12-01,11.7907,133.4055
1873-01-01,11.8150,135.1213
1873-02-01,11.8391,133.8977
1873-03-01,11.6800,133.5240
1873-04-01,11.4545,132.3699
1873-05-01,11.4124,136.2571
1873-06-01,11.1910,139.1698
1873-07-01,11.1061,139.6298
1873-08-01,11.0444,140.3789
1873-09-01,10.1436,130.4048
1873-10-01,9.2088,122.5961
1873-11-01,8.8306,122.8139
1873-12-01,9.6087,132.0331
1874-01-01,10.1304,137.8701
1874-02-01,10.4348,142.8257
1874-03-01,10.2826,141.5611
1874-04-01,10.0000,140.6569
1874-05-01,9.7391,138.9140
1874-06-01,9.6957,142.5128
1874-07-01,9.6957,142.2441
1874-08-01,9.7174,144.5971
1874-09-01,9.8696,147.7511
1874-10-01,9.8478,150.7526
1874-11-01,9.9348,154.2626
1874-12-01,9.8696,154.1782
1875-01-01,10.0509,155.1050
1875-02-01,10.2188,155.6886
1875-03-01,10.5517,158.6744
1875-04-01,10.8976,160.3461
1875-05-01,10.6861,158.9601
1875-06-01,10.6829,159.3709
1875-07-01,10.9286,160.6824
1875-08-01,11.2128,160.9849
1875-09-01,11.3506,161.8307
1875-10-01,11.4149,160.1797
1875-11-01,11.8653,165.1380
1875-12-01,12.1389,167.5273
1876-01-01,12.6238,173.4444
1876-02-01,13.0372,176.7499
1876-03-01,13.2647,177.3365
1876-04-01,13.0213,173.1529
1876-05-01,12.7946,173.9233
1876-06-01,12.9688,178.6328
1876-07-01,13.0865,177.5567
1876-08-01,12.8138,169.6762
1876-09-01,12.3000,158.9082
1876-10-01,12.5128,156.2310
1876-11-01,12.5567,152.9249
1876-12-01,12.7857,150.4263
1877-01-01,12.6021,147.5727
1877-02-01,11.7896,143.5637
1877-03-01,11.1228,143.6456
1877-04-01,10.2546,130.5575
1877-05-01,10.1977,129.1495
1877-06-01,9.4138,127.6608
1877-07-01,9.7703,132.9368
1877-08-01,10.3989,148.7059
1877-09-01,10.9831,160.4110
1877-10-01,11.1560,164.7361
1877-11-01,10.9286,166.3345
1877-12-01,10.8333,166.6322
1878-01-01,10.8045,172.6202
1878-02-01,10.5403,171.5026
1878-03-01,10.7107,179.3177
1878-04-01,10.9792,187.1512
1878-05-01,10.9796,194.8691
1878-06-01,11.1803,204.3937
1878-07-01,11.3800,207.1570
1878-08-01,11.2488,203.9880
1878-09-01,11.4472,209.0261
1878-10-01,11.2877,209.8825
1878-11-01,11.2225,212.5750
1878-12-01,11.1290,217.2062
1879-01-01,11.3363,223.7419
1879-02-01,11.5325,230.1750
1879-03-01,11.1450,230.0234
1879-04-01,11.3111,241.3409
1879-05-01,11.6156,253.2282
1879-06-01,11.4783,258.5371
1879-07-01,11.5165,261.7243
1879-08-01,11.4101,264.7114
1879-09-01,11.6414,266.2376
1879-10-01,12.7070,280.5320
1879-11-01,13.1748,281.5325
1879-12-01,12.9474,273.6223
1880-01-01,13.1295,276.9906
1880-02-01,13.0555,282.8177
1880-03-01,13.0061,286.5041
1880-04-01,12.4310,292.0282
1880-05-01,11.2024,278.1513
1880-06-01,11.0115,286.2186
1880-07-01,11.2787,300.5346
1880-08-01,11.4494,312.5319
1880-09-01,11.2000,309.9631
1880-10-01,11.2996,320.1854
1880-11-01,11.6681,334.8645
1880-12-01,11.9184,346.3871
1881-01-01,12.7419,372.1790
1881-02-01,12.8088,368.6052
1881-03-01,13.0681,374.1562
1881-04-01,13.1418,370.6520
1881-05-01,13.8534,392.6375
1881-06-01,14.1505,398.9298
1881-07-01,13.7804,382.6518
1881-08-01,13.5757,367.8340
1881-09-01,13.8122,358.3903
1881-10-01,13.7185,350.8577
1881-11-01,13.9352,357.9523
1881-12-01,13.6591,349.0854
1882-01-01,13.4791,345.4067
1882-02-01,13.2101,336.2347
1882-03-01,13.2114,337.2025
1882-04-01,13.2356,335.6497
1882-05-01,13.1023,330.1068
1882-06-01,13.0575,326.9413
1882-07-01,13.8185,350.0497
1882-08-01,14.2626,358.8441
1882-09-01,14.4277,373.9833
1882-10-01,14.0607,368.8084
1882-11-01,13.4865,357.9776
1882-12-01,13.5814,364.9094
1883-01-01,13.5906,364.7052
1883-02-01,13.3647,354.8504
1883-03-01,13.6095,364.3374
1883-04-01,13.9762,377.2416
1883-05-01,13.8204,376.1690
1883-06-01,14.0241,392.6293
1883-07-01,13.8909,396.3173
1883-08-01,13.3415,380.2173
1883-09-01,13.5706,390.2681
1883-10-01,13.2840,381.6129
1883-11-01,13.5652,393.2852
1883-12-01,13.3500,382.6392
1884-01-01,13.1975,373.1347
1884-02-01,13.8182,385.1805
1884-03-01,14.0397,385.6934
1884-04-01,13.6757,377.9804
1884-05-01,12.8276,356.8707
1884-06-01,12.5634,344.3354
1884-07-01,12.8345,350.1459
1884-08-01,13.9412,374.2001
1884-09-01,13.8045,368.4362
1884-10-01,13.6615,362.4756
1884-11-01,13.7008,365.3662
1884-12-01,14.0000,370.9118
1885-01-01,13.8246,364.5319
1885-02-01,14.4082,373.5512
1885-03-01,14.6000,385.2470
1885-04-01,14.7287,382.0258
1885-05-01,14.7289,388.6349
1885-06-01,14.8276,398.2682
1885-07-01,15.5563,410.2231
1885-08-01,16.6255,435.2358
1885-09-01,16.6071,436.8749
1885-10-01,17.7810,464.2125
1885-11-01,19.1731,490.4293
1885-12-01,19.2593,477.1962
1886-01-01,18.9091,490.4232
1886-02-01,18.9286,501.7148
1886-03-01,18.2105,499.0970
1886-04-01,17.6552,500.2625
1886-05-01,17.0169,504.6877
1886-06-01,17.5000,536.4435
1886-07-01,17.4754,539.7296
1886-08-01,17.3226,538.9565
1886-09-01,17.4921,554.8894
1886-10-01,17.6562,570.8622
1886-11-01,17.8154,586.8741
1886-12-01,17.0909,566.5338
1887-01-01,16.7820,548.9797
1887-02-01,16.5373,540.4549
1887-03-01,16.8000,554.9865
1887-04-01,17.0588,569.5871
1887-05-01,17.2263,581.3103
1887-06-01,16.6087,573.2343
1887-07-01,16.0863,567.9698
1887-08-01,15.5714,549.1612
1887-09-01,15.2624,550.6996
1887-10-01,14.6479,528.0034
1887-11-01,14.8252,533.8954
1887-12-01,14.6389,520.7194
1888-01-01,15.0981,520.7296
1888-02-01,15.3801,525.7797
1888-03-01,15.1642,507.8968
1888-04-01,15.6107,517.8774
1888-05-01,16.2425,533.2303
1888-06-01,16.1613,524.9671
1888-07-01,17.0368,534.3088
1888-08-01,17.8998,547.7938
1888-09-01,18.8772,563.4016
1888-10-01,19.3350,555.7585
1888-11-01,19.5304,540.0564
1888-12-01,19.7692,531.7254
1889-01-01,19.9013,563.4770
1889-02-01,19.8725,578.8658
1889-03-01,19.2222,575.8605
1889-04-01,18.9535,576.8471
1889-05-01,19.2266,609.3962
1889-06-01,19.3214,621.8534
1889-07-01,18.7081,611.3570
1889-08-01,18.7304,621.5780
1889-09-01,18.9655,630.8860
1889-10-01,18.4112,621.5345
1889-11-01,18.0317,617.8974
1889-12-01,17.7333,609.0308
1890-01-01,17.9813,633.4482
1890-02-01,17.8344,628.5423
1890-03-01,17.7479,625.9825
1890-04-01,18.1665,641.1973
1890-05-01,18.9993,662.4589
1890-06-01,18.9153,659.9049
1890-07-01,18.8307,657.3425
1890-08-01,18.4453,621.0893
1890-09-01,18.1880,605.6513
1890-10-01,17.4152,580.4159
1890-11-01,16.1967,553.2538
1890-12-01,15.8621,542.4863
1891-01-01,16.4514,579.9395
1891-02-01,16.4264,582.2250
1891-03-01,15.9008,566.8799
1891-04-01,16.2048,580.9806
1891-05-01,15.9266,587.7002
1891-06-01,15.3968,592.1017
1891-07-01,14.9436,591.7904
1891-08-01,15.2490,613.9154
1891-09-01,16.2748,674.3337
1891-10-01,16.0687,676.6531
1891-11-01,15.6343,677.2909
1891-12-01,15.9118,700.2973
1892-01-01,16.0876,734.2210
1892-02-01,16.0000,738.0331
1892-03-01,16.0576,768.5237
1892-04-01,15.9143,780.1507
1892-05-01,15.8014,782.8154
1892-06-01,15.6056,781.2929
1892-07-01,15.4965,763.3831
1892-08-01,15.6111,766.9942
1892-09-01,15.1172,750.5602
1892-10-01,15.3151,768.3278
1892-11-01,15.1565,748.8576
1892-12-01,14.8919,734.1860
1893-01-01,15.5488,723.0691
1893-02-01,15.6668,704.2912
1893-03-01,15.5036,697.9273
1893-04-01,15.9316,709.2418
1893-05-01,14.9291,657.2977
1893-06-01,14.6349,644.9590
1893-07-01,13.6691,603.1307
1893-08-01,13.7513,615.9834
1893-09-01,15.2000,636.7139
1893-10-01,16.1696,650.1161
1893-11-01,16.9762,680.9152
1893-12-01,16.9615,669.1015
1894-01-01,17.1633,676.8589
1894-02-01,18.0025,699.1463
1894-03-01,19.1915,744.0486
1894-04-01,20.1588,757.2015
1894-05-01,20.1557,732.2555
1894-06-01,20.6667,725.4600
1894-07-01,21.0709,713.5737
1894-08-01,22.8143,722.6167
1894-09-01,24.2162,726.8541
1894-10-01,24.5614,727.2716
1894-11-01,25.7873,730.2502
1894-12-01,26.8750,736.9923
1895-01-01,25.3731,731.3977
1895-02-01,23.9429,724.0364
1895-03-01,22.9589,726.9885
1895-04-01,23.0000,729.4446
1895-05-01,23.3418,761.7313
1895-06-01,22.9268,768.8250
1895-07-01,22.2118,785.4129
1895-08-01,21.7727,810.8972
1895-09-01,21.1868,818.7268
1895-10-01,20.2128,809.5728
1895-11-01,18.9278,785.0257
1895-12-01,17.2800,751.9996
1896-01-01,17.3085,756.6986
1896-02-01,18.2902,802.8463
1896-03-01,18.2500,793.0362
1896-04-01,18.6734,814.9062
1896-05-01,18.8598,826.2243
1896-06-01,18.7826,826.4311
1896-07-01,17.8209,775.8027
1896-08-01,17.0622,734.5689
1896-09-01,18.2273,776.0612
1896-10-01,18.9202,772.9857
1896-11-01,20.5345,804.9410
1896-12-01,20.0952,778.2934
1897-01-01,19.3312,804.0320
1897-02-01,18.4385,799.2688
1897-03-01,17.8298,804.0491
1897-04-01,16.6872,793.6527
1897-05-01,16.2098,812.6227
1897-06-01,16.4231,853.4530
1897-07-01,16.6232,894.4267
1897-08-01,17.1666,914.0449
1897-09-01,17.4737,934.1147
1897-10-01,16.4337,919.8730
1897-11-01,15.4127,890.2921
1897-12-01,15.3226,912.3100
1898-01-01,15.5761,940.1867
1898-02-01,15.3773,927.9461
1898-03-01,14.5312,888.9641
1898-04-01,14.1355,876.6445
1898-05-01,14.9066,875.5442
1898-06-01,15.3333,976.8137
1898-07-01,15.2415,997.8128
1898-08-01,15.6519,1038.2966
1898-09-01,15.4706,1039.5279
1898-10-01,15.0015,1021.0282
1898-11-01,15.3447,1058.0083
1898-12-01,16.1429,1111.0780
1899-01-01,16.8514,1198.9286
1899-02-01,16.9761,1213.4167
1899-03-01,16.7320,1233.9689
1899-04-01,16.4760,1235.7329
1899-05-01,15.3637,1187.4891
1899-06-01,14.6265,1148.4644
1899-07-01,14.7487,1175.7645
1899-08-01,14.7470,1193.2454
1899-09-01,14.2346,1139.0984
1899-10-01,13.8337,1122.8035
1899-11-01,13.7681,1133.1526
1899-12-01,12.5417,1046.2816
1900-01-01,12.7083,1063.3359
1900-02-01,12.9375,1072.8539
1900-03-01,13.0417,1084.8393
1900-04-01,13.2083,1102.1690
1900-05-01,12.5833,1079.2989
1900-06-01,12.2083,1063.9065
1900-07-01,12.2083,1054.8546
1900-08-01,12.3750,1086.5567
1900-09-01,12.0833,1052.1873
1900-10-01,12.5208,1108.1062
1900-11-01,13.5000,1199.2576
1900-12-01,14.3125,1292.0119
1901-01-01,14.6772,1317.8806
1901-02-01,15.0010,1373.0958
1901-03-01,15.4845,1427.1516
1901-04-01,16.7249,1571.3725
1901-05-01,15.8304,1497.1844
1901-06-01,17.3469,1651.3253
1901-07-01,16.1277,1526.3145
1901-08-01,16.2984,1533.3458
1901-09-01,16.1616,1512.0555
1901-10-01,15.9251,1500.0331
1901-11-01,16.2151,1518.7792
1901-12-01,15.9000,1481.5073
1902-01-01,15.8966,1536.4594
1902-02-01,15.6987,1554.7774
1902-03-01,15.3991,1561.7777
1902-04-01,15.6083,1600.9504
1902-05-01,15.2652,1583.4241
1902-06-01,14.8850,1560.7753
1902-07-01,14.9357,1601.0752
1902-08-01,15.0503,1668.3602
1902-09-01,14.8117,1657.7947
1902-10-01,14.0884,1505.4324
1902-11-01,13.3075,1501.2463
1902-12-01,12.7778,1455.2854
1903-01-01,13.6078,1517.5376
1903-02-01,13.7127,1513.5509
1903-03-01,13.3554,1508.9258
1903-04-01,12.9881,1452.5387
1903-05-01,12.9186,1462.9648
1903-06-01,12.3793,1387.5708
1903-07-01,11.9818,1329.2996
1903-08-01,11.7699,1292.1585
1903-09-01,11.6577,1252.0170
1903-10-01,11.4505,1231.1243
1903-11-01,11.6664,1255.3611
1903-12-01,12.3962,1319.1620
1904-01-01,12.6827,1316.0817
1904-02-01,12.4212,1257.3564
1904-03-01,12.4615,1273.2656
1904-04-01,12.8508,1325.2805
1904-05-01,12.6632,1333.5386
1904-06-01,12.7647,1341.2321
1904-07-01,13.3807,1402.4683
1904-08-01,13.9281,1438.6941
1904-09-01,14.6400,1490.4553
1904-10-01,15.6030,1583.3831
1904-11-01,16.5619,1636.9046
1904-12-01,16.8367,1658.1089
1905-01-01,16.6931,1699.5064
1905-02-01,16.9231,1779.3627
1905-03-01,16.9159,1856.0618
1905-04-01,16.2545,1838.9146
1905-05-01,15.0442,1774.0283
1905-06-01,14.8276,1800.4648
1905-07-01,14.9076,1862.6035
1905-08-01,15.0820,1915.5352
1905-09-01,14.7680,1949.5793
1905-10-01,14.6250,1982.7887
1905-11-01,14.2137,1955.5106
1905-12-01,14.2388,1987.0317
1906-01-01,14.5683,2061.5940
1906-02-01,14.3066,2052.9205
1906-03-01,13.8051,2008.7111
1906-04-01,13.4714,1987.5822
1906-05-01,12.9753,1919.6249
1906-06-01,13.0070,1951.0784
1906-07-01,12.5398,1972.9714
1906-08-01,13.3288,2077.9530
1906-09-01,13.6000,2124.9479
1906-10-01,13.0604,2023.2745
1906-11-01,13.1960,2049.4318
1906-12-01,12.9474,2016.0539
1907-01-01,12.7178,1986.7119
1907-02-01,12.4580,1890.7410
1907-03-01,11.3605,1730.1257
1907-04-01,11.5453,1745.5501
1907-05-01,11.2766,1657.1734
1907-06-01,11.0423,1594.5418
1907-07-01,11.6004,1662.7318
1907-08-01,10.8611,1545.3924
1907-09-01,10.8759,1536.3281
1907-10-01,9.8123,1362.6860
1907-11-01,9.3521,1345.0155
1907-12-01,9.9545,1452.6723
1908-01-01,10.4852,1539.3643
1908-02-01,10.2057,1507.8709
1908-03-01,10.7344,1577.7432
1908-04-01,11.4322,1652.5174
1908-05-01,12.1749,1749.5857
1908-06-01,12.3226,1759.9043
1908-07-01,12.9137,1812.4810
1908-08-01,13.6146,1898.1715
1908-09-01,13.6167,1885.3408
1908-10-01,13.9390,1895.6467
1908-11-01,15.0503,2010.0949
1908-12-01,15.5690,2041.4893
1909-01-01,15.2269,2077.7453
1909-02-01,14.4262,2004.5619
1909-03-01,14.2720,2039.6797
1909-04-01,14.5625,2094.9267
1909-05-01,14.7023,2150.2410
1909-06-01,14.6269,2173.8280
1909-07-01,14.5109,2212.7074
1909-08-01,14.5429,2251.3033
1909-09-01,14.2517,2239.0632
1909-10-01,14.0137,2211.9758
1909-11-01,13.6644,2187.7883
1909-12-01,13.5526,2200.2966
1910-01-01,13.3069,2181.9621
1910-02-01,12.8742,2112.0621
1910-03-01,13.2359,2131.3367
1910-04-01,12.9600,2068.4857
1910-05-01,12.7893,2081.3565
1910-06-01,12.2148,2008.5959
1910-07-01,11.6364,1915.4777
1910-08-01,11.9595,1989.6682
1910-09-01,12.0814,2031.5503
1910-10-01,12.6803,2198.5266
1910-11-01,12.7099,2250.8385
1910-12-01,12.3973,2197.4486
1911-01-01,12.9055,2260.3774
1911-02-01,13.3437,2382.6258
1911-03-01,13.4101,2339.8317
1911-04-01,13.5812,2415.9084
1911-05-01,14.1134,2478.1719
1911-06-01,14.6515,2538.0785
1911-07-01,14.8542,2510.5884
1911-08-01,14.4024,2325.8324
1911-09-01,13.8720,2186.1909
1911-10-01,14.2182,2208.6748
1911-11-01,15.0740,2331.2645
1911-12-01,15.4407,2376.3716
1912-01-01,15.2203,2364.3216
1912-02-01,14.8611,2329.5223
1912-03-01,15.0607,2358.0388
1912-04-01,15.3024,2369.7641
1912-05-01,15.0676,2377.0579
1912-06-01,14.8527,2410.5170
1912-07-01,14.6591,2423.0099
1912-08-01,14.7897,2464.2286
1912-09-01,14.6617,2462.6354
1912-10-01,14.4345,2467.5952
1912-11-01,14.0851,2450.0245
1912-12-01,13.4000,2395.2255
1913-01-01,13.3967,2361.8511
1913-02-01,13.0321,2288.2020
1913-03-01,12.8938,2255.0397
1913-04-01,12.9895,2262.7273
1913-05-01,12.7460,2234.0395
1913-06-01,12.2105,2110.3794
1913-07-01,12.4848,2127.6535
1913-08-01,12.9343,2194.8698
1913-09-01,13.1737,2203.7792
1913-10-01,12.8721,2144.3572
1913-11-01,12.6612,2079.4297
1913-12-01,12.7619,2108.0509
1914-01-01,13.4826,2204.9539
1914-02-01,13.8630,2266.9189
1914-03-01,13.8091,2234.5057
1914-04-01,13.6862,2213.4448
1914-05-01,13.9849,2214.8101
1914-06-01,14.1391,2214.1324
1914-07-01,13.5737,2080.6614
1914-08-01,13.7956,2049.6031
1914-09-01,14.0274,2059.2773
1914-10-01,14.2671,2089.3695
1914-11-01,14.5125,2078.4263
1914-12-01,14.1346,2018.3789
1915-01-01,13.6000,2063.7078
1915-02-01,12.7241,2066.2717
1915-03-01,12.4098,2150.8344
1915-04-01,12.7188,2299.5808
1915-05-01,11.8657,2233.5560
1915-06-01,11.4857,2268.7919
1915-07-01,10.9726,2270.3392
1915-08-01,10.9868,2376.7867
1915-09-01,10.9620,2475.1672
1915-10-01,11.1463,2596.8488
1915-11-01,11.1294,2671.7354
1915-12-01,10.7727,2687.5041
1916-01-01,9.9872,2629.8613
1916-02-01,9.3089,2603.8281
1916-03-01,8.8004,2581.4242
1916-04-01,8.2680,2540.1844
1916-05-01,8.0539,2583.1287
1916-06-01,7.7676,2595.4456
1916-07-01,7.3312,2571.0856
1916-08-01,7.0830,2578.7020
1916-09-01,7.0760,2647.6759
1916-10-01,7.0183,2693.4706
1916-11-01,6.9173,2719.7591
1916-12-01,6.4052,2600.3618
1917-01-01,6.3419,2530.1428
1917-02-01,6.0685,2340.1873
1917-03-01,6.3420,2425.5471
1917-04-01,6.3372,2287.7818
1917-05-01,6.2132,2188.4732
1917-06-01,6.4342,2211.2484
1917-07-01,6.3512,2196.8545
1917-08-01,6.2583,2112.3372
1917-09-01,6.0462,1978.7122
1917-10-01,5.8094,1857.1356
1917-11-01,5.4112,1716.0610
1917-12-01,5.3125,1647.1725
1918-01-01,5.7404,1722.4949
1918-02-01,6.0308,1775.7088
1918-03-01,6.0265,1765.5261
1918-04-01,6.0947,1736.8738
1918-05-01,6.4193,1767.7807
1918-06-01,6.5639,1758.3775
1918-07-01,6.7597,1737.4558
1918-08-01,6.9733,1731.0197
1918-09-01,7.0931,1700.1830
1918-10-01,7.5723,1749.9865
1918-11-01,7.9487,1772.0507
1918-12-01,7.9798,1726.1371
1919-01-01,7.9695,1725.5308
1919-02-01,8.0408,1774.7110
1919-03-01,8.3282,1816.8431
1919-04-01,8.6495,1853.7259
1919-05-01,9.2953,1968.4865
1919-06-01,9.5938,2031.2132
1919-07-01,9.9581,2046.8660
1919-08-01,9.3368,1886.3385
1919-09-01,9.5344,1914.8630
1919-10-01,10.0745,1988.6145
1919-11-01,9.8289,1897.2218
1919-12-01,9.5914,1811.4337
1920-01-01,9.6062,1764.7481
1920-02-01,8.9178,1610.9302
1920-03-01,9.6602,1715.3991
1920-04-01,9.6989,1659.6303
1920-05-01,9.2030,1541.0368
1920-06-01,9.1561,1500.6997
1920-07-01,9.2601,1514.2341
1920-08-01,9.0122,1499.1704
1920-09-01,9.4535,1584.3096
1920-10-01,9.5899,1602.9484
1920-11-01,9.2255,1537.9832
1920-12-01,8.5125,1438.0120
1921-01-01,9.3861,1542.0560
1921-02-01,9.8741,1590.5058
1921-03-01,10.2305,1567.8153
1921-04-01,10.9683,1601.5225
1921-05-01,12.1191,1697.1484
1921-06-01,12.0183,1579.8407
1921-07-01,12.9950,1575.7277
1921-08-01,14.0217,1566.0091
1921-09-01,15.8323,1632.8663
1921-10-01,17.8667,1664.7393
1921-11-01,21.2331,1773.9363
1921-12-01,25.2069,1857.0573
1922-01-01,22.5796,1908.4706
1922-02-01,20.9139,1960.5026
1922-03-01,19.8462,2068.9192
1922-04-01,19.3952,2205.1699
1922-05-01,18.6775,2301.8822
1922-06-01,17.2449,2291.2003
1922-07-01,16.2622,2304.7223
1922-08-01,15.8613,2431.4655
1922-09-01,15.3559,2506.2154
1922-10-01,14.8564,2557.6977
1922-11-01,13.4003,2427.7462
1922-12-01,12.7246,2419.5514
1923-01-01,12.4615,2479.0403
1923-02-01,12.5694,2596.8017
1923-03-01,12.3672,2650.7852
1923-04-01,11.5673,2554.9176
1923-05-01,10.6931,2446.3173
1923-06-01,9.9880,2351.5174
1923-07-01,9.3808,2258.2599
1923-08-01,9.1702,2295.0286
1923-09-01,8.9807,2308.0938
1923-10-01,8.6187,2273.3228
1923-11-01,8.6524,2353.7313
1923-12-01,8.7245,2445.9926
1924-01-01,9.0490,2538.7711
1924-02-01,9.1283,2577.9509
1924-03-01,8.9922,2556.3628
1924-04-01,8.8238,2525.5066
1924-05-01,8.8303,2529.9213
1924-06-01,9.0366,2591.1531
1924-07-01,9.4973,2708.8722
1924-08-01,9.8658,2832.0111
1924-09-01,9.8143,2802.0104
1924-10-01,9.7304,2763.3009
1924-11-01,10.3190,2931.4875
1924-12-01,10.9247,3085.6156
1925-01-01,11.0588,3227.1966
1925-02-01,10.8512,3287.8454
1925-03-01,10.2871,3197.4208
1925-04-01,9.9132,3196.5798
1925-05-01,9.9812,3294.8286
1925-06-01,9.9083,3330.2117
1925-07-01,9.9373,3398.7578
1925-08-01,9.8425,3459.5706
1925-09-01,9.8376,3554.5806
1925-10-01,9.9332,3687.1619
1925-11-01,10.0245,3753.6764
1925-12-01,9.9680,3851.6174
1926-01-01,10.1281,3925.9990
1926-02-01,10.1522,3948.1119
1926-03-01,9.4631,3717.0569
1926-04-01,9.2061,3609.4393
1926-05-01,9.2777,3671.8082
1926-06-01,9.7269,3885.4057
1926-07-01,10.1447,4112.9554
1926-08-01,10.5551,4318.5114
1926-09-01,10.7246,4377.4936
1926-10-01,10.4831,4272.9705
1926-11-01,10.6285,4322.8657
1926-12-01,10.8790,4440.0321
1927-01-01,10.9032,4480.1420
1927-02-01,11.2151,4613.0254
1927-03-01,11.4818,4731.1141
1927-04-01,11.8713,4867.4620
1927-05-01,12.3946,5026.8948
1927-06-01,12.6723,5054.5726
1927-07-01,13.0756,5277.3903
1927-08-01,13.9029,5612.1680
1927-09-01,14.8206,5918.2359
1927-10-01,14.7350,5815.8140
1927-11-01,15.2186,6004.9984
1927-12-01,15.7297,6168.3817
1928-01-01,15.4722,6215.9783
1928-02-01,14.9957,6236.7614
1928-03-01,15.5055,6595.3511
1928-04-01,16.1667,7034.9418
1928-05-01,16.3666,7234.4852
1928-06-01,15.2771,6944.7885
1928-07-01,15.1104,7020.7570
1928-08-01,15.3333,7273.0823
1928-09-01,16.1357,7719.3315
1928-10-01,16.1798,7947.4882
1928-11-01,16.9934,8510.5364
1928-12-01,16.7754,8620.0100
1929-01-01,17.7698,9283.4219
1929-02-01,17.6234,9359.0411
1929-03-01,17.6843,9607.4743
1929-04-01,17.3507,9635.5039
1929-05-01,17.3848,9751.2281
1929-06-01,17.4916,9907.9720
1929-07-01,18.8111,10694.7491
1929-08-01,19.6347,11332.1906
1929-09-01,20.1675,11813.4636
1929-10-01,17.8053,10594.0601
1929-11-01,12.9353,7819.6956
1929-12-01,13.2919,8209.4349
1930-01-01,13.9435,8408.2766
1930-02-01,15.3493,9019.1092
1930-03-01,16.5103,9446.4820
1930-04-01,18.2248,10018.9793
1930-05-01,17.8258,9508.7120
1930-06-01,16.6822,8630.8557
1930-07-01,17.0251,8581.1365
1930-08-01,17.5740,8555.8270
1930-09-01,18.3894,8533.5164
1930-10-01,16.6388,7437.3107
1930-11-01,16.2463,6973.9061
1930-12-01,15.9897,6664.3161
1931-01-01,17.0000,6987.6828
1931-02-01,18.9011,7652.1519
1931-03-01,19.9205,7884.0332
1931-04-01,18.6588,7213.9334
1931-05-01,17.4756,6638.2850
1931-06-01,17.5570,6545.4981
1931-07-01,18.8553,6797.4511
1931-08-01,19.0411,6628.0010
1931-09-01,16.9000,5712.9607
1931-10-01,15.2985,5017.4687
1931-11-01,16.2344,5189.6521
1931-12-01,13.8361,4278.8954
1932-01-01,13.9895,4330.4151
1932-02-01,14.2709,4388.6073
1932-03-01,14.7500,4469.1844
1932-04-01,11.5590,3454.7170
1932-05-01,10.4614,3107.3190
1932-06-01,9.3529,2741.0264
1932-07-01,10.1561,2909.2662
1932-08-01,15.7961,4434.5757
1932-09-01,17.9565,4929.4671
1932-10-01,16.0614,4308.8012
1932-11-01,16.5221,4325.5240
1932-12-01,16.6341,4242.1094
1933-01-01,17.1879,4504.4807
1933-02-01,15.0602,4059.6881
1933-03-01,14.9222,4105.2747
1933-04-01,16.4048,4566.5415
1933-05-01,20.9941,5905.0773
1933-06-01,24.4471,6888.4006
1933-07-01,26.2690,7242.8755
1933-08-01,24.8140,6854.1011
1933-09-01,24.4624,6820.6443
1933-10-01,21.9540,6180.8060
1933-11-01,22.3543,6353.6636
1933-12-01,22.6591,6500.9196
1934-01-01,23.7281,6896.5389
1934-02-01,25.2509,7375.1213
1934-03-01,23.7348,7021.2686
1934-04-01,23.9107,7163.0941
1934-05-01,21.2891,6459.2588
1934-06-01,21.3763,6520.2481
1934-07-01,20.1833,6236.3156
1934-08-01,19.2267,6017.1720
1934-09-01,18.5969,5809.6490
1934-10-01,18.5800,5923.4418
1934-11-01,18.9378,6113.6759
1934-12-01,18.8980,6224.5755
1935-01-01,16.2456,6157.8744
1935-02-01,13.8154,5952.8417
1935-03-01,11.5205,5599.8475
1935-04-01,11.9471,6000.3233
1935-05-01,12.4468,6496.1096
1935-06-01,12.4938,6816.4530
1935-07-01,13.4244,7198.1385
1935-08-01,14.6395,7709.5555
1935-09-01,15.2763,7897.1524
1935-10-01,15.6842,8133.5229
1935-11-01,17.1579,8859.2370
1935-12-01,17.1579,8885.8464
1936-01-01,17.8701,9403.7331
1936-02-01,18.6538,9971.5336
1936-03-01,18.8101,10287.0850
1936-04-01,18.1463,10330.7363
1936-05-01,16.5765,9813.1195
1936-06-01,16.6932,10188.5475
1936-07-01,17.2889,10747.0213
1936-08-01,17.2500,10916.5551
1936-09-01,17.0745,11075.3393
1936-10-01,17.4724,11692.1694
1936-11-01,17.4765,12056.9487
1936-12-01,16.7255,11890.2628
1937-01-01,16.7524,12214.8057
1937-02-01,16.7685,12618.7253
1937-03-01,16.2973,12559.2658
1937-04-01,15.0531,11771.6869
1937-05-01,14.1304,11214.0259
1937-06-01,13.3675,10841.3752
1937-07-01,13.9634,11453.6706
1937-08-01,13.9114,11616.8775
1937-09-01,11.7787,9948.1155
1937-10-01,10.3193,8546.2412
1937-11-01,9.6552,7894.5059
1937-12-01,9.7522,7868.8892
1938-01-01,10.5046,8237.5831
1938-02-01,10.7883,8146.0435
1938-03-01,10.6289,7655.3624
1938-04-01,10.9483,7338.8946
1938-05-01,11.9283,7505.1165
1938-06-01,13.2597,7724.4545
1938-07-01,17.0000,9305.2398
1938-08-01,18.3731,9401.9582
1938-09-01,18.9516,9016.2564
1938-10-01,20.8404,10132.3402
1938-11-01,20.6369,10176.3039
1938-12-01,19.8281,9913.5263
1939-01-01,18.8442,9798.5152
1939-02-01,18.0582,9824.0493
1939-03-01,17.4507,9850.4580
1939-04-01,14.9037,8707.5229
1939-05-01,15.1076,9064.4180
1939-06-01,15.0395,9261.4998
1939-07-01,15.0772,9524.8407
1939-08-01,14.5462,9423.8444
1939-09-01,15.7654,10243.7120
1939-10-01,15.3571,10460.9568
1939-11-01,14.5632,10314.9900
1939-12-01,13.7444,10112.8151
1940-01-01,13.2258,10170.7020
1940-02-01,12.7292,10075.2492
1940-03-01,12.2727,10060.8206
1940-04-01,12.1887,10204.1195
1940-05-01,10.3388,8843.2468
1940-06-01,9.2981,8070.2575
1940-07-01,9.4842,8442.8666
1940-08-01,9.5625,8667.0613
1940-09-01,9.8426,9079.8797
1940-10-01,10.0280,9212.9886
1940-11-01,10.3585,9475.5831
1940-12-01,10.0286,9070.6327
1941-01-01,10.0159,9136.1954
1941-02-01,9.3596,8613.4742
1941-03-01,9.3868,8653.7086
1941-04-01,9.0093,8374.6449
1941-05-01,8.7315,8184.6853
1941-06-01,8.9541,8347.1143
1941-07-01,9.1336,8824.1465
1941-08-01,8.8271,8712.5368
1941-09-01,8.6050,8671.5184
1941-10-01,8.3305,8264.4890
1941-11-01,8.0085,7875.7826
1941-12-01,7.5517,7364.9652
1942-01-01,7.9732,7460.9002
1942-02-01,8.0093,7229.4212
1942-03-01,7.8654,6798.6073
1942-04-01,7.6863,6522.3570
1942-05-01,7.9300,6562.1630
1942-06-01,8.5000,6938.6806
1942-07-01,8.9379,7197.6336
1942-08-01,9.0105,7156.3116
1942-09-01,9.2340,7274.3338
1942-10-01,9.6082,7759.2400
1942-11-01,9.4700,7878.5703
1942-12-01,9.2427,7913.9651
1943-01-01,9.6710,8428.6776
1943-02-01,10.1167,8970.9588
1943-03-01,10.3458,9168.3599
1943-04-01,10.5926,9406.1470
1943-05-01,10.9083,9760.4749
1943-06-01,11.0000,9973.2243
1943-07-01,11.2958,10278.7722
1943-08-01,10.8036,9869.1785
1943-09-01,11.1019,10063.2033
1943-10-01,11.4968,10013.0785
1943-11-01,11.4831,9592.1209
1943-12-01,12.2128,9762.1489
1944-01-01,12.6512,10120.2455
1944-02-01,12.6107,10095.8108
1944-03-01,13.0108,10423.1884
1944-04-01,12.8309,10228.2530
1944-05-01,13.1047,10453.8271
1944-06-01,13.7717,10929.1851
1944-07-01,14.2336,11195.7583
1944-08-01,14.1287,11077.8201
1944-09-01,14.0000,10942.3380
1944-10-01,14.1868,11257.8710
1944-11-01,13.9348,11225.8967
1944-12-01,14.0860,11453.0750
1945-01-01,14.3511,11840.9156
1945-02-01,14.6737,12283.2066
1945-03-01,14.5104,12322.1240
1945-04-01,14.6712,12679.6396
1945-05-01,15.0203,13133.4346
1945-06-01,15.0900,13272.4149
1945-07-01,14.8294,13047.6409
1945-08-01,14.9295,13140.0887
1945-09-01,16.0000,14083.7296
1945-10-01,16.8367,14719.4535
1945-11-01,17.5670,15250.2459
1945-12-01,18.0521,15473.5206
1946-01-01,19.1702,16139.2084
1946-02-01,19.6413,16323.9364
1946-03-01,19.4778,15713.6747
1946-04-01,21.2045,16686.2065
1946-05-01,21.7442,16681.9851
1946-06-01,22.1190,16447.6737
1946-07-01,21.0700,15138.4133
1946-08-01,20.2672,14597.9544
1946-09-01,16.9551,12370.3190
1946-10-01,15.5810,11905.7437
1946-11-01,14.6412,11625.1714
1946-12-01,14.2736,11908.3793
1947-01-01,13.4602,12018.1319
1947-02-01,13.1667,12531.5078
1947-03-01,11.9370,11851.0066
1947-04-01,11.0050,11461.0108
1947-05-01,10.3663,11305.7551
1947-06-01,10.3056,11696.4824
1947-07-01,10.6794,12367.6245
1947-08-01,10.2159,12013.1434
1947-09-01,9.7161,11497.9699
1947-10-01,9.8408,11847.0487
1947-11-01,9.6038,11710.7196
1947-12-01,9.3354,11431.8789
1948-01-01,9.0244,11189.7533
1948-02-01,8.4095,10783.1767
1948-03-01,8.3626,11037.2674
1948-04-01,8.7500,11740.2714
1948-05-01,8.9227,12314.2973
1948-06-01,9.0430,12772.2980
1948-07-01,8.5078,12368.7981
1948-08-01,7.9700,12012.1892
1948-09-01,7.6135,11931.1785
1948-10-01,7.5537,12363.3227
1948-11-01,6.8977,11830.9313
1948-12-01,6.6332,11862.5403
1949-01-01,6.6207,12107.1457
1949-02-01,6.2851,11803.7340
1949-03-01,6.2647,11980.8833
1949-04-01,6.2388,11980.9879
1949-05-01,6.1755,12010.2302
1949-06-01,5.8208,11373.3081
1949-07-01,6.1585,12188.1114
1949-08-01,6.3886,12643.5185
1949-09-01,6.4812,12826.6736
1949-10-01,6.7141,13343.6257
1949-11-01,6.8748,13548.6472
1949-12-01,7.1293,14108.7375
1950-01-01,7.2240,14542.1256
1950-02-01,7.3130,14909.6991
1950-03-01,7.3207,15051.4061
1950-04-01,7.3516,15561.7948
1950-05-01,7.4255,16103.4415
1950-06-01,7.3780,16383.6277
1950-07-01,6.6846,15094.9448
1950-08-01,6.9286,15967.5097
1950-09-01,7.0147,16558.5436
1950-10-01,7.1993,17202.6996
1950-11-01,7.0821,17200.8359
1950-12-01,6.9542,17030.8486
1951-01-01,7.4771,18106.9588
1951-02-01,7.7647,18667.8441
1951-03-01,7.6431,18389.8108
1951-04-01,7.8473,18745.0049
1951-05-01,7.9553,18790.9436
1951-06-01,7.9228,18576.7285
1951-07-01,8.2755,19015.4058
1951-08-01,8.8721,19958.6129
1951-09-01,9.3546,20425.7723
1951-10-01,9.3941,20350.9405
1951-11-01,9.2192,19739.0159
1951-12-01,9.5943,20372.4001
1952-01-01,9.9684,21153.6851
1952-02-01,9.8412,21030.8748
1952-03-01,9.9208,21188.7908
1952-04-01,9.9748,21152.1185
1952-05-01,10.0551,21250.1275
1952-06-01,10.4188,21857.6119
1952-07-01,10.6875,22424.2808
1952-08-01,10.6997,22621.7301
1952-09-01,10.5000,22370.9266
1952-10-01,10.2219,22009.5635
1952-11-01,10.4874,22815.7439
1952-12-01,10.8500,23843.5006
1953-01-01,10.8631,24169.8038
1953-02-01,10.6860,24073.3539
1953-03-01,10.6955,24212.3868
1953-04-01,10.0583,23129.6557
1953-05-01,10.0027,23274.3494
1953-06-01,9.5418,22467.1737
1953-07-01,9.6262,22897.1301
1953-08-01,9.6150,23017.0589
1953-09-01,9.1255,22071.7772
1953-10-01,9.4494,22764.1382
1953-11-01,9.7094,23468.3584
1953-12-01,9.8924,23900.2081
1954-01-01,10.0898,24623.4605
1954-02-01,10.2575,25282.9980
1954-03-01,10.4196,25936.4498
1954-04-01,10.7371,27191.2939
1954-05-01,11.0642,28287.7388
1954-06-01,11.0534,28633.1715
1954-07-01,11.4854,29909.9866
1954-08-01,11.6992,30626.6591
1954-09-01,11.9582,31583.7375
1954-10-01,12.0224,32441.8151
1954-11-01,12.2791,33839.4839
1954-12-01,12.6245,35650.6530
1955-01-01,12.5647,36424.3131
1955-02-01,12.7008,37774.3088
1955-03-01,12.3311,37610.0280
1955-04-01,12.3939,39042.5863
1955-05-01,12.0000,39012.1420
1955-06-01,12.3540,41409.7632
1955-07-01,12.9626,44410.2931
1955-08-01,12.6030,44278.8108
1955-09-01,12.8895,46240.3792
1955-10-01,12.0314,44056.1687
1955-11-01,12.6264,47169.8244
1955-12-01,12.5331,47932.1682
1956-01-01,12.1180,46790.2972
1956-02-01,12.1173,47237.1808
1956-03-01,12.8699,50643.7934
1956-04-01,13.1284,51205.7307
1956-05-01,12.8209,49570.0642
1956-06-01,12.8528,49078.7054
1956-07-01,13.7280,51522.5104
1956-08-01,13.8279,51565.1808
1956-09-01,13.5376,49791.2119
1956-10-01,13.4289,49134.1283
1956-11-01,13.3541,48781.1122
1956-12-01,13.6188,49480.6498
1957-01-01,13.3356,48558.7184
1957-02-01,12.7728,46449.8306
1957-03-01,12.9500,47032.4749
1957-04-01,13.2241,48102.9956
1957-05-01,13.7051,49925.2292
1957-06-01,13.9035,50719.7176
1957-07-01,14.1154,51531.6047
1957-08-01,13.2741,48850.2120
1957-09-01,12.6744,47024.3679
1957-10-01,12.0000,44252.4108
1957-11-01,11.8560,43303.5523
1957-12-01,11.9674,43442.1738
1958-01-01,12.4858,44142.3534
1958-02-01,12.8269,44451.5816
1958-03-01,13.4108,45210.0867
1958-04-01,13.7915,45456.3506
1958-05-01,14.5667,47072.4210
1958-06-01,15.2730,48358.7441
1958-07-01,15.7826,49671.8518
1958-08-01,16.4672,51864.5404
1958-09-01,17.0000,53391.3006
1958-10-01,17.6705,55719.2338
1958-11-01,18.1870,57374.6714
1958-12-01,18.5087,58818.7913
1959-01-01,18.7694,61110.5043
1959-02-01,18.0362,60546.8288
1959-03-01,18.0579,62246.4956
1959-04-01,17.8066,63233.6709
1959-05-01,17.5459,64350.6265
1959-06-01,16.9000,63741.3129
1959-07-01,17.5191,66209.1208
1959-08-01,17.3684,65998.8537
1959-09-01,16.6327,63338.4650
1959-10-01,16.6829,63235.2102
1959-11-01,16.8159,63658.9351
1959-12-01,17.4218,65864.1394
1960-01-01,17.1180,65110.4169
1960-02-01,16.4543,62550.3685
1960-03-01,16.2301,61879.4117
1960-04-01,16.6524,62646.9773
1960-05-01,16.7165,62256.0351
1960-06-01,17.5644,64520.4603
1960-07-01,17.1114,63103.5117
1960-08-01,17.2990,64044.3010
1960-09-01,16.7615,62301.8109
1960-10-01,16.4312,60847.7671
1960-11-01,16.9633,63002.2967
1960-12-01,17.3700,64697.4640
1961-01-01,18.6044,68208.2383
1961-02-01,19.7365,71191.4283
1961-03-01,20.7508,73609.5169
1961-04-01,21.4430,75758.1831
1961-05-01,21.8033,76715.2780
1961-06-01,21.6568,75886.5992
1961-07-01,21.5499,75360.2667
1961-08-01,22.2749,78515.6834
1961-09-01,22.0525,77830.6997
1961-10-01,21.9591,78877.9311
1961-11-01,22.6130,82643.9656
1961-12-01,22.4890,83607.0600
1962-01-01,21.2523,80692.2214
1962-02-01,21.2145,81960.4832
1962-03-01,20.8576,82240.6102
1962-04-01,19.9951,79555.0196
1962-05-01,18.3288,73839.5798
1962-06-01,16.0317,65413.1072
1962-07-01,16.3238,66969.5162
1962-08-01,16.6724,68994.6799
1962-09-01,16.4306,68360.3505
1962-10-01,15.7046,66409.3962
1962-11-01,16.5704,71193.0846
1962-12-01,17.0681,74486.5355
1963-01-01,17.6634,77575.9381
1963-02-01,17.8323,78814.3520
1963-03-01,17.7008,78471.5332
1963-04-01,18.3197,82379.6424
1963-05-01,18.4741,84250.9688
1963-06-01,18.2578,84159.2183
1963-07-01,17.8015,82860.4331
1963-08-01,18.1071,85372.3857
1963-09-01,18.3965,87843.0691
1963-10-01,18.3492,87997.8902
1963-11-01,18.1550,87730.4574
1963-12-01,18.4502,89541.7890
1964-01-01,18.7684,92525.3754
1964-02-01,18.7536,93896.3455
1964-03-01,18.8517,95842.6614
1964-04-01,18.8983,97467.0678
1964-05-01,18.8598,98658.2097
1964-06-01,18.5312,97996.8072
1964-07-01,19.0145,101552.9390
1964-08-01,18.5381,100633.8536
1964-09-01,18.6600,102283.8563
1964-10-01,18.8695,104301.0837
1964-11-01,18.8887,104942.9418
1964-12-01,18.4527,103380.9985
1965-01-01,18.7489,106298.8674
1965-02-01,18.7095,107337.0598
1965-03-01,18.5534,107354.8882
1965-04-01,18.5852,108681.9264
1965-05-01,18.6518,110567.0066
1965-06-01,17.5702,104917.1608
1965-07-01,17.3758,105026.8269
1965-08-01,17.5318,107253.6250
1965-09-01,17.9478,111112.3085
1965-10-01,18.0970,113529.3956
1965-11-01,17.9980,114753.0137
1965-12-01,17.6744,114152.1571
1966-01-01,17.8092,116414.9574
1966-02-01,17.5217,115191.4901
1966-03-01,16.6442,110399.4797
1966-04-01,17.0260,113361.2241
1966-05-01,16.0111,107686.2871
1966-06-01,15.7619,106754.9685
1966-07-01,15.6738,106448.1331
1966-08-01,14.6814,99695.2140
1966-09-01,14.1216,96482.2632
1966-10-01,13.9644,95353.8157
1966-11-01,14.6279,100422.1961
1966-12-01,14.6541,101140.3241
1967-01-01,15.3081,105318.7514
1967-02-01,15.9319,109248.1988
1967-03-01,16.4073,111786.7746
1967-04-01,16.8133,113669.6391
1967-05-01,17.2421,115659.1742
1967-06-01,17.1538,114168.1544
1967-07-01,17.4831,116094.9205
1967-08-01,17.7947,117892.3174
1967-09-01,18.0774,119486.1660
1967-10-01,18.0151,119247.6597
1967-11-01,17.4173,115468.6226
1967-12-01,17.8799,118710.4853
1968-01-01,17.7093,117994.6290
1968-02-01,16.7952,112642.3270
1968-03-01,16.3768,110563.7242
1968-04-01,17.4474,118690.1590
1968-05-01,17.7087,121374.4345
1968-06-01,18.0431,124224.9166
1968-07-01,17.9107,123574.8163
1968-08-01,17.4263,120840.1002
1968-09-01,17.8975,124723.8040
1968-10-01,18.2319,127388.2787
1968-11-01,18.4051,129298.1982
1968-12-01,18.4896,130592.5452
1969-01-01,17.6471,125037.0633
1969-02-01,17.5000,124042.9235
1969-03-01,17.0619,120658.9088
1969-04-01,17.3856,122724.0985
1969-05-01,17.9314,126688.0058
1969-06-01,16.9760,119733.0757
1969-07-01,16.1713,114075.2112
1969-08-01,16.0352,113137.4689
1969-09-01,16.0458,113542.3618
1969-10-01,16.3189,114454.4453
1969-11-01,16.5404,114979.9063
1969-12-01,15.7630,108620.3310
1970-01-01,15.7609,107695.1901
1970-02-01,15.3451,103704.7839
1970-03-01,15.7460,105238.0435
1970-04-01,15.3665,101549.2433
1970-05-01,13.6881,89943.4350
1970-06-01,13.6938,89238.6394
1970-07-01,13.8512,89245.2617
1970-08-01,14.3941,92151.2201
1970-09-01,15.4067,97476.8209
1970-10-01,15.9691,99394.7555
1970-11-01,16.1869,99095.6061
1970-12-01,17.5536,105653.9753
1971-01-01,18.1182,109996.0936
1971-02-01,18.7110,114274.0050
1971-03-01,19.0805,117215.3088
1971-04-01,19.6066,121218.2654
1971-05-01,19.2181,119280.0784
1971-06-01,18.7444,116508.9030
1971-07-01,18.4816,115684.2491
1971-08-01,18.0297,113649.6230
1971-09-01,18.3057,116475.0854
1971-10-01,17.6250,114024.2376
1971-11-01,16.5383,109038.9901
1971-12-01,17.3982,116280.8447
1972-01-01,18.0070,121423.4121
1972-02-01,18.2217,123357.1961
1972-03-01,18.5370,126282.9080
1972-04-01,18.5560,127564.5543
1972-05-01,18.2028,126270.5293
1972-06-01,18.0905,126617.8342
1972-07-01,17.7876,125378.8480
1972-08-01,18.2466,129813.2979
1972-09-01,17.8176,127937.6706
1972-10-01,17.5829,127866.5503
1972-11-01,18.1928,134269.7701
1972-12-01,18.3022,137052.4694
1973-01-01,18.0855,138084.1584
1973-02-01,17.1129,132559.8194
1973-03-01,16.5294,129568.9694
1973-04-01,15.8857,126577.3368
1973-05-01,15.1270,122483.4217
1973-06-01,14.4952,119233.0406
1973-07-01,14.3296,120405.2191
1973-08-01,13.7727,116336.7746
1973-09-01,13.7321,118397.0662
1973-10-01,13.9932,122332.4017
1973-11-01,12.7447,113207.7450
1973-12-01,11.6152,104821.9181
1974-01-01,11.6827,105691.1091
1974-02-01,11.2681,101769.0171
1974-03-01,11.6555,105090.5009
1974-04-01,10.8947,99613.6744
1974-05-01,10.4106,95723.7020
1974-06-01,10.2735,95378.1552
1974-07-01,8.9481,83873.7147
1974-08-01,8.4603,79750.0877
1974-09-01,7.4775,70915.8718
1974-10-01,7.6842,71891.3941
1974-11-01,8.0037,74003.6083
1974-12-01,7.5444,68960.1094
1975-01-01,8.2989,74627.6945
1975-02-01,9.3176,82065.0479
1975-03-01,9.9148,85821.7235
1975-04-01,10.2236,86769.7588
1975-05-01,11.0915,92073.2797
1975-06-01,11.6080,94032.5778
1975-07-01,11.7175,93393.3492
1975-08-01,10.9510,86699.3534
1975-09-01,10.9111,85487.7759
1975-10-01,11.3164,89246.3902
1975-11-01,11.4109,90408.9762
1975-12-01,11.1432,89019.6891
1976-01-01,11.8218,97341.7590
1976-02-01,11.9383,101045.6379
1976-03-01,11.6744,101674.5026
1976-04-01,11.5055,102423.7976
1976-05-01,11.1782,101310.8303
1976-06-01,11.0054,101685.2422
1976-07-01,11.1444,103849.5131
1976-08-01,10.9312,102730.0653
1976-09-01,11.0471,104871.5842
1976-10-01,10.5377,101090.9574
1976-11-01,10.3371,100552.1586
1976-12-01,10.5651,104006.4495
1977-01-01,10.4147,102921.0183
1977-02-01,10.0765,99466.9091
1977-03-01,9.9802,98748.4988
1977-04-01,9.7172,96761.2819
1977-05-01,9.5821,96346.5744
1977-06-01,9.5288,96577.4308
1977-07-01,9.5277,97338.6793
1977-08-01,9.2101,95007.6545
1977-09-01,8.9851,93588.9310
1977-10-01,8.7038,91239.3742
1977-11-01,8.7054,91692.6028
1977-12-01,8.6152,91328.6290
1978-01-01,8.2798,87671.0680
1978-02-01,8.1558,86270.2911
1978-03-01,8.1337,85820.7822
1978-04-01,8.4104,89264.8911
1978-05-01,8.7546,93305.1538
1978-06-01,8.6963,92928.0221
1978-07-01,8.5681,92166.2477
1978-08-01,9.0689,98473.5686
1978-09-01,8.9801,98126.6696
1978-10-01,8.5086,94553.3255
1978-11-01,7.8424,89015.1686
1978-12-01,7.7948,90326.0385
1979-01-01,7.8802,93283.1217
1979-02-01,7.5697,91231.9381
1979-03-01,7.5263,92434.7911
1979-04-01,7.5480,93612.4599
1979-05-01,7.2514,90687.8413
1979-06-01,7.2747,91856.1212
1979-07-01,7.2341,92145.9250
1979-08-01,7.4515,95852.7883
1979-09-01,7.4231,96289.7764
1979-10-01,7.1056,92322.5531
1979-11-01,7.0147,91179.5625
1979-12-01,7.2544,94205.5825
1980-01-01,7.3917,95953.6197
1980-02-01,7.6122,98778.5915
1980-03-01,6.8476,88761.5626
1980-04-01,6.7882,86758.5901
1980-05-01,7.1530,90239.8897
1980-06-01,7.6707,95386.5418
1980-07-01,8.0728,100129.7424
1980-08-01,8.3786,102895.4706
1980-09-01,8.6407,104934.5934
1980-10-01,8.8571,107402.6184
1980-11-01,9.1938,111441.0698
1980-12-01,9.0081,109035.7094
1981-01-01,9.0231,108171.9135
1981-02-01,8.7585,103779.9712
1981-03-01,9.1358,107349.8199
1981-04-01,9.1284,108008.9042
1981-05-01,8.8587,105436.2208
1981-06-01,8.8141,105403.8663
1981-07-01,8.5515,102154.0089
1981-08-01,8.5357,102195.7468
1981-09-01,7.7472,92808.6452
1981-10-01,7.8301,94211.9058
1981-11-01,8.0170,96771.0370
1981-12-01,8.0599,97602.2367
1982-01-01,7.7290,92619.6848
1982-02-01,7.6367,90560.9097
1982-03-01,7.4814,88170.6088
1982-04-01,7.9676,92602.9556
1982-05-01,8.0927,92257.5170
1982-06-01,7.7417,86315.7572
1982-07-01,7.8329,86083.3807
1982-08-01,7.9705,86590.1170
1982-09-01,9.0265,96866.9637
1982-10-01,10.0126,105148.3344
1982-11-01,10.6668,110104.6070
1982-12-01,11.0285,112054.8839
1983-01-01,11.4827,116216.6263
1983-02-01,11.7503,118571.7135
1983-03-01,12.2303,123156.1364
1983-04-01,12.6396,127415.1162
1983-05-01,13.0931,132247.8954
1983-06-01,13.2168,134161.8077
1983-07-01,13.0197,134572.2018
1983-08-01,12.4318,130940.9261
1983-09-01,12.5714,134609.7298
1983-10-01,12.3825,135081.4874
1983-11-01,11.9826,133277.7334
1983-12-01,11.7177,132977.5841
1984-01-01,11.5235,134279.9034
1984-02-01,10.5926,126795.1365
1984-03-01,10.3145,127109.7822
1984-04-01,10.1199,127137.8193
1984-05-01,9.8573,126451.6679
1984-06-01,9.4506,123758.3056
1984-07-01,9.2586,122164.3755
1984-08-01,10.0000,132902.4114
1984-09-01,10.0302,134132.0974
1984-10-01,9.9357,133201.7222
1984-11-01,10.0101,134917.9337
1984-12-01,9.8858,133966.6933
1985-01-01,10.3644,139996.9099
1985-02-01,10.9814,147403.3882
1985-03-01,10.9457,146149.7647
1985-04-01,11.1965,146958.5946
1985-05-01,11.6509,150417.8167
1985-06-01,12.1012,153766.6500
1985-07-01,12.4328,156932.6906
1985-08-01,12.2617,153753.8028
1985-09-01,12.0880,150439.9317
1985-10-01,12.3941,152129.3379
1985-11-01,13.3296,161452.5961
1985-12-01,14.1889,169535.4787
1986-01-01,14.2798,170345.0985
1986-02-01,15.0790,180547.0035
1986-03-01,15.9986,192593.5867
1986-04-01,16.3200,198239.6517
1986-05-01,16.2835,198667.6988
1986-06-01,16.6757,203771.5776
1986-07-01,16.2774,200098.7140
1986-08-01,16.5504,204292.5447
1986-09-01,16.0471,198373.4856
1986-10-01,16.1204,198016.6700
1986-11-01,16.7839,204827.9565
1986-12-01,17.1685,208140.9699
1987-01-01,18.0095,220634.6983
1987-02-01,18.8608,234051.3218
1987-03-01,19.3709,243206.1208
1987-04-01,19.4510,239843.7052
1987-05-01,19.7382,239412.6404
1987-06-01,20.9015,249304.9083
1987-07-01,20.8121,256413.9200
1987-08-01,21.4174,271534.4781
1987-09-01,20.0946,261935.2470
1987-10-01,17.0784,230288.4147
1987-11-01,14.4515,201783.4942
1987-12-01,13.7714,199093.7339
1988-01-01,14.0232,207013.3832
1988-02-01,14.1605,213353.9638
1988-03-01,14.2926,219307.6131
1988-04-01,13.3866,216257.1431
1988-05-01,12.4060,210811.1586
1988-06-01,12.4919,222515.5601
1988-07-01,12.2189,220901.8417
1988-08-01,11.7846,216198.6892
1988-09-01,11.7906,218898.8523
1988-10-01,12.0226,226470.5120
1988-11-01,11.5729,221716.9134
1988-12-01,11.6421,226504.8782
1989-01-01,11.8129,233303.8647
1989-02-01,11.9707,240017.2363
1989-03-01,11.7268,238265.3436
1989-04-01,12.0695,245160.5604
1989-05-01,12.4894,253813.5684
1989-06-01,12.8351,261801.9955
1989-07-01,13.4318,268487.4590
1989-08-01,14.3223,280638.6728
1989-09-01,14.6602,281027.2799
1989-10-01,14.8292,280489.8833
1989-11-01,14.6870,274755.3125
1989-12-01,15.2427,281836.0447
1990-01-01,15.1165,272797.0622
1990-02-01,14.9660,264662.5488
1990-03-01,15.6188,270354.9095
1990-04-01,15.7050,270472.2204
1990-05-01,16.3693,280243.4396
1990-06-01,16.9516,287576.0764
1990-07-01,16.8081,286964.0385
1990-08-01,15.3267,261997.8805
1990-09-01,14.5083,248549.9311
1990-10-01,14.2141,241345.4553
1990-11-01,14.6829,247995.1351
1990-12-01,15.4053,259374.7210
1991-01-01,15.3654,256067.6113
1991-02-01,17.2286,285365.2157
1991-03-01,17.7784,293617.6519
1991-04-01,18.6453,299807.1269
1991-05-01,19.0359,298388.6870
1991-06-01,19.4894,298544.1251
1991-07-01,20.1821,300435.2510
1991-08-01,21.2439,307583.2407
1991-09-01,21.7284,305312.7516
1991-10-01,22.4887,305420.3664
1991-11-01,23.2668,304580.1618
1991-12-01,24.3275,307203.7218
1992-01-01,25.9293,329332.8470
1992-02-01,25.5878,326175.7617
1992-03-01,25.1612,321253.7716
1992-04-01,24.7165,321641.0603
1992-05-01,24.7401,327823.7265
1992-06-01,23.9455,322312.9577
1992-07-01,23.8809,327776.1685
1992-08-01,23.5985,329925.1531
1992-09-01,23.1973,330237.5698
1992-10-01,22.4307,325182.4223
1992-11-01,22.5635,333676.5332
1992-12-01,22.8203,344835.0418
1993-01-01,22.5041,343634.1596
1993-02-01,22.5472,348340.0713
1993-03-01,22.6895,354593.1339
1993-04-01,22.5257,348864.5033
1993-05-01,22.8333,350906.3184
1993-06-01,23.1795,353452.9459
1993-07-01,22.7166,353668.5654
1993-08-01,22.6499,358907.6489
1993-09-01,22.5007,363018.6358
1993-10-01,22.1962,366014.8066
1993-11-01,21.6405,365792.6776
1993-12-01,21.2860,369039.2335
1994-01-01,21.3475,374420.9520
1994-02-01,21.0214,372865.1857
1994-03-01,20.4232,366310.6140
1994-04-01,18.9987,353574.9273
1994-05-01,18.5023,357077.2139
1994-06-01,18.0488,359817.1003
1994-07-01,17.4218,356987.2461
1994-08-01,17.4395,366510.0021
1994-09-01,17.0860,368518.0989
1994-10-01,16.3198,366642.5801
1994-11-01,15.6222,364803.8904
1994-12-01,14.8755,361066.9077
1995-01-01,14.8880,368441.2294
1995-02-01,15.1072,380991.4212
1995-03-01,15.1505,389446.7577
1995-04-01,15.3092,400651.2938
1995-05-01,15.4958,413252.1394
1995-06-01,15.6651,425551.7390
1995-07-01,16.0718,440653.3618
1995-08-01,16.0066,441760.3567
1995-09-01,16.4517,457290.8979
1995-10-01,16.7634,459967.3957
1995-11-01,17.3287,471126.3257
1995-12-01,18.0969,487415.3894
1996-01-01,18.0782,485368.8448
1996-02-01,19.0966,512374.4947
1996-03-01,19.0091,508725.5886
1996-04-01,18.8514,507774.9631
1996-05-01,19.0997,518740.2162
1996-06-01,19.1492,525041.2246
1996-07-01,18.2594,505827.9360
1996-08-01,18.5954,520400.0651
1996-09-01,18.7467,529257.7290
1996-10-01,19.0046,549325.1436
1996-11-01,19.4519,575991.1388
1996-12-01,19.1905,582898.0425
1997-01-01,19.5298,599998.1181
1997-02-01,20.0920,624206.8220
1997-03-01,19.6859,618766.4149
1997-04-01,18.9357,596951.8715
1997-05-01,20.5972,652387.2931
1997-06-01,21.6101,686348.8365
1997-07-01,22.8016,724816.6636
1997-08-01,22.8328,725984.2123
1997-09-01,23.0566,732818.7694
1997-10-01,23.5825,743036.3245
1997-11-01,23.4573,734934.6953
1997-12-01,24.2289,755236.3821
1998-01-01,24.2905,755624.8512
1998-02-01,25.8520,802514.6026
1998-03-01,27.2339,843590.6228
1998-04-01,28.2643,870717.3102
1998-05-01,28.3049,867191.1136
1998-06-01,28.4421,867142.2533
1998-07-01,29.9038,904777.4678
1998-08-01,27.9971,840679.4627
1998-09-01,26.7955,798525.5072
1998-10-01,27.1965,806862.2997
1998-11-01,30.2466,895411.5499
1998-12-01,31.5579,932730.0063
1999-01-01,32.9201,977431.3078
1999-02-01,32.6700,975597.1179
1999-03-01,33.3940,1001081.4297
1999-04-01,33.9980,1036092.3944
1999-05-01,33.1856,1035068.4061
1999-06-01,32.2416,1028736.1976
1999-07-01,32.8807,1072038.5919
1999-08-01,30.8862,1029110.4466
1999-09-01,29.9857,1018086.1457
1999-10-01,28.6577,1003339.6206
1999-11-01,29.7434,1073998.9755
1999-12-01,29.6591,1104165.7871
2000-01-01,29.0364,1099587.3286
2000-02-01,27.7644,1066024.8911
2000-03-01,28.3064,1098976.8720
2000-04-01,28.5014,1113981.6548
2000-05-01,27.4917,1081094.5164
2000-06-01,28.1579,1109471.1590
2000-07-01,28.0500,1116308.0434
2000-08-01,27.9713,1126790.7460
2000-09-01,27.3380,1108842.7455
2000-10-01,26.4957,1049211.3492
2000-11-01,26.8973,1040505.8502
2000-12-01,26.6186,1006536.7477
2001-01-01,27.5501,1004758.3441
2001-02-01,27.8056,979372.5936
2001-03-01,26.0971,888418.8310
2001-04-01,27.9590,888868.0249
2001-05-01,32.0208,945733.4878
2001-06-01,33.6697,921581.5633
2001-07-01,35.4632,899593.3811
2001-08-01,37.8493,881190.1838
2001-09-01,36.9000,778571.8444
2001-10-01,39.7217,806074.3501
2001-11-01,43.6226,848238.4944
2001-12-01,46.3722,864083.6644
2002-01-01,46.1748,859565.3522
2002-02-01,44.5676,827475.2462
2002-03-01,46.7121,863539.1278
2002-04-01,43.8113,828563.0544
2002-05-01,41.4140,805200.9158
2002-06-01,37.9215,757110.6435
2002-07-01,32.4565,674901.6160
2002-08-01,31.5325,680315.8938
2002-09-01,28.8885,646869.3899
2002-10-01,29.2448,636976.2379
2002-11-01,32.0323,679185.1774
2002-12-01,32.5908,673647.0519
2003-01-01,31.4330,669191.8017
2003-02-01,28.4607,621478.8580
2003-03-01,27.9232,625850.3747
2003-04-01,28.0501,660364.9326
2003-05-01,28.2426,696580.8507
2003-06-01,28.5962,735512.4283
2003-07-01,27.6525,739099.3571
2003-08-01,26.5741,735080.7209
2003-09-01,26.4241,755869.8372
2003-10-01,24.7513,772047.8068
2003-11-01,23.1493,783528.2720
2003-12-01,22.1715,808427.0198
2004-01-01,22.7292,844213.0912
2004-02-01,22.4570,848816.6376
2004-03-01,21.6150,830193.6441
2004-04-01,21.2306,835567.7128
2004-05-01,20.1360,809417.5634
2004-06-01,20.1738,829926.6326
2004-07-01,19.5070,812642.9509
2004-08-01,19.0274,800955.5001
2004-09-01,19.3467,821520.4455
2004-10-01,19.2523,818061.1516
2004-11-01,20.0539,856671.4820
2004-12-01,20.4818,883279.5954
2005-01-01,19.9878,869550.6128
2005-02-01,20.1067,879114.7785
2005-03-01,19.8422,870079.3642
2005-04-01,19.0163,843461.4911
2005-05-01,18.9292,855622.4950
2005-06-01,19.0049,873845.6439
2005-07-01,18.9995,885556.1598
2005-08-01,18.7197,883789.4377
2005-09-01,18.4432,875572.6785
2005-10-01,17.6352,850898.5384
2005-11-01,18.0086,891785.0485
2005-12-01,18.0735,914624.0340
2006-01-01,18.0671,921030.6889
2006-02-01,17.7996,919034.8085
2006-03-01,17.8029,927569.1223
2006-04-01,17.7706,927099.1121
2006-05-01,17.4601,915276.9553
2006-06-01,16.8233,888768.8706
2006-07-01,16.6149,892542.0146
2006-08-01,16.6708,911218.8195
2006-09-01,16.7715,938901.0411
2006-10-01,17.1387,978169.3620
2006-11-01,17.2438,999249.8705
2006-12-01,17.3773,1019214.5555
2007-01-01,17.3558,1023164.8982
2007-02-01,17.4908,1033975.1280
2007-03-01,16.9206,999308.4375
2007-04-01,17.4784,1034376.0683
2007-05-01,17.9194,1062977.3446
2007-06-01,17.8308,1064593.7001
2007-07-01,18.3631,1070999.3219
2007-08-01,18.0235,1027906.4117
2007-09-01,19.0473,1056615.8610
2007-10-01,20.6777,1085917.6458
2007-11-01,20.8104,1027636.0053
2007-12-01,22.3515,1041073.4561
2008-01-01,21.4593,967199.7805
2008-02-01,21.7405,949327.2620
2008-03-01,21.8073,916458.9255
2008-04-01,23.8827,949600.4421
2008-05-01,25.8056,965809.8598
2008-06-01,26.1096,915577.5184
2008-07-01,25.3681,855435.1544
2008-08-01,26.8333,876992.6287
2008-09-01,26.4842,835638.4584
2008-10-01,27.2186,673689.4834
2008-11-01,34.9904,627730.1230
2008-12-01,58.9758,632053.3382
2009-01-01,70.9104,622397.2957
2009-02-01,84.4647,577785.2192
2009-03-01,110.3688,543579.6802
2009-04-01,119.8516,609004.6056
2009-05-01,123.7308,647658.9836
2009-06-01,123.3182,660532.2259
2009-07-01,101.8672,670000.3262
2009-08-01,92.9485,722754.7037
2009-09-01,83.2974,748635.8717
2009-10-01,42.1168,765859.1382
2009-11-01,28.5134,781316.0546
2009-12-01,21.7850,800086.4278
2010-01-01,20.6959,808171.2321
2010-02-01,18.9057,784540.9012
2010-03-01,18.9078,827757.2360
2010-04-01,19.0091,860104.2662
2010-05-01,17.2971,808885.2698
2010-06-01,16.1455,780987.1499
2010-07-01,15.7207,779586.4915
2010-08-01,15.4722,785241.1533
2010-09-01,15.6148,811247.1331
2010-10-01,15.8988,847333.9880
2010-11-01,15.8751,868082.8310
2010-12-01,16.0508,898784.2722
2011-01-01,16.3038,925507.5907
2011-02-01,16.5161,949998.3178
2011-03-01,16.0434,930371.8169
2011-04-01,16.2056,944968.1882
2011-05-01,16.1210,946761.9415
2011-06-01,15.3486,913081.5995
2011-07-01,15.6076,940586.1256
2011-08-01,13.7918,840458.0071
2011-09-01,13.4960,832577.0423
2011-10-01,13.8809,859509.2820
2011-11-01,14.1033,875461.0899
2011-12-01,14.2993,891295.5112
2012-01-01,14.8672,929849.0421
2012-02-01,15.3675,964327.3817
2012-03-01,15.6905,984677.0480
2012-04-01,15.6954,981355.1944
2012-05-01,15.2198,952158.3845
2012-06-01,15.0532,942586.9398
2012-07-01,15.5498,971729.5588
2012-08-01,16.1366,999113.8325
2012-09-01,16.6869,1024751.1778
2012-10-01,16.6216,1022956.6767
2012-11-01,16.1203,998695.0530
2012-12-01,16.4408,1023210.6103
2013-01-01,17.0344,1063760.3530
2013-02-01,17.3225,1079752.0788
2013-03-01,17.6834,1106272.5297
2013-04-01,17.6914,1123546.4935
2013-05-01,18.2475,1172875.3939
2013-06-01,17.7985,1157011.8414
2013-07-01,18.1201,1194218.4435
2013-08-01,17.9137,1195818.1594
2013-09-01,17.8782,1208694.6582
2013-10-01,17.8587,1237487.9939
2013-11-01,18.1518,1287897.1802
2013-12-01,18.0417,1307618.6610
2014-01-01,18.1480,1315405.1762
2014-02-01,18.0560,1308879.4232
2014-03-01,18.4781,1335931.9966
2014-04-01,18.3478,1334251.0940
2014-05-01,18.4614,1350000.1234
2014-06-01,18.8818,1390583.7948
2014-07-01,18.9600,1411957.4107
2014-08-01,18.6789,1408303.7027
2014-09-01,18.8112,1432288.0605
2014-10-01,18.4954,1397912.2648
2014-11-01,19.7492,1485713.3061
2014-12-01,20.0789,1503676.2318
2015-01-01,20.0235,1494043.4034
2015-02-01,20.7659,1529670.5632
2015-03-01,20.9571,1521489.9144
2015-04-01,21.4191,1531759.8521
2015-05-01,21.9179,1538928.9209
2015-06-01,22.1187,1526897.1864
2015-07-01,22.3988,1525594.5869
2015-08-01,22.1540,1490734.9844
2015-09-01,21.4473,1425781.3606
2015-10-01,22.6785,1488021.1067
2015-11-01,23.6685,1534914.5563
2015-12-01,23.7384,1523207.8931
2016-01-01,22.1803,1423081.3022
2016-02-01,22.0241,1414101.8307
2016-03-01,23.3914,1497638.5521
2016-04-01,23.9670,1532785.4902
2016-05-01,23.8076,1521974.5313
2016-06-01,23.9748,1533182.5792
2016-07-01,24.5187,1586316.8645
2016-08-01,24.5675,1603879.5172
2016-09-01,24.2192,1593025.8290
2016-10-01,23.5730,1583005.5528
2016-11-01,23.3472,1604529.5218
2016-12-01,23.7613,1667311.7227
2017-01-01,23.5853,1681496.2905
2017-02-01,23.6836,1719423.5746
2017-03-01,23.5998,1748093.8026
2017-04-01,23.2368,1740258.1065
2017-05-01,23.3064,1768215.6491
2017-06-01,23.3993,1798012.9529
2017-07-01,23.3635,1817048.3534
2017-08-01,23.1588,1816132.3119
2017-09-01,23.2802,1836453.4203
2017-10-01,23.6730,1887885.5080
2017-11-01,23.8062,1917863.6850
2017-12-01,24.2477,1974341.2138
2018-01-01,24.9684,2059136.0507
2018-02-01,23.8158,1990690.0256
2018-03-01,23.4128,1987503.4546
2018-04-01,22.5291,1946713.8123
2018-05-01,22.4874,1976700.2039
2018-06-01,22.4882,2015275.3050
2018-07-01,22.3283,2047020.9466
2018-08-01,22.3698,2096052.4687
2018-09-01,22.2525,2128814.6305
2018-10-01,21.2539,2043295.5665
2018-11-01,20.6739,2007627.5126
2018-12-01,19.3920,1902056.9618
2019-01-01,19.5961,1931411.8214
2019-02-01,20.6012,2035412.6227
2019-03-01,20.8645,2063446.6883
2019-04-01,21.5602,2129023.4055
2019-05-01,21.1497,2091981.1082
2019-06-01,21.3659,2120968.9610
2019-07-01,22.2793,2198495.4720
2019-08-01,21.6733,2129716.7226
2019-09-01,22.4391,2193727.9856
2019-10-01,22.0422,2188959.4953
2019-11-01,22.6173,2287258.5773
2019-12-01,22.7773,2345893.4022
2020-01-01,24.8807,2415053.9660
2020-02-01,26.4207,2411420.8373
2020-03-01,22.8006,1959527.4781
2020-04-01,24.9659,2057915.1113
2020-05-01,27.8244,2179031.6552
2020-06-01,31.2875,2308220.3298
2020-07-01,32.4351,2376426.4222
2020-08-01,34.4138,2508554.1483
2020-09-01,34.2651,2489341.3729
2020-10-01,35.2965,2531245.3947
2020-11-01,37.1648,2632929.7803
2020-12-01,39.2575,2742500.9315
2021-01-01,35.9642,2807207.4941
2021-02-01,33.2362,2861471.8115
2021-03-01,30.5032,2864670.2764
2021-04-01,29.9247,3012411.9729
2021-05-01,28.0525,3011177.0361
2021-06-01,26.6975,3037476.5499
2021-07-01,26.5567,3115711.9039
2021-08-01,26.2208,3177258.8742
2021-09-01,25.3408,3166002.8868
2021-10-01,24.3874,3154136.4589
2021-11-01,24.5149,3287660.9207
2021-12-01,23.6255,3286311.6007
2022-01-01,23.1137,3192049.0167
2022-02-01,22.4156,3071374.1873
2022-03-01,22.1882,3003883.8617
2022-04-01,22.4015,2990780.3411
2022-05-01,20.8112,2725320.4198
2022-06-01,20.2796,2597848.0591
2022-07-01,20.5250,2610252.2281
2022-08-01,22.0139,2779554.6072
2022-09-01,20.5657,2571767.9712
2022-10-01,20.4275,2482230.6801
2022-11-01,22.0608,2616090.8702
2022-12-01,22.6476,2624461.4359
2023-01-01,22.8205,2639506.2255
2023-02-01,23.3976,2707481.1593
2023-03-01,22.6555,2630204.6940
2023-04-01,23.2628,2720102.5674
2023-05-01,23.1410,2733294.1775
2023-06-01,23.9851,2859155.8659
2023-07-01,24.7600,
2023-08-01,24.1600,
2023-09-01,23.9300,
2023-10-01,22.7800,
2023-11-01,23.5100,
2023-12-01,24.3500,
2024-01-01,25.0100,
2024-02-01,26.1400,
2024-03-01,27.0200,
2024-04-01,26.4100,
2024-05-01,26.9300,
2024-06-01,27.6400,
2024-07-01,28.0800,
2024-08-01,27.6700,
2024-09-01,28.0900,
2024-10-01,28.4500,
2024-11-01,28.6600,
2024-12-01,28.6000,
2025-01-01,28.1600,
2025-02-01,28.1500,
2025-03-01,26.2300,
2025-04-01,24.5600,
2025-05-01,26.3400,
2025-06-01,27.1000,
2025-07-01,27.8100,
2025-08-01,27.8400,
2025-09-01,28.1300,
2025-10-01,28.7800,
2025-11-01,28.8000,
2025-12-01,29.2800,
2026-01-01,29.6000,
2026-02-01,29.4500,
2026-03-01,28.4300,
2026-04-01,29.7200,
2026-05-01,31.6700,
2026-06-01,31.9300,
2026-07-01,32.1500,
