Date,CAGR10
1936-01-01,6.33
1936-02-01,6.89
1936-03-01,7.85
1936-04-01,8.16
1936-05-01,7.48
1936-06-01,7.41
1936-07-01,7.57
1936-08-01,7.36
1936-09-01,7.31
1936-10-01,8.09
1936-11-01,8.23
1936-12-01,7.79
1937-01-01,8.19
1937-02-01,8.29
1937-03-01,8.10
1937-04-01,7.17
1937-05-01,6.32
1937-06-01,5.79
1937-07-01,6.17
1937-08-01,5.73
1937-09-01,3.56
1937-10-01,2.12
1937-11-01,0.97
1937-12-01,0.60
1938-01-01,0.84
1938-02-01,0.74
1938-03-01,-0.44
1938-04-01,-1.43
1938-05-01,-1.61
1938-06-01,-0.86
1938-07-01,0.89
1938-08-01,0.64
1938-09-01,-0.49
1938-10-01,0.37
1938-11-01,-0.27
1938-12-01,-0.60
1939-01-01,-1.45
1939-02-01,-1.57
1939-03-01,-1.75
1939-04-01,-2.99
1939-05-01,-2.78
1939-06-01,-2.78
1939-07-01,-3.36
1939-08-01,-4.02
1939-09-01,-3.41
1939-10-01,-2.22
1939-11-01,0.66
1939-12-01,0.03
1940-01-01,-0.17
1940-02-01,-0.83
1940-03-01,-1.24
1940-04-01,-1.74
1940-05-01,-2.57
1940-06-01,-2.39
1940-07-01,-1.85
1940-08-01,-1.50
1940-09-01,-1.08
1940-10-01,0.50
1940-11-01,1.49
1940-12-01,1.77
1941-01-01,1.49
1941-02-01,0.11
1941-03-01,-0.01
1941-04-01,0.69
1941-05-01,1.50
1941-06-01,2.19
1941-07-01,2.37
1941-08-01,2.64
1941-09-01,4.33
1941-10-01,5.40
1941-11-01,4.75
1941-12-01,6.21
1942-01-01,6.58
1942-02-01,6.32
1942-03-01,5.69
1942-04-01,8.14
1942-05-01,9.65
1942-06-01,11.74
1942-07-01,11.55
1942-08-01,7.03
1942-09-01,6.15
1942-10-01,8.50
1942-11-01,8.77
1942-12-01,9.18
1943-01-01,9.38
1943-02-01,11.39
1943-03-01,11.79
1943-04-01,11.02
1943-05-01,8.67
1943-06-01,7.15
1943-07-01,6.54
1943-08-01,6.56
1943-09-01,6.88
1943-10-01,7.88
1943-11-01,7.12
1943-12-01,7.07
1944-01-01,6.82
1944-02-01,6.00
1944-03-01,6.86
1944-04-01,6.51
1944-05-01,7.85
1944-06-01,8.21
1944-07-01,9.02
1944-08-01,9.29
1944-09-01,9.38
1944-10-01,9.56
1944-11-01,9.18
1944-12-01,9.35
1945-01-01,9.67
1945-02-01,10.36
1945-03-01,11.08
1945-04-01,10.55
1945-05-01,10.12
1945-06-01,9.91
1945-07-01,9.13
1945-08-01,8.46
1945-09-01,8.95
1945-10-01,9.11
1945-11-01,8.48
1945-12-01,8.67
1946-01-01,8.51
1946-02-01,7.94
1946-03-01,7.39
1946-04-01,8.05
1946-05-01,8.66
1946-06-01,8.14
1946-07-01,7.21
1946-08-01,6.79
1946-09-01,4.99
1946-10-01,4.23
1946-11-01,3.91
1946-12-01,4.40
1947-01-01,4.14
1947-02-01,4.24
1947-03-01,3.82
1947-04-01,4.08
1947-05-01,4.37
1947-06-01,5.12
1947-07-01,5.16
1947-08-01,4.84
1947-09-01,6.18
1947-10-01,8.12
1947-11-01,8.98
1947-12-01,8.97
1948-01-01,8.53
1948-02-01,8.23
1948-03-01,9.12
1948-04-01,10.37
1948-05-01,10.77
1948-06-01,10.95
1948-07-01,8.69
1948-08-01,8.30
1948-09-01,8.68
1948-10-01,7.84
1948-11-01,7.23
1948-12-01,7.49
1949-01-01,7.79
1949-02-01,7.48
1949-03-01,7.61
1949-04-01,9.07
1949-05-01,8.62
1949-06-01,7.84
1949-07-01,8.19
1949-08-01,8.75
1949-09-01,7.82
1949-10-01,8.00
1949-11-01,8.36
1949-12-01,8.93
1950-01-01,9.23
1950-02-01,9.53
1950-03-01,9.69
1950-04-01,9.90
1950-05-01,11.92
1950-06-01,13.11
1950-07-01,11.90
1950-08-01,12.33
1950-09-01,12.26
1950-10-01,12.62
1950-11-01,12.34
1950-12-01,12.78
1951-01-01,13.57
1951-02-01,14.73
1951-03-01,14.46
1951-04-01,14.98
1951-05-01,15.24
1951-06-01,14.64
1951-07-01,14.27
1951-08-01,14.82
1951-09-01,15.07
1951-10-01,15.48
1951-11-01,15.69
1951-12-01,16.81
1952-01-01,16.95
1952-02-01,17.09
1952-03-01,17.75
1952-04-01,18.19
1952-05-01,18.02
1952-06-01,17.74
1952-07-01,17.63
1952-08-01,17.73
1952-09-01,17.41
1952-10-01,16.32
1952-11-01,16.49
1952-12-01,16.89
1953-01-01,16.27
1953-02-01,15.45
1953-03-01,15.11
1953-04-01,14.16
1953-05-01,13.79
1953-06-01,13.18
1953-07-01,13.12
1953-08-01,13.75
1953-09-01,12.99
1953-10-01,13.44
1953-11-01,14.23
1953-12-01,14.24
1954-01-01,14.17
1954-02-01,14.50
1954-03-01,14.42
1954-04-01,15.07
1954-05-01,15.32
1954-06-01,14.88
1954-07-01,15.04
1954-08-01,15.44
1954-09-01,15.89
1954-10-01,15.87
1954-11-01,16.40
1954-12-01,16.66
1955-01-01,16.52
1955-02-01,16.52
1955-03-01,16.43
1955-04-01,16.53
1955-05-01,16.05
1955-06-01,16.49
1955-07-01,17.55
1955-08-01,17.44
1955-09-01,17.18
1955-10-01,16.10
1955-11-01,16.48
1955-12-01,16.39
1956-01-01,15.62
1956-02-01,15.66
1956-03-01,16.79
1956-04-01,16.20
1956-05-01,15.80
1956-06-01,15.81
1956-07-01,16.76
1956-08-01,16.92
1956-09-01,18.38
1956-10-01,18.49
1956-11-01,18.41
1956-12-01,18.22
1957-01-01,17.89
1957-02-01,16.92
1957-03-01,17.55
1957-04-01,18.25
1957-05-01,18.90
1957-06-01,18.67
1957-07-01,18.17
1957-08-01,17.73
1957-09-01,17.54
1957-10-01,16.48
1957-11-01,16.35
1957-12-01,16.52
1958-01-01,16.89
1958-02-01,17.50
1958-03-01,17.56
1958-04-01,16.74
1958-05-01,16.54
1958-06-01,16.33
1958-07-01,16.92
1958-08-01,17.68
1958-09-01,18.10
1958-10-01,18.23
1958-11-01,19.24
1958-12-01,19.51
1959-01-01,19.82
1959-02-01,20.07
1959-03-01,20.22
1959-04-01,20.41
1959-05-01,20.64
1959-06-01,21.17
1959-07-01,20.94
1959-08-01,20.41
1959-09-01,19.73
1959-10-01,19.38
1959-11-01,19.23
1959-12-01,19.25
1960-01-01,18.76
1960-02-01,18.03
1960-03-01,17.74
1960-04-01,17.54
1960-05-01,17.01
1960-06-01,17.22
1960-07-01,17.77
1960-08-01,17.19
1960-09-01,16.40
1960-10-01,15.66
1960-11-01,16.02
1960-12-01,16.30
1961-01-01,16.02
1961-02-01,16.03
1961-03-01,16.55
1961-04-01,16.66
1961-05-01,16.73
1961-06-01,16.74
1961-07-01,16.46
1961-08-01,16.34
1961-09-01,15.92
1961-10-01,16.07
1961-11-01,16.88
1961-12-01,16.60
1962-01-01,15.75
1962-02-01,16.13
1962-03-01,16.08
1962-04-01,15.71
1962-05-01,14.80
1962-06-01,13.05
1962-07-01,12.98
1962-08-01,13.22
1962-09-01,13.28
1962-10-01,13.14
1962-11-01,13.52
1962-12-01,13.53
1963-01-01,13.88
1963-02-01,14.15
1963-03-01,14.03
1963-04-01,15.11
1963-05-01,15.25
1963-06-01,15.64
1963-07-01,15.28
1963-08-01,15.52
1963-09-01,16.34
1963-10-01,16.00
1963-11-01,15.65
1963-12-01,15.71
1964-01-01,15.75
1964-02-01,15.61
1964-03-01,15.55
1964-04-01,15.25
1964-05-01,14.89
1964-06-01,14.71
1964-07-01,14.65
1964-08-01,14.24
1964-09-01,14.16
1964-10-01,14.07
1964-11-01,13.70
1964-12-01,12.98
1965-01-01,13.05
1965-02-01,12.75
1965-03-01,12.84
1965-04-01,12.59
1965-05-01,12.79
1965-06-01,11.61
1965-07-01,10.80
1965-08-01,11.06
1965-09-01,10.93
1965-10-01,11.75
1965-11-01,11.11
1965-12-01,10.95
1966-01-01,11.43
1966-02-01,11.28
1966-03-01,10.07
1966-04-01,10.27
1966-05-01,10.02
1966-06-01,9.99
1966-07-01,9.38
1966-08-01,8.76
1966-09-01,8.74
1966-10-01,8.79
1966-11-01,9.43
1966-12-01,9.31
1967-01-01,9.96
1967-02-01,10.82
1967-03-01,10.93
1967-04-01,10.86
1967-05-01,10.63
1967-06-01,10.31
1967-07-01,10.27
1967-08-01,11.07
1967-09-01,11.67
1967-10-01,12.37
1967-11-01,12.24
1967-12-01,12.55
1968-01-01,12.29
1968-02-01,11.72
1968-03-01,11.28
1968-04-01,12.01
1968-05-01,11.90
1968-06-01,11.92
1968-07-01,11.59
1968-08-01,10.93
1968-09-01,10.99
1968-10-01,10.82
1968-11-01,10.65
1968-12-01,10.55
1969-01-01,9.65
1969-02-01,9.76
1969-03-01,9.25
1969-04-01,9.28
1969-05-01,9.47
1969-06-01,8.98
1969-07-01,8.06
1969-08-01,8.07
1969-09-01,8.54
1969-10-01,8.67
1969-11-01,8.70
1969-12-01,7.78
1970-01-01,7.87
1970-02-01,7.92
1970-03-01,8.25
1970-04-01,7.78
1970-05-01,6.57
1970-06-01,6.13
1970-07-01,6.42
1970-08-01,6.61
1970-09-01,7.56
1970-10-01,8.00
1970-11-01,7.65
1970-12-01,8.11
1971-01-01,7.97
1971-02-01,7.95
1971-03-01,7.89
1971-04-01,7.97
1971-05-01,7.72
1971-06-01,7.66
1971-07-01,7.61
1971-08-01,7.04
1971-09-01,7.36
1971-10-01,7.02
1971-11-01,6.05
1971-12-01,6.66
1972-01-01,7.50
1972-02-01,7.52
1972-03-01,7.76
1972-04-01,8.22
1972-05-01,8.95
1972-06-01,10.33
1972-07-01,9.98
1972-08-01,10.06
1972-09-01,9.99
1972-10-01,10.36
1972-11-01,10.15
1972-12-01,9.91
1973-01-01,9.57
1973-02-01,9.03
1973-03-01,8.89
1973-04-01,8.19
1973-05-01,7.66
1973-06-01,7.42
1973-07-01,7.69
1973-08-01,7.19
1973-09-01,7.09
1973-10-01,7.49
1973-11-01,6.76
1973-12-01,5.76
1974-01-01,5.59
1974-02-01,5.17
1974-03-01,5.43
1974-04-01,4.73
1974-05-01,4.32
1974-06-01,4.40
1974-07-01,2.75
1974-08-01,2.48
1974-09-01,1.21
1974-10-01,1.25
1974-11-01,1.53
1974-12-01,1.05
1975-01-01,1.60
1975-02-01,2.55
1975-03-01,3.02
1975-04-01,3.01
1975-05-01,3.50
1975-06-01,4.28
1975-07-01,4.31
1975-08-01,3.34
1975-09-01,2.89
1975-10-01,3.13
1975-11-01,3.23
1975-12-01,3.13
1976-01-01,3.87
1976-02-01,4.34
1976-03-01,4.84
1976-04-01,4.61
1976-05-01,5.11
1976-06-01,5.26
1976-07-01,5.54
1976-08-01,6.11
1976-09-01,6.71
1976-10-01,6.44
1976-11-01,5.85
1976-12-01,6.17
1977-01-01,5.68
1977-02-01,5.04
1977-03-01,4.76
1977-04-01,4.43
1977-05-01,4.23
1977-06-01,4.43
1977-07-01,4.35
1977-08-01,3.94
1977-09-01,3.65
1977-10-01,3.41
1977-11-01,3.82
1977-12-01,3.49
1978-01-01,3.14
1978-02-01,3.49
1978-03-01,3.68
1978-04-01,3.40
1978-05-01,3.69
1978-06-01,3.46
1978-07-01,3.45
1978-08-01,4.39
1978-09-01,4.07
1978-10-01,3.50
1978-11-01,2.74
1978-12-01,2.81
1979-01-01,3.65
1979-02-01,3.57
1979-03-01,4.01
1979-04-01,4.02
1979-05-01,3.47
1979-06-01,4.24
1979-07-01,4.84
1979-08-01,5.39
1979-09-01,5.48
1979-10-01,4.98
1979-11-01,4.85
1979-12-01,5.84
1980-01-01,6.25
1980-02-01,7.06
1980-03-01,5.87
1980-04-01,6.04
1980-05-01,7.83
1980-06-01,8.58
1980-07-01,9.05
1980-08-01,9.08
1980-09-01,8.72
1980-10-01,8.81
1980-11-01,9.28
1980-12-01,8.39
1981-01-01,7.95
1981-02-01,7.18
1981-03-01,7.32
1981-04-01,7.07
1981-05-01,7.01
1981-06-01,7.28
1981-07-01,7.11
1981-08-01,7.36
1981-09-01,6.17
1981-10-01,6.55
1981-11-01,7.35
1981-12-01,6.74
1982-01-01,5.76
1982-02-01,5.33
1982-03-01,4.77
1982-04-01,5.20
1982-05-01,5.34
1982-06-01,4.72
1982-07-01,4.80
1982-08-01,4.49
1982-09-01,5.82
1982-10-01,6.68
1982-11-01,6.60
1982-12-01,6.50
1983-01-01,6.81
1983-02-01,7.40
1983-03-01,7.95
1983-04-01,8.57
1983-05-01,9.33
1983-06-01,9.74
1983-07-01,9.68
1983-08-01,9.60
1983-09-01,9.74
1983-10-01,9.36
1983-11-01,10.01
1983-12-01,10.77
1984-01-01,10.76
1984-02-01,10.45
1984-03-01,10.01
1984-04-01,10.61
1984-05-01,10.89
1984-06-01,10.63
1984-07-01,11.87
1984-08-01,13.29
1984-09-01,14.65
1984-10-01,14.34
1984-11-01,14.06
1984-12-01,14.70
1985-01-01,14.28
1985-02-01,13.75
1985-03-01,13.14
1985-04-01,13.09
1985-05-01,12.66
1985-06-01,12.62
1985-07-01,12.82
1985-08-01,13.43
1985-09-01,13.32
1985-10-01,12.93
1985-11-01,13.41
1985-12-01,14.13
1986-01-01,13.18
1986-02-01,13.35
1986-03-01,13.94
1986-04-01,14.12
1986-05-01,14.22
1986-06-01,14.47
1986-07-01,13.96
1986-08-01,14.28
1986-09-01,13.73
1986-10-01,14.07
1986-11-01,14.51
1986-12-01,14.28
1987-01-01,15.08
1987-02-01,16.08
1987-03-01,16.59
1987-04-01,16.63
1987-05-01,16.64
1987-06-01,17.05
1987-07-01,17.26
1987-08-01,18.24
1987-09-01,18.02
1987-10-01,16.80
1987-11-01,15.16
1987-12-01,15.02
1988-01-01,15.89
1988-02-01,16.39
1988-03-01,16.73
1988-04-01,16.07
1988-05-01,15.20
1988-06-01,15.79
1988-07-01,15.77
1988-08-01,14.75
1988-09-01,14.92
1988-10-01,15.68
1988-11-01,16.09
1988-12-01,16.14
1989-01-01,16.06
1989-02-01,16.56
1989-03-01,16.27
1989-04-01,16.40
1989-05-01,17.09
1989-06-01,17.21
1989-07-01,17.36
1989-08-01,17.33
1989-09-01,17.20
1989-10-01,17.64
1989-11-01,17.46
1989-12-01,17.27
1990-01-01,16.63
1990-02-01,15.83
1990-03-01,17.21
1990-04-01,17.37
1990-05-01,17.24
1990-06-01,16.83
1990-07-01,16.28
1990-08-01,14.93
1990-09-01,14.11
1990-10-01,13.47
1990-11-01,13.29
1990-12-01,13.94
1991-01-01,13.86
1991-02-01,15.48
1991-03-01,15.36
1991-04-01,15.46
1991-05-01,15.63
1991-06-01,15.57
1991-07-01,15.90
1991-08-01,16.11
1991-09-01,17.09
1991-10-01,16.91
1991-11-01,16.56
1991-12-01,16.53
1992-01-01,17.94
1992-02-01,18.10
1992-03-01,18.31
1992-04-01,17.71
1992-05-01,17.88
1992-06-01,18.36
1992-07-01,18.56
1992-08-01,18.58
1992-09-01,17.27
1992-10-01,16.14
1992-11-01,15.95
1992-12-01,16.16
1993-01-01,15.73
1993-02-01,15.69
1993-03-01,15.50
1993-04-01,14.87
1993-05-01,14.45
1993-06-01,14.35
1993-07-01,14.28
1993-08-01,14.76
1993-09-01,14.54
1993-10-01,14.61
1993-11-01,14.74
1993-12-01,14.85
1994-01-01,14.87
1994-02-01,15.47
1994-03-01,15.25
1994-04-01,14.80
1994-05-01,14.95
1994-06-01,15.29
1994-07-01,15.34
1994-08-01,14.67
1994-09-01,14.61
1994-10-01,14.60
1994-11-01,14.41
1994-12-01,14.38
1995-01-01,14.13
1995-02-01,13.91
1995-03-01,14.26
1995-04-01,14.50
1995-05-01,14.57
1995-06-01,14.64
1995-07-01,14.79
1995-08-01,15.06
1995-09-01,15.70
1995-10-01,15.64
1995-11-01,15.19
1995-12-01,14.98
1996-01-01,14.91
1996-02-01,14.93
1996-03-01,14.22
1996-04-01,13.94
1996-05-01,14.15
1996-06-01,13.94
1996-07-01,13.74
1996-08-01,13.83
1996-09-01,14.34
1996-10-01,14.82
1996-11-01,14.98
1996-12-01,14.93
1997-01-01,14.55
1997-02-01,14.32
1997-03-01,13.76
1997-04-01,13.47
1997-05-01,14.45
1997-06-01,14.54
1997-07-01,14.83
1997-08-01,14.16
1997-09-01,14.64
1997-10-01,16.29
1997-11-01,17.69
1997-12-01,18.15
1998-01-01,17.69
1998-02-01,18.04
1998-03-01,18.27
1998-04-01,18.77
1998-05-01,19.01
1998-06-01,18.33
1998-07-01,18.89
1998-08-01,18.24
1998-09-01,17.42
1998-10-01,17.13
1998-11-01,18.60
1998-12-01,18.80
1999-01-01,18.98
1999-02-01,18.58
1999-03-01,18.95
1999-04-01,19.02
1999-05-01,18.53
1999-06-01,18.06
1999-07-01,18.26
1999-08-01,17.27
1999-09-01,17.14
1999-10-01,16.96
1999-11-01,17.98
1999-12-01,17.99
2000-01-01,18.24
2000-02-01,18.24
2000-03-01,18.39
2000-04-01,18.53
2000-05-01,17.74
2000-06-01,17.74
2000-07-01,17.82
2000-08-01,18.90
2000-09-01,19.30
2000-10-01,18.94
2000-11-01,18.50
2000-12-01,17.57
2001-01-01,17.70
2001-02-01,16.17
2001-03-01,14.72
2001-04-01,14.52
2001-05-01,15.30
2001-06-01,14.98
2001-07-01,14.59
2001-08-01,14.05
2001-09-01,12.73
2001-10-01,13.06
2001-11-01,13.62
2001-12-01,13.68
2002-01-01,12.84
2002-02-01,12.52
2002-03-01,13.18
2002-04-01,12.75
2002-05-01,12.20
2002-06-01,11.66
2002-07-01,10.19
2002-08-01,10.21
2002-09-01,9.64
2002-10-01,9.62
2002-11-01,10.02
2002-12-01,9.55
2003-01-01,9.51
2003-02-01,8.60
2003-03-01,8.51
2003-04-01,9.22
2003-05-01,9.71
2003-06-01,10.22
2003-07-01,10.28
2003-08-01,10.07
2003-09-01,10.27
2003-10-01,10.35
2003-11-01,10.49
2003-12-01,10.72
2004-01-01,11.07
2004-02-01,11.19
2004-03-01,11.18
2004-04-01,11.66
2004-05-01,11.26
2004-06-01,11.45
2004-07-01,11.25
2004-08-01,10.76
2004-09-01,10.98
2004-10-01,11.04
2004-11-01,11.60
2004-12-01,12.01
2005-01-01,11.59
2005-02-01,11.36
2005-03-01,11.05
2005-04-01,10.43
2005-05-01,10.21
2005-06-01,10.11
2005-07-01,9.92
2005-08-01,9.90
2005-09-01,9.53
2005-10-01,9.14
2005-11-01,9.31
2005-12-01,9.18
2006-01-01,9.32
2006-02-01,8.69
2006-03-01,8.87
2006-04-01,8.94
2006-05-01,8.60
2006-06-01,8.16
2006-07-01,8.62
2006-08-01,8.54
2006-09-01,8.60
2006-10-01,8.54
2006-11-01,8.22
2006-12-01,8.33
2007-01-01,8.05
2007-02-01,7.76
2007-03-01,7.56
2007-04-01,8.38
2007-05-01,7.79
2007-06-01,7.26
2007-07-01,6.73
2007-08-01,6.23
2007-09-01,6.43
2007-10-01,6.57
2007-11-01,6.17
2007-12-01,6.02
2008-01-01,5.27
2008-02-01,4.46
2008-03-01,3.64
2008-04-01,3.73
2008-05-01,4.01
2008-06-01,3.55
2008-07-01,2.45
2008-08-01,3.41
2008-09-01,3.42
2008-10-01,0.98
2008-11-01,-0.96
2008-12-01,-1.39
2009-01-01,-1.99
2009-02-01,-2.66
2009-03-01,-3.50
2009-04-01,-2.78
2009-05-01,-2.14
2009-06-01,-1.81
2009-07-01,-2.12
2009-08-01,-0.97
2009-09-01,-0.56
2009-10-01,-0.19
2009-11-01,-0.67
2009-12-01,-0.73
2010-01-01,-0.58
2010-02-01,-0.62
2010-03-01,-0.43
2010-04-01,-0.18
2010-05-01,-0.49
2010-06-01,-1.16
2010-07-01,-1.26
2010-08-01,-1.27
2010-09-01,-0.83
2010-10-01,0.15
2010-11-01,0.47
2010-12-01,1.18
2011-01-01,1.48
2011-02-01,2.02
2011-03-01,2.88
2011-04-01,3.06
2011-05-01,2.44
2011-06-01,2.31
2011-07-01,2.90
2011-08-01,1.99
2011-09-01,3.13
2011-10-01,3.11
2011-11-01,2.79
2011-12-01,2.79
2012-01-01,3.31
2012-02-01,4.08
2012-03-01,3.88
2012-04-01,4.25
2012-05-01,4.22
2012-06-01,4.73
2012-07-01,6.24
2012-08-01,6.47
2012-09-01,7.31
2012-10-01,7.44
2012-11-01,6.44
2012-12-01,6.78
2013-01-01,7.26
2013-02-01,8.22
2013-03-01,8.37
2013-04-01,7.97
2013-05-01,7.89
2013-06-01,7.17
2013-07-01,7.45
2013-08-01,7.50
2013-09-01,7.29
2013-10-01,7.30
2013-11-01,7.58
2013-12-01,7.42
2014-01-01,7.00
2014-02-01,6.88
2014-03-01,7.33
2014-04-01,7.25
2014-05-01,7.69
2014-06-01,7.73
2014-07-01,8.13
2014-08-01,8.24
2014-09-01,8.13
2014-10-01,7.83
2014-11-01,7.93
2014-12-01,7.70
2015-01-01,7.73
2015-02-01,7.85
2015-03-01,7.88
2015-04-01,8.24
2015-05-01,8.20
2015-06-01,7.92
2015-07-01,7.72
2015-08-01,7.43
2015-09-01,6.90
2015-10-01,7.64
2015-11-01,7.53
2015-12-01,7.19
2016-01-01,6.32
2016-02-01,6.27
2016-03-01,6.76
2016-04-01,6.98
2016-05-01,7.03
2016-06-01,7.44
2016-07-01,7.71
2016-08-01,7.59
2016-09-01,7.28
2016-10-01,6.84
2016-11-01,6.76
2016-12-01,6.95
2017-01-01,7.02
2017-02-01,7.13
2017-03-01,7.58
2017-04-01,7.13
2017-05-01,6.95
2017-06-01,7.10
2017-07-01,7.14
2017-08-01,7.63
2017-09-01,7.48
2017-10-01,7.46
2017-11-01,8.16
2017-12-01,8.33
2018-01-01,9.60
2018-02-01,9.45
2018-03-01,9.75
2018-04-01,9.11
2018-05-01,9.04
2018-06-01,9.75
2018-07-01,10.61
2018-08-01,10.65
2018-09-01,11.38
2018-10-01,13.48
2018-11-01,14.27
2018-12-01,13.65
2019-01-01,13.98
2019-02-01,15.42
2019-03-01,16.32
2019-04-01,15.40
2019-05-01,14.49
2019-06-01,14.32
2019-07-01,14.61
2019-08-01,13.35
2019-09-01,13.29
2019-10-01,13.03
2019-11-01,13.28
2019-12-01,13.31
2020-01-01,13.53
2020-02-01,13.88
2020-03-01,10.88
2020-04-01,10.90
2020-05-01,12.21
2020-06-01,13.33
2020-07-01,13.74
2020-08-01,14.29
2020-09-01,13.84
2020-10-01,13.53
2020-11-01,13.69
2020-12-01,13.75
2021-01-01,13.67
2021-02-01,13.60
2021-03-01,13.82
2021-04-01,14.24
2021-05-01,14.25
2021-06-01,14.88
2021-07-01,14.88
2021-08-01,16.40
2021-09-01,16.48
2021-10-01,16.19
2021-11-01,16.52
2021-12-01,16.37
2022-01-01,15.59
2022-02-01,14.78
2022-03-01,14.35
2022-04-01,14.37
2022-05-01,13.79
2022-06-01,13.54
2022-07-01,13.26
2022-08-01,13.59
2022-09-01,12.40
2022-10-01,12.07
2022-11-01,12.98
2022-12-01,12.73
2023-01-01,12.42
2023-02-01,12.51
2023-03-01,11.91
2023-04-01,12.19
2023-05-01,11.77
2023-06-01,12.44
2023-07-01,12.49
2023-08-01,12.33
2023-09-01,12.35
2023-10-01,11.87
2023-11-01,12.43
2023-12-01,12.76
2024-01-01,12.84
2024-02-01,13.44
2024-03-01,13.49
2024-04-01,13.00
2024-05-01,13.38
2024-06-01,13.42
2024-07-01,13.39
2024-08-01,13.71
2024-09-01,13.75
2024-10-01,13.95
2024-11-01,13.97
2024-12-01,13.62
2025-01-01,14.06
2025-02-01,13.59
2025-03-01,12.93
2025-04-01,12.75
2025-05-01,13.33
2025-06-01,13.95
2025-07-01,14.21
2025-08-01,14.72
2025-09-01,15.66
2025-10-01,15.44
2025-11-01,15.14
2025-12-01,15.27
2026-01-01,16.21
2026-02-01,16.18
2026-03-01,14.88
2026-04-01,15.71
2026-05-01,16.34
2026-06-01,16.10
2026-07-01,15.72
2026-08-01,15.89
2026-09-01,15.90
2026-10-01,16.15
